[2026-06-01T14:58:02.257Z] [Router:MainRoute] constructor {
  "routerId": "MainRoute",
  "config": {
    "saveOrder": true
  }
}
[2026-06-01T14:58:02.258Z] [Router:MainRoute] create() called [
  "Support",
  "Introduction",
  "Home"
]
[2026-06-01T14:58:02.258Z] [Router:MainRoute] loading component Support
[2026-06-01T14:58:02.259Z] [Router:MainRoute] loading component Introduction
[2026-06-01T14:58:02.259Z] [Router:MainRoute] loading component Home
[2026-06-01T14:58:02.263Z] [Router:MainRoute] component resolved Support
[2026-06-01T14:58:02.263Z] [Router:MainRoute] create.update() error {
  "code": "ZRUI_INVALID_STATE",
  "message": "update: lifecycle operation already in flight"
}
[2026-06-01T14:58:02.264Z] [Router:MainRoute] component resolved Introduction
[2026-06-01T14:58:02.264Z] [Router:MainRoute] create.update() error {
  "code": "ZRUI_INVALID_STATE",
  "message": "update: lifecycle operation already in flight"
}
[2026-06-01T14:58:02.269Z] [Router:MainRoute] component resolved Home
[2026-06-01T14:58:02.270Z] [Router:MainRoute] create.update() error {
  "code": "ZRUI_INVALID_STATE",
  "message": "update: lifecycle operation already in flight"
}
[2026-06-01T14:58:02.289Z] [Router:MainRoute] create.update() error {
  "code": "ZRUI_INVALID_STATE",
  "message": "update: lifecycle operation already in flight"
}
[2026-06-01T14:58:02.289Z] [Router:MainRoute] create.update() error {
  "code": "ZRUI_INVALID_STATE",
  "message": "update: lifecycle operation already in flight"
}
[2026-06-01T14:58:02.289Z] [Router:MainRoute] create.update() error {
  "code": "ZRUI_INVALID_STATE",
  "message": "update: lifecycle operation already in flight"
}
[2026-06-01T14:58:02.304Z] [Router:MainRoute] create.update() error {
  "code": "ZRUI_INVALID_STATE",
  "message": "update: lifecycle operation already in flight"
}
[2026-06-01T14:58:02.304Z] [Router:MainRoute] create.update() error {
  "code": "ZRUI_INVALID_STATE",
  "message": "update: lifecycle operation already in flight"
}
[2026-06-01T14:58:02.304Z] [Router:MainRoute] create.update() error {
  "code": "ZRUI_INVALID_STATE",
  "message": "update: lifecycle operation already in flight"
}
[2026-06-01T14:58:02.320Z] [Router:MainRoute] create.update() error {
  "code": "ZRUI_INVALID_STATE",
  "message": "update: lifecycle operation already in flight"
}
[2026-06-01T14:58:02.320Z] [Router:MainRoute] create.update() error {
  "code": "ZRUI_INVALID_STATE",
  "message": "update: lifecycle operation already in flight"
}
[2026-06-01T14:58:02.320Z] [Router:MainRoute] create.update() error {
  "code": "ZRUI_INVALID_STATE",
  "message": "update: lifecycle operation already in flight"
}
[2026-06-01T14:58:02.327Z] [Router:MainRoute] current() -> no routerBundles 
[2026-06-01T14:58:02.345Z] [Router:MainRoute] create.update() before {
  "dataId": "Support",
  "bundleKeys": [],
  "routeBucketKeys": []
}
[2026-06-01T14:58:02.346Z] [Router:MainRoute] create.update() after {
  "dataId": "Support",
  "routeBucketKeys": [
    "Support"
  ]
}
[2026-06-01T14:58:02.346Z] [Router:MainRoute] debugBundles [
  {
    "id": "Support",
    "active": false
  }
]
[2026-06-01T14:58:02.346Z] [Router:MainRoute] current() {
  "active": null,
  "available": [
    {
      "id": "Support",
      "active": false
    }
  ]
}
[2026-06-01T14:58:02.348Z] [Router:MainRoute] create.update() before {
  "dataId": "Introduction",
  "bundleKeys": [
    "MainRoute"
  ],
  "routeBucketKeys": [
    "Support"
  ]
}
[2026-06-01T14:58:02.349Z] [Router:MainRoute] create.update() after {
  "dataId": "Introduction",
  "routeBucketKeys": [
    "Support",
    "Introduction"
  ]
}
[2026-06-01T14:58:02.349Z] [Router:MainRoute] debugBundles [
  {
    "id": "Support",
    "active": false
  },
  {
    "id": "Introduction",
    "active": false
  }
]
[2026-06-01T14:58:02.349Z] [Router:MainRoute] create.update() before {
  "dataId": "Home",
  "bundleKeys": [
    "MainRoute"
  ],
  "routeBucketKeys": [
    "Support",
    "Introduction"
  ]
}
[2026-06-01T14:58:02.349Z] [Router:MainRoute] create.update() after {
  "dataId": "Home",
  "routeBucketKeys": [
    "Support",
    "Introduction",
    "Home"
  ]
}
[2026-06-01T14:58:02.349Z] [Router:MainRoute] debugBundles [
  {
    "id": "Support",
    "active": false
  },
  {
    "id": "Introduction",
    "active": false
  },
  {
    "id": "Home",
    "active": true
  }
]
[2026-06-01T14:58:02.351Z] [Router:MainRoute] current() {
  "active": "Home",
  "available": [
    {
      "id": "Support",
      "active": false
    },
    {
      "id": "Introduction",
      "active": false
    },
    {
      "id": "Home",
      "active": true
    }
  ]
}
[2026-06-01T14:59:36.700Z] [Router:MainRoute] constructor {
  "routerId": "MainRoute",
  "config": {
    "saveOrder": true
  }
}
[2026-06-01T14:59:36.700Z] [Router:MainRoute] create() called [
  "Support",
  "Introduction",
  "Home"
]
[2026-06-01T14:59:36.700Z] [Router:MainRoute] loading component Support
[2026-06-01T14:59:36.701Z] [Router:MainRoute] loading component Introduction
[2026-06-01T14:59:36.701Z] [Router:MainRoute] loading component Home
[2026-06-01T14:59:36.704Z] [Router:MainRoute] component resolved Support
[2026-06-01T14:59:36.704Z] [Router:MainRoute] create.update() error {
  "code": "ZRUI_INVALID_STATE",
  "message": "update: lifecycle operation already in flight"
}
[2026-06-01T14:59:36.705Z] [Router:MainRoute] component resolved Introduction
[2026-06-01T14:59:36.705Z] [Router:MainRoute] create.update() error {
  "code": "ZRUI_INVALID_STATE",
  "message": "update: lifecycle operation already in flight"
}
[2026-06-01T14:59:36.707Z] [Router:MainRoute] Failed to load bundle Home {
  "message": "Unexpected }"
}
[2026-06-01T14:59:36.723Z] [Router:MainRoute] create.update() error {
  "code": "ZRUI_INVALID_STATE",
  "message": "update: lifecycle operation already in flight"
}
[2026-06-01T14:59:36.723Z] [Router:MainRoute] create.update() error {
  "code": "ZRUI_INVALID_STATE",
  "message": "update: lifecycle operation already in flight"
}
[2026-06-01T14:59:36.738Z] [Router:MainRoute] create.update() error {
  "code": "ZRUI_INVALID_STATE",
  "message": "update: lifecycle operation already in flight"
}
[2026-06-01T14:59:36.738Z] [Router:MainRoute] create.update() error {
  "code": "ZRUI_INVALID_STATE",
  "message": "update: lifecycle operation already in flight"
}
[2026-06-01T14:59:36.753Z] [Router:MainRoute] create.update() error {
  "code": "ZRUI_INVALID_STATE",
  "message": "update: lifecycle operation already in flight"
}
[2026-06-01T14:59:36.754Z] [Router:MainRoute] create.update() error {
  "code": "ZRUI_INVALID_STATE",
  "message": "update: lifecycle operation already in flight"
}
[2026-06-01T14:59:36.760Z] [Router:MainRoute] current() -> no routerBundles 
[2026-06-01T14:59:36.786Z] [Router:MainRoute] create.update() before {
  "dataId": "Support",
  "bundleKeys": [],
  "routeBucketKeys": []
}
[2026-06-01T14:59:36.786Z] [Router:MainRoute] create.update() after {
  "dataId": "Support",
  "routeBucketKeys": [
    "Support"
  ]
}
[2026-06-01T14:59:36.786Z] [Router:MainRoute] debugBundles [
  {
    "id": "Support",
    "active": false
  }
]
[2026-06-01T14:59:36.787Z] [Router:MainRoute] current() {
  "active": null,
  "available": [
    {
      "id": "Support",
      "active": false
    }
  ]
}
[2026-06-01T14:59:36.788Z] [Router:MainRoute] create.update() before {
  "dataId": "Introduction",
  "bundleKeys": [
    "MainRoute"
  ],
  "routeBucketKeys": [
    "Support"
  ]
}
[2026-06-01T14:59:36.789Z] [Router:MainRoute] create.update() after {
  "dataId": "Introduction",
  "routeBucketKeys": [
    "Support",
    "Introduction"
  ]
}
[2026-06-01T14:59:36.789Z] [Router:MainRoute] debugBundles [
  {
    "id": "Support",
    "active": false
  },
  {
    "id": "Introduction",
    "active": false
  }
]
[2026-06-01T14:59:36.789Z] [Router:MainRoute] current() {
  "active": null,
  "available": [
    {
      "id": "Support",
      "active": false
    },
    {
      "id": "Introduction",
      "active": false
    }
  ]
}
[2026-06-01T14:59:39.364Z] [Router:MainRoute] order getter initialized history []
[2026-06-01T14:59:39.364Z] [Router:MainRoute] currentPage getter {
  "result": null,
  "history": []
}
[2026-06-01T14:59:39.365Z] [Router:MainRoute] page setter {
  "targetId": "Support",
  "currentPageBefore": null,
  "historyBefore": []
}
[2026-06-01T14:59:39.365Z] [Router:MainRoute] currentPage getter {
  "result": null,
  "history": []
}
[2026-06-01T14:59:39.365Z] [Router:MainRoute] go() called {
  "targetId": "Support",
  "currentPageGetter": null,
  "historyBefore": [],
  "saveOrder": true
}
[2026-06-01T14:59:39.366Z] [Router:MainRoute] getActivePageFromState() {
  "active": null,
  "history": []
}
[2026-06-01T14:59:39.366Z] [Router:MainRoute] go().update() start {
  "currentId": null,
  "targetId": "Support",
  "historyBefore": []
}
[2026-06-01T14:59:39.366Z] [Router:MainRoute] go().update() did NOT push history {
  "saveOrder": true,
  "currentId": null,
  "targetId": "Support",
  "history": []
}
[2026-06-01T14:59:39.367Z] [Router:MainRoute] getActivePageFromState() {
  "active": null,
  "history": []
}
[2026-06-01T14:59:39.367Z] [Router:MainRoute] setActivePageInState() before {
  "targetId": "Support",
  "routeBucketKeys": [
    "Support",
    "Introduction"
  ],
  "activeBefore": null
}
[2026-06-01T14:59:39.367Z] [Router:MainRoute] setActivePageInState() after {
  "targetId": "Support",
  "activeAfter": "Support",
  "version": 1
}
[2026-06-01T14:59:39.367Z] [Router:MainRoute] debugBundles [
  {
    "id": "Support",
    "active": true
  },
  {
    "id": "Introduction",
    "active": false
  }
]
[2026-06-01T14:59:39.367Z] [Router:MainRoute] currentPage getter {
  "result": "Support",
  "history": []
}
[2026-06-01T14:59:39.367Z] [Router:MainRoute] go().update() end {
  "targetId": "Support",
  "currentPageGetterAfter": "Support",
  "historyAfter": []
}
[2026-06-01T14:59:39.368Z] [Router:MainRoute] current() {
  "active": "Support",
  "available": [
    {
      "id": "Support",
      "active": true
    },
    {
      "id": "Introduction",
      "active": false
    }
  ]
}
[2026-06-01T14:59:41.218Z] [Router:MainRoute] currentPage getter {
  "result": "Support",
  "history": []
}
[2026-06-01T14:59:41.219Z] [Router:MainRoute] currentPage getter {
  "result": "Support",
  "history": []
}
[2026-06-01T14:59:41.219Z] [Router:MainRoute] page setter {
  "targetId": "Introduction",
  "currentPageBefore": "Support",
  "historyBefore": []
}
[2026-06-01T14:59:41.219Z] [Router:MainRoute] currentPage getter {
  "result": "Support",
  "history": []
}
[2026-06-01T14:59:41.219Z] [Router:MainRoute] go() called {
  "targetId": "Introduction",
  "currentPageGetter": "Support",
  "historyBefore": [],
  "saveOrder": true
}
[2026-06-01T14:59:41.219Z] [Router:MainRoute] currentPage getter {
  "result": "Support",
  "history": []
}
[2026-06-01T14:59:41.219Z] [Router:MainRoute] getActivePageFromState() {
  "active": "Support",
  "history": []
}
[2026-06-01T14:59:41.219Z] [Router:MainRoute] go().update() start {
  "currentId": "Support",
  "targetId": "Introduction",
  "historyBefore": []
}
[2026-06-01T14:59:41.220Z] [Router:MainRoute] order setter {
  "before": [],
  "after": [
    "Support"
  ]
}
[2026-06-01T14:59:41.220Z] [Router:MainRoute] go().update() pushed history {
  "pushed": "Support",
  "historyAfterPush": [
    "Support"
  ]
}
[2026-06-01T14:59:41.220Z] [Router:MainRoute] getActivePageFromState() {
  "active": "Support",
  "history": [
    "Support"
  ]
}
[2026-06-01T14:59:41.220Z] [Router:MainRoute] setActivePageInState() before {
  "targetId": "Introduction",
  "routeBucketKeys": [
    "Support",
    "Introduction"
  ],
  "activeBefore": "Support"
}
[2026-06-01T14:59:41.220Z] [Router:MainRoute] setActivePageInState() after {
  "targetId": "Introduction",
  "activeAfter": "Introduction",
  "version": 2
}
[2026-06-01T14:59:41.220Z] [Router:MainRoute] debugBundles [
  {
    "id": "Support",
    "active": false
  },
  {
    "id": "Introduction",
    "active": true
  }
]
[2026-06-01T14:59:41.220Z] [Router:MainRoute] currentPage getter {
  "result": "Introduction",
  "history": [
    "Support"
  ]
}
[2026-06-01T14:59:41.220Z] [Router:MainRoute] go().update() end {
  "targetId": "Introduction",
  "currentPageGetterAfter": "Introduction",
  "historyAfter": [
    "Support"
  ]
}
[2026-06-01T14:59:41.221Z] [Router:MainRoute] current() {
  "active": "Introduction",
  "available": [
    {
      "id": "Support",
      "active": false
    },
    {
      "id": "Introduction",
      "active": true
    }
  ]
}
[2026-06-01T14:59:41.356Z] [Router:MainRoute] currentPage getter {
  "result": "Introduction",
  "history": [
    "Support"
  ]
}
[2026-06-01T14:59:41.356Z] [Router:MainRoute] currentPage getter {
  "result": "Introduction",
  "history": [
    "Support"
  ]
}
[2026-06-01T14:59:41.357Z] [Router:MainRoute] currentPage getter {
  "result": "Introduction",
  "history": [
    "Support"
  ]
}
[2026-06-01T14:59:41.357Z] [Router:MainRoute] page setter {
  "targetId": "Home",
  "currentPageBefore": "Introduction",
  "historyBefore": [
    "Support"
  ]
}
[2026-06-01T14:59:41.357Z] [Router:MainRoute] currentPage getter {
  "result": "Introduction",
  "history": [
    "Support"
  ]
}
[2026-06-01T14:59:41.357Z] [Router:MainRoute] go() called {
  "targetId": "Home",
  "currentPageGetter": "Introduction",
  "historyBefore": [
    "Support"
  ],
  "saveOrder": true
}
[2026-06-01T14:59:41.357Z] [Router:MainRoute] getActivePageFromState() {
  "active": "Introduction",
  "history": [
    "Support"
  ]
}
[2026-06-01T14:59:41.357Z] [Router:MainRoute] go().update() start {
  "currentId": "Introduction",
  "targetId": "Home",
  "historyBefore": [
    "Support"
  ]
}
[2026-06-01T14:59:41.358Z] [Router:MainRoute] order setter {
  "before": [
    "Support"
  ],
  "after": [
    "Support",
    "Introduction"
  ]
}
[2026-06-01T14:59:41.358Z] [Router:MainRoute] go().update() pushed history {
  "pushed": "Introduction",
  "historyAfterPush": [
    "Support",
    "Introduction"
  ]
}
[2026-06-01T14:59:41.358Z] [Router:MainRoute] getActivePageFromState() {
  "active": "Introduction",
  "history": [
    "Support",
    "Introduction"
  ]
}
[2026-06-01T14:59:41.358Z] [Router:MainRoute] setActivePageInState() before {
  "targetId": "Home",
  "routeBucketKeys": [
    "Support",
    "Introduction"
  ],
  "activeBefore": "Introduction"
}
[2026-06-01T14:59:41.358Z] [Router:MainRoute] setActivePageInState() after {
  "targetId": "Home",
  "activeAfter": null,
  "version": 3
}
[2026-06-01T14:59:41.358Z] [Router:MainRoute] debugBundles [
  {
    "id": "Support",
    "active": false
  },
  {
    "id": "Introduction",
    "active": false
  }
]
[2026-06-01T14:59:41.358Z] [Router:MainRoute] currentPage getter {
  "result": null,
  "history": [
    "Support",
    "Introduction"
  ]
}
[2026-06-01T14:59:41.359Z] [Router:MainRoute] go().update() end {
  "targetId": "Home",
  "currentPageGetterAfter": null,
  "historyAfter": [
    "Support",
    "Introduction"
  ]
}
[2026-06-01T14:59:41.359Z] [Router:MainRoute] current() {
  "active": null,
  "available": [
    {
      "id": "Support",
      "active": false
    },
    {
      "id": "Introduction",
      "active": false
    }
  ]
}
[2026-06-01T14:59:41.523Z] [Router:MainRoute] currentPage getter {
  "result": null,
  "history": [
    "Support",
    "Introduction"
  ]
}
[2026-06-01T14:59:41.523Z] [Router:MainRoute] currentPage getter {
  "result": null,
  "history": [
    "Support",
    "Introduction"
  ]
}
[2026-06-01T14:59:42.539Z] [Router:MainRoute] currentPage getter {
  "result": null,
  "history": [
    "Support",
    "Introduction"
  ]
}
[2026-06-01T14:59:42.540Z] [Router:MainRoute] page setter {
  "targetId": "Support",
  "currentPageBefore": null,
  "historyBefore": [
    "Support",
    "Introduction"
  ]
}
[2026-06-01T14:59:42.540Z] [Router:MainRoute] currentPage getter {
  "result": null,
  "history": [
    "Support",
    "Introduction"
  ]
}
[2026-06-01T14:59:42.540Z] [Router:MainRoute] go() called {
  "targetId": "Support",
  "currentPageGetter": null,
  "historyBefore": [
    "Support",
    "Introduction"
  ],
  "saveOrder": true
}
[2026-06-01T14:59:42.540Z] [Router:MainRoute] getActivePageFromState() {
  "active": null,
  "history": [
    "Support",
    "Introduction"
  ]
}
[2026-06-01T14:59:42.540Z] [Router:MainRoute] go().update() start {
  "currentId": null,
  "targetId": "Support",
  "historyBefore": [
    "Support",
    "Introduction"
  ]
}
[2026-06-01T14:59:42.540Z] [Router:MainRoute] go().update() did NOT push history {
  "saveOrder": true,
  "currentId": null,
  "targetId": "Support",
  "history": [
    "Support",
    "Introduction"
  ]
}
[2026-06-01T14:59:42.540Z] [Router:MainRoute] getActivePageFromState() {
  "active": null,
  "history": [
    "Support",
    "Introduction"
  ]
}
[2026-06-01T14:59:42.541Z] [Router:MainRoute] setActivePageInState() before {
  "targetId": "Support",
  "routeBucketKeys": [
    "Support",
    "Introduction"
  ],
  "activeBefore": null
}
[2026-06-01T14:59:42.541Z] [Router:MainRoute] setActivePageInState() after {
  "targetId": "Support",
  "activeAfter": "Support",
  "version": 4
}
[2026-06-01T14:59:42.541Z] [Router:MainRoute] debugBundles [
  {
    "id": "Support",
    "active": true
  },
  {
    "id": "Introduction",
    "active": false
  }
]
[2026-06-01T14:59:42.541Z] [Router:MainRoute] currentPage getter {
  "result": "Support",
  "history": [
    "Support",
    "Introduction"
  ]
}
[2026-06-01T14:59:42.541Z] [Router:MainRoute] go().update() end {
  "targetId": "Support",
  "currentPageGetterAfter": "Support",
  "historyAfter": [
    "Support",
    "Introduction"
  ]
}
[2026-06-01T14:59:42.543Z] [Router:MainRoute] current() {
  "active": "Support",
  "available": [
    {
      "id": "Support",
      "active": true
    },
    {
      "id": "Introduction",
      "active": false
    }
  ]
}
[2026-06-01T14:59:42.694Z] [Router:MainRoute] currentPage getter {
  "result": "Support",
  "history": [
    "Support",
    "Introduction"
  ]
}
[2026-06-01T14:59:42.694Z] [Router:MainRoute] page setter {
  "targetId": "Support",
  "currentPageBefore": "Support",
  "historyBefore": [
    "Support",
    "Introduction"
  ]
}
[2026-06-01T14:59:42.694Z] [Router:MainRoute] currentPage getter {
  "result": "Support",
  "history": [
    "Support",
    "Introduction"
  ]
}
[2026-06-01T14:59:42.694Z] [Router:MainRoute] go() called {
  "targetId": "Support",
  "currentPageGetter": "Support",
  "historyBefore": [
    "Support",
    "Introduction"
  ],
  "saveOrder": true
}
[2026-06-01T14:59:42.694Z] [Router:MainRoute] getActivePageFromState() {
  "active": "Support",
  "history": [
    "Support",
    "Introduction"
  ]
}
[2026-06-01T14:59:42.695Z] [Router:MainRoute] go().update() start {
  "currentId": "Support",
  "targetId": "Support",
  "historyBefore": [
    "Support",
    "Introduction"
  ]
}
[2026-06-01T14:59:42.695Z] [Router:MainRoute] go().update() did NOT push history {
  "saveOrder": true,
  "currentId": "Support",
  "targetId": "Support",
  "history": [
    "Support",
    "Introduction"
  ]
}
[2026-06-01T14:59:42.695Z] [Router:MainRoute] getActivePageFromState() {
  "active": "Support",
  "history": [
    "Support",
    "Introduction"
  ]
}
[2026-06-01T14:59:42.695Z] [Router:MainRoute] setActivePageInState() before {
  "targetId": "Support",
  "routeBucketKeys": [
    "Support",
    "Introduction"
  ],
  "activeBefore": "Support"
}
[2026-06-01T14:59:42.695Z] [Router:MainRoute] setActivePageInState() after {
  "targetId": "Support",
  "activeAfter": "Support",
  "version": 5
}
[2026-06-01T14:59:42.695Z] [Router:MainRoute] debugBundles [
  {
    "id": "Support",
    "active": true
  },
  {
    "id": "Introduction",
    "active": false
  }
]
[2026-06-01T14:59:42.695Z] [Router:MainRoute] currentPage getter {
  "result": "Support",
  "history": [
    "Support",
    "Introduction"
  ]
}
[2026-06-01T14:59:42.696Z] [Router:MainRoute] go().update() end {
  "targetId": "Support",
  "currentPageGetterAfter": "Support",
  "historyAfter": [
    "Support",
    "Introduction"
  ]
}
[2026-06-01T14:59:42.696Z] [Router:MainRoute] current() {
  "active": "Support",
  "available": [
    {
      "id": "Support",
      "active": true
    },
    {
      "id": "Introduction",
      "active": false
    }
  ]
}
[2026-06-01T14:59:42.817Z] [Router:MainRoute] currentPage getter {
  "result": "Support",
  "history": [
    "Support",
    "Introduction"
  ]
}
[2026-06-01T14:59:42.817Z] [Router:MainRoute] page setter {
  "targetId": "Support",
  "currentPageBefore": "Support",
  "historyBefore": [
    "Support",
    "Introduction"
  ]
}
[2026-06-01T14:59:42.817Z] [Router:MainRoute] currentPage getter {
  "result": "Support",
  "history": [
    "Support",
    "Introduction"
  ]
}
[2026-06-01T14:59:42.817Z] [Router:MainRoute] go() called {
  "targetId": "Support",
  "currentPageGetter": "Support",
  "historyBefore": [
    "Support",
    "Introduction"
  ],
  "saveOrder": true
}
[2026-06-01T14:59:42.818Z] [Router:MainRoute] getActivePageFromState() {
  "active": "Support",
  "history": [
    "Support",
    "Introduction"
  ]
}
[2026-06-01T14:59:42.818Z] [Router:MainRoute] go().update() start {
  "currentId": "Support",
  "targetId": "Support",
  "historyBefore": [
    "Support",
    "Introduction"
  ]
}
[2026-06-01T14:59:42.818Z] [Router:MainRoute] go().update() did NOT push history {
  "saveOrder": true,
  "currentId": "Support",
  "targetId": "Support",
  "history": [
    "Support",
    "Introduction"
  ]
}
[2026-06-01T14:59:42.818Z] [Router:MainRoute] getActivePageFromState() {
  "active": "Support",
  "history": [
    "Support",
    "Introduction"
  ]
}
[2026-06-01T14:59:42.818Z] [Router:MainRoute] setActivePageInState() before {
  "targetId": "Support",
  "routeBucketKeys": [
    "Support",
    "Introduction"
  ],
  "activeBefore": "Support"
}
[2026-06-01T14:59:42.818Z] [Router:MainRoute] setActivePageInState() after {
  "targetId": "Support",
  "activeAfter": "Support",
  "version": 6
}
[2026-06-01T14:59:42.818Z] [Router:MainRoute] debugBundles [
  {
    "id": "Support",
    "active": true
  },
  {
    "id": "Introduction",
    "active": false
  }
]
[2026-06-01T14:59:42.818Z] [Router:MainRoute] currentPage getter {
  "result": "Support",
  "history": [
    "Support",
    "Introduction"
  ]
}
[2026-06-01T14:59:42.819Z] [Router:MainRoute] go().update() end {
  "targetId": "Support",
  "currentPageGetterAfter": "Support",
  "historyAfter": [
    "Support",
    "Introduction"
  ]
}
[2026-06-01T14:59:42.819Z] [Router:MainRoute] current() {
  "active": "Support",
  "available": [
    {
      "id": "Support",
      "active": true
    },
    {
      "id": "Introduction",
      "active": false
    }
  ]
}
[2026-06-01T14:59:43.340Z] [Router:MainRoute] currentPage getter {
  "result": "Support",
  "history": [
    "Support",
    "Introduction"
  ]
}
[2026-06-01T14:59:43.341Z] [Router:MainRoute] back() called {
  "previous": "Introduction",
  "historyBefore": [
    "Support",
    "Introduction"
  ],
  "currentPageGetter": "Support"
}
[2026-06-01T14:59:43.341Z] [Router:MainRoute] order setter {
  "before": [
    "Support",
    "Introduction"
  ],
  "after": [
    "Support"
  ]
}
[2026-06-01T14:59:43.341Z] [Router:MainRoute] back() consumed history {
  "previous": "Introduction",
  "historyAfterPop": [
    "Support"
  ]
}
[2026-06-01T14:59:43.341Z] [Router:MainRoute] getActivePageFromState() {
  "active": "Support",
  "history": [
    "Support"
  ]
}
[2026-06-01T14:59:43.341Z] [Router:MainRoute] back().update() start {
  "previous": "Introduction",
  "currentFromState": "Support",
  "historyNow": [
    "Support"
  ]
}
[2026-06-01T14:59:43.341Z] [Router:MainRoute] getActivePageFromState() {
  "active": "Support",
  "history": [
    "Support"
  ]
}
[2026-06-01T14:59:43.341Z] [Router:MainRoute] setActivePageInState() before {
  "targetId": "Introduction",
  "routeBucketKeys": [
    "Support",
    "Introduction"
  ],
  "activeBefore": "Support"
}
[2026-06-01T14:59:43.341Z] [Router:MainRoute] setActivePageInState() after {
  "targetId": "Introduction",
  "activeAfter": "Introduction",
  "version": 7
}
[2026-06-01T14:59:43.341Z] [Router:MainRoute] debugBundles [
  {
    "id": "Support",
    "active": false
  },
  {
    "id": "Introduction",
    "active": true
  }
]
[2026-06-01T14:59:43.342Z] [Router:MainRoute] currentPage getter {
  "result": "Introduction",
  "history": [
    "Support"
  ]
}
[2026-06-01T14:59:43.342Z] [Router:MainRoute] back().update() end {
  "previous": "Introduction",
  "currentPageGetterAfter": "Introduction",
  "historyAfter": [
    "Support"
  ]
}
[2026-06-01T14:59:43.342Z] [Router:MainRoute] current() {
  "active": "Introduction",
  "available": [
    {
      "id": "Support",
      "active": false
    },
    {
      "id": "Introduction",
      "active": true
    }
  ]
}
[2026-06-01T14:59:43.676Z] [Router:MainRoute] currentPage getter {
  "result": "Introduction",
  "history": [
    "Support"
  ]
}
[2026-06-01T14:59:43.676Z] [Router:MainRoute] back() called {
  "previous": "Support",
  "historyBefore": [
    "Support"
  ],
  "currentPageGetter": "Introduction"
}
[2026-06-01T14:59:43.677Z] [Router:MainRoute] order setter {
  "before": [
    "Support"
  ],
  "after": []
}
[2026-06-01T14:59:43.677Z] [Router:MainRoute] back() consumed history {
  "previous": "Support",
  "historyAfterPop": []
}
[2026-06-01T14:59:43.677Z] [Router:MainRoute] getActivePageFromState() {
  "active": "Introduction",
  "history": []
}
[2026-06-01T14:59:43.677Z] [Router:MainRoute] back().update() start {
  "previous": "Support",
  "currentFromState": "Introduction",
  "historyNow": []
}
[2026-06-01T14:59:43.677Z] [Router:MainRoute] getActivePageFromState() {
  "active": "Introduction",
  "history": []
}
[2026-06-01T14:59:43.677Z] [Router:MainRoute] setActivePageInState() before {
  "targetId": "Support",
  "routeBucketKeys": [
    "Support",
    "Introduction"
  ],
  "activeBefore": "Introduction"
}
[2026-06-01T14:59:43.677Z] [Router:MainRoute] setActivePageInState() after {
  "targetId": "Support",
  "activeAfter": "Support",
  "version": 8
}
[2026-06-01T14:59:43.677Z] [Router:MainRoute] debugBundles [
  {
    "id": "Support",
    "active": true
  },
  {
    "id": "Introduction",
    "active": false
  }
]
[2026-06-01T14:59:43.678Z] [Router:MainRoute] currentPage getter {
  "result": "Support",
  "history": []
}
[2026-06-01T14:59:43.678Z] [Router:MainRoute] back().update() end {
  "previous": "Support",
  "currentPageGetterAfter": "Support",
  "historyAfter": []
}
[2026-06-01T14:59:43.678Z] [Router:MainRoute] current() {
  "active": "Support",
  "available": [
    {
      "id": "Support",
      "active": true
    },
    {
      "id": "Introduction",
      "active": false
    }
  ]
}
[2026-06-01T14:59:43.985Z] [Router:MainRoute] currentPage getter {
  "result": "Support",
  "history": []
}
[2026-06-01T14:59:43.985Z] [Router:MainRoute] back() called {
  "historyBefore": [],
  "currentPageGetter": "Support"
}
[2026-06-01T14:59:43.986Z] [Router:MainRoute] back() aborted {
  "hasPrevious": false,
  "hasApp": true
}
[2026-06-01T14:59:44.187Z] [Router:MainRoute] currentPage getter {
  "result": "Support",
  "history": []
}
[2026-06-01T14:59:44.187Z] [Router:MainRoute] back() called {
  "historyBefore": [],
  "currentPageGetter": "Support"
}
[2026-06-01T14:59:44.187Z] [Router:MainRoute] back() aborted {
  "hasPrevious": false,
  "hasApp": true
}
[2026-06-01T14:59:45.009Z] [Router:MainRoute] currentPage getter {
  "result": "Support",
  "history": []
}
[2026-06-01T14:59:45.009Z] [Router:MainRoute] page setter {
  "targetId": "Support",
  "currentPageBefore": "Support",
  "historyBefore": []
}
[2026-06-01T14:59:45.010Z] [Router:MainRoute] currentPage getter {
  "result": "Support",
  "history": []
}
[2026-06-01T14:59:45.010Z] [Router:MainRoute] go() called {
  "targetId": "Support",
  "currentPageGetter": "Support",
  "historyBefore": [],
  "saveOrder": true
}
[2026-06-01T14:59:45.010Z] [Router:MainRoute] getActivePageFromState() {
  "active": "Support",
  "history": []
}
[2026-06-01T14:59:45.010Z] [Router:MainRoute] go().update() start {
  "currentId": "Support",
  "targetId": "Support",
  "historyBefore": []
}
[2026-06-01T14:59:45.010Z] [Router:MainRoute] go().update() did NOT push history {
  "saveOrder": true,
  "currentId": "Support",
  "targetId": "Support",
  "history": []
}
[2026-06-01T14:59:45.010Z] [Router:MainRoute] getActivePageFromState() {
  "active": "Support",
  "history": []
}
[2026-06-01T14:59:45.011Z] [Router:MainRoute] setActivePageInState() before {
  "targetId": "Support",
  "routeBucketKeys": [
    "Support",
    "Introduction"
  ],
  "activeBefore": "Support"
}
[2026-06-01T14:59:45.011Z] [Router:MainRoute] setActivePageInState() after {
  "targetId": "Support",
  "activeAfter": "Support",
  "version": 9
}
[2026-06-01T14:59:45.011Z] [Router:MainRoute] debugBundles [
  {
    "id": "Support",
    "active": true
  },
  {
    "id": "Introduction",
    "active": false
  }
]
[2026-06-01T14:59:45.011Z] [Router:MainRoute] currentPage getter {
  "result": "Support",
  "history": []
}
[2026-06-01T14:59:45.011Z] [Router:MainRoute] go().update() end {
  "targetId": "Support",
  "currentPageGetterAfter": "Support",
  "historyAfter": []
}
[2026-06-01T14:59:45.011Z] [Router:MainRoute] current() {
  "active": "Support",
  "available": [
    {
      "id": "Support",
      "active": true
    },
    {
      "id": "Introduction",
      "active": false
    }
  ]
}
[2026-06-01T14:59:45.148Z] [Router:MainRoute] currentPage getter {
  "result": "Support",
  "history": []
}
[2026-06-01T14:59:45.149Z] [Router:MainRoute] page setter {
  "targetId": "Support",
  "currentPageBefore": "Support",
  "historyBefore": []
}
[2026-06-01T14:59:45.149Z] [Router:MainRoute] currentPage getter {
  "result": "Support",
  "history": []
}
[2026-06-01T14:59:45.149Z] [Router:MainRoute] go() called {
  "targetId": "Support",
  "currentPageGetter": "Support",
  "historyBefore": [],
  "saveOrder": true
}
[2026-06-01T14:59:45.150Z] [Router:MainRoute] getActivePageFromState() {
  "active": "Support",
  "history": []
}
[2026-06-01T14:59:45.150Z] [Router:MainRoute] go().update() start {
  "currentId": "Support",
  "targetId": "Support",
  "historyBefore": []
}
[2026-06-01T14:59:45.150Z] [Router:MainRoute] go().update() did NOT push history {
  "saveOrder": true,
  "currentId": "Support",
  "targetId": "Support",
  "history": []
}
[2026-06-01T14:59:45.150Z] [Router:MainRoute] getActivePageFromState() {
  "active": "Support",
  "history": []
}
[2026-06-01T14:59:45.150Z] [Router:MainRoute] setActivePageInState() before {
  "targetId": "Support",
  "routeBucketKeys": [
    "Support",
    "Introduction"
  ],
  "activeBefore": "Support"
}
[2026-06-01T14:59:45.150Z] [Router:MainRoute] setActivePageInState() after {
  "targetId": "Support",
  "activeAfter": "Support",
  "version": 10
}
[2026-06-01T14:59:45.150Z] [Router:MainRoute] debugBundles [
  {
    "id": "Support",
    "active": true
  },
  {
    "id": "Introduction",
    "active": false
  }
]
[2026-06-01T14:59:45.151Z] [Router:MainRoute] currentPage getter {
  "result": "Support",
  "history": []
}
[2026-06-01T14:59:45.151Z] [Router:MainRoute] go().update() end {
  "targetId": "Support",
  "currentPageGetterAfter": "Support",
  "historyAfter": []
}
[2026-06-01T14:59:45.151Z] [Router:MainRoute] current() {
  "active": "Support",
  "available": [
    {
      "id": "Support",
      "active": true
    },
    {
      "id": "Introduction",
      "active": false
    }
  ]
}
[2026-06-01T14:59:45.711Z] [Router:MainRoute] currentPage getter {
  "result": "Support",
  "history": []
}
[2026-06-01T14:59:45.711Z] [Router:MainRoute] page setter {
  "targetId": "Support",
  "currentPageBefore": "Support",
  "historyBefore": []
}
[2026-06-01T14:59:45.711Z] [Router:MainRoute] currentPage getter {
  "result": "Support",
  "history": []
}
[2026-06-01T14:59:45.711Z] [Router:MainRoute] go() called {
  "targetId": "Support",
  "currentPageGetter": "Support",
  "historyBefore": [],
  "saveOrder": true
}
[2026-06-01T14:59:45.711Z] [Router:MainRoute] getActivePageFromState() {
  "active": "Support",
  "history": []
}
[2026-06-01T14:59:45.712Z] [Router:MainRoute] go().update() start {
  "currentId": "Support",
  "targetId": "Support",
  "historyBefore": []
}
[2026-06-01T14:59:45.712Z] [Router:MainRoute] go().update() did NOT push history {
  "saveOrder": true,
  "currentId": "Support",
  "targetId": "Support",
  "history": []
}
[2026-06-01T14:59:45.712Z] [Router:MainRoute] getActivePageFromState() {
  "active": "Support",
  "history": []
}
[2026-06-01T14:59:45.712Z] [Router:MainRoute] setActivePageInState() before {
  "targetId": "Support",
  "routeBucketKeys": [
    "Support",
    "Introduction"
  ],
  "activeBefore": "Support"
}
[2026-06-01T14:59:45.712Z] [Router:MainRoute] setActivePageInState() after {
  "targetId": "Support",
  "activeAfter": "Support",
  "version": 11
}
[2026-06-01T14:59:45.713Z] [Router:MainRoute] debugBundles [
  {
    "id": "Support",
    "active": true
  },
  {
    "id": "Introduction",
    "active": false
  }
]
[2026-06-01T14:59:45.713Z] [Router:MainRoute] currentPage getter {
  "result": "Support",
  "history": []
}
[2026-06-01T14:59:45.713Z] [Router:MainRoute] go().update() end {
  "targetId": "Support",
  "currentPageGetterAfter": "Support",
  "historyAfter": []
}
[2026-06-01T14:59:45.713Z] [Router:MainRoute] current() {
  "active": "Support",
  "available": [
    {
      "id": "Support",
      "active": true
    },
    {
      "id": "Introduction",
      "active": false
    }
  ]
}
[2026-06-01T14:59:45.850Z] [Router:MainRoute] currentPage getter {
  "result": "Support",
  "history": []
}
[2026-06-01T14:59:45.850Z] [Router:MainRoute] page setter {
  "targetId": "Support",
  "currentPageBefore": "Support",
  "historyBefore": []
}
[2026-06-01T14:59:45.850Z] [Router:MainRoute] currentPage getter {
  "result": "Support",
  "history": []
}
[2026-06-01T14:59:45.850Z] [Router:MainRoute] go() called {
  "targetId": "Support",
  "currentPageGetter": "Support",
  "historyBefore": [],
  "saveOrder": true
}
[2026-06-01T14:59:45.850Z] [Router:MainRoute] getActivePageFromState() {
  "active": "Support",
  "history": []
}
[2026-06-01T14:59:45.851Z] [Router:MainRoute] go().update() start {
  "currentId": "Support",
  "targetId": "Support",
  "historyBefore": []
}
[2026-06-01T14:59:45.851Z] [Router:MainRoute] go().update() did NOT push history {
  "saveOrder": true,
  "currentId": "Support",
  "targetId": "Support",
  "history": []
}
[2026-06-01T14:59:45.851Z] [Router:MainRoute] getActivePageFromState() {
  "active": "Support",
  "history": []
}
[2026-06-01T14:59:45.851Z] [Router:MainRoute] setActivePageInState() before {
  "targetId": "Support",
  "routeBucketKeys": [
    "Support",
    "Introduction"
  ],
  "activeBefore": "Support"
}
[2026-06-01T14:59:45.851Z] [Router:MainRoute] setActivePageInState() after {
  "targetId": "Support",
  "activeAfter": "Support",
  "version": 12
}
[2026-06-01T14:59:45.851Z] [Router:MainRoute] debugBundles [
  {
    "id": "Support",
    "active": true
  },
  {
    "id": "Introduction",
    "active": false
  }
]
[2026-06-01T14:59:45.851Z] [Router:MainRoute] currentPage getter {
  "result": "Support",
  "history": []
}
[2026-06-01T14:59:45.852Z] [Router:MainRoute] go().update() end {
  "targetId": "Support",
  "currentPageGetterAfter": "Support",
  "historyAfter": []
}
[2026-06-01T14:59:45.852Z] [Router:MainRoute] current() {
  "active": "Support",
  "available": [
    {
      "id": "Support",
      "active": true
    },
    {
      "id": "Introduction",
      "active": false
    }
  ]
}
[2026-06-01T14:59:45.991Z] [Router:MainRoute] currentPage getter {
  "result": "Support",
  "history": []
}
[2026-06-01T14:59:45.992Z] [Router:MainRoute] page setter {
  "targetId": "Support",
  "currentPageBefore": "Support",
  "historyBefore": []
}
[2026-06-01T14:59:45.992Z] [Router:MainRoute] currentPage getter {
  "result": "Support",
  "history": []
}
[2026-06-01T14:59:45.992Z] [Router:MainRoute] go() called {
  "targetId": "Support",
  "currentPageGetter": "Support",
  "historyBefore": [],
  "saveOrder": true
}
[2026-06-01T14:59:45.992Z] [Router:MainRoute] getActivePageFromState() {
  "active": "Support",
  "history": []
}
[2026-06-01T14:59:45.992Z] [Router:MainRoute] go().update() start {
  "currentId": "Support",
  "targetId": "Support",
  "historyBefore": []
}
[2026-06-01T14:59:45.992Z] [Router:MainRoute] go().update() did NOT push history {
  "saveOrder": true,
  "currentId": "Support",
  "targetId": "Support",
  "history": []
}
[2026-06-01T14:59:45.992Z] [Router:MainRoute] getActivePageFromState() {
  "active": "Support",
  "history": []
}
[2026-06-01T14:59:45.993Z] [Router:MainRoute] setActivePageInState() before {
  "targetId": "Support",
  "routeBucketKeys": [
    "Support",
    "Introduction"
  ],
  "activeBefore": "Support"
}
[2026-06-01T14:59:45.993Z] [Router:MainRoute] setActivePageInState() after {
  "targetId": "Support",
  "activeAfter": "Support",
  "version": 13
}
[2026-06-01T14:59:45.993Z] [Router:MainRoute] debugBundles [
  {
    "id": "Support",
    "active": true
  },
  {
    "id": "Introduction",
    "active": false
  }
]
[2026-06-01T14:59:45.993Z] [Router:MainRoute] currentPage getter {
  "result": "Support",
  "history": []
}
[2026-06-01T14:59:45.993Z] [Router:MainRoute] go().update() end {
  "targetId": "Support",
  "currentPageGetterAfter": "Support",
  "historyAfter": []
}
[2026-06-01T14:59:45.993Z] [Router:MainRoute] current() {
  "active": "Support",
  "available": [
    {
      "id": "Support",
      "active": true
    },
    {
      "id": "Introduction",
      "active": false
    }
  ]
}
[2026-06-01T14:59:46.131Z] [Router:MainRoute] currentPage getter {
  "result": "Support",
  "history": []
}
[2026-06-01T14:59:46.131Z] [Router:MainRoute] page setter {
  "targetId": "Support",
  "currentPageBefore": "Support",
  "historyBefore": []
}
[2026-06-01T14:59:46.131Z] [Router:MainRoute] currentPage getter {
  "result": "Support",
  "history": []
}
[2026-06-01T14:59:46.131Z] [Router:MainRoute] go() called {
  "targetId": "Support",
  "currentPageGetter": "Support",
  "historyBefore": [],
  "saveOrder": true
}
[2026-06-01T14:59:46.132Z] [Router:MainRoute] getActivePageFromState() {
  "active": "Support",
  "history": []
}
[2026-06-01T14:59:46.132Z] [Router:MainRoute] go().update() start {
  "currentId": "Support",
  "targetId": "Support",
  "historyBefore": []
}
[2026-06-01T14:59:46.132Z] [Router:MainRoute] go().update() did NOT push history {
  "saveOrder": true,
  "currentId": "Support",
  "targetId": "Support",
  "history": []
}
[2026-06-01T14:59:46.132Z] [Router:MainRoute] getActivePageFromState() {
  "active": "Support",
  "history": []
}
[2026-06-01T14:59:46.132Z] [Router:MainRoute] setActivePageInState() before {
  "targetId": "Support",
  "routeBucketKeys": [
    "Support",
    "Introduction"
  ],
  "activeBefore": "Support"
}
[2026-06-01T14:59:46.132Z] [Router:MainRoute] setActivePageInState() after {
  "targetId": "Support",
  "activeAfter": "Support",
  "version": 14
}
[2026-06-01T14:59:46.132Z] [Router:MainRoute] debugBundles [
  {
    "id": "Support",
    "active": true
  },
  {
    "id": "Introduction",
    "active": false
  }
]
[2026-06-01T14:59:46.132Z] [Router:MainRoute] currentPage getter {
  "result": "Support",
  "history": []
}
[2026-06-01T14:59:46.133Z] [Router:MainRoute] go().update() end {
  "targetId": "Support",
  "currentPageGetterAfter": "Support",
  "historyAfter": []
}
[2026-06-01T14:59:46.133Z] [Router:MainRoute] current() {
  "active": "Support",
  "available": [
    {
      "id": "Support",
      "active": true
    },
    {
      "id": "Introduction",
      "active": false
    }
  ]
}
[2026-06-01T14:59:50.890Z] [Router:MainRoute] constructor {
  "routerId": "MainRoute",
  "config": {
    "saveOrder": true
  }
}
[2026-06-01T14:59:50.890Z] [Router:MainRoute] create() called [
  "Support",
  "Introduction",
  "Home"
]
[2026-06-01T14:59:50.890Z] [Router:MainRoute] loading component Support
[2026-06-01T14:59:50.891Z] [Router:MainRoute] loading component Introduction
[2026-06-01T14:59:50.891Z] [Router:MainRoute] loading component Home
[2026-06-01T14:59:50.895Z] [Router:MainRoute] component resolved Support
[2026-06-01T14:59:50.895Z] [Router:MainRoute] create.update() error {
  "code": "ZRUI_INVALID_STATE",
  "message": "update: lifecycle operation already in flight"
}
[2026-06-01T14:59:50.896Z] [Router:MainRoute] component resolved Introduction
[2026-06-01T14:59:50.896Z] [Router:MainRoute] create.update() error {
  "code": "ZRUI_INVALID_STATE",
  "message": "update: lifecycle operation already in flight"
}
[2026-06-01T14:59:50.901Z] [Router:MainRoute] component resolved Home
[2026-06-01T14:59:50.901Z] [Router:MainRoute] create.update() error {
  "code": "ZRUI_INVALID_STATE",
  "message": "update: lifecycle operation already in flight"
}
[2026-06-01T14:59:50.915Z] [Router:MainRoute] create.update() error {
  "code": "ZRUI_INVALID_STATE",
  "message": "update: lifecycle operation already in flight"
}
[2026-06-01T14:59:50.915Z] [Router:MainRoute] create.update() error {
  "code": "ZRUI_INVALID_STATE",
  "message": "update: lifecycle operation already in flight"
}
[2026-06-01T14:59:50.915Z] [Router:MainRoute] create.update() error {
  "code": "ZRUI_INVALID_STATE",
  "message": "update: lifecycle operation already in flight"
}
[2026-06-01T14:59:50.929Z] [Router:MainRoute] create.update() error {
  "code": "ZRUI_INVALID_STATE",
  "message": "update: lifecycle operation already in flight"
}
[2026-06-01T14:59:50.930Z] [Router:MainRoute] create.update() error {
  "code": "ZRUI_INVALID_STATE",
  "message": "update: lifecycle operation already in flight"
}
[2026-06-01T14:59:50.930Z] [Router:MainRoute] create.update() error {
  "code": "ZRUI_INVALID_STATE",
  "message": "update: lifecycle operation already in flight"
}
[2026-06-01T14:59:50.945Z] [Router:MainRoute] create.update() error {
  "code": "ZRUI_INVALID_STATE",
  "message": "update: lifecycle operation already in flight"
}
[2026-06-01T14:59:50.945Z] [Router:MainRoute] create.update() error {
  "code": "ZRUI_INVALID_STATE",
  "message": "update: lifecycle operation already in flight"
}
[2026-06-01T14:59:50.945Z] [Router:MainRoute] create.update() error {
  "code": "ZRUI_INVALID_STATE",
  "message": "update: lifecycle operation already in flight"
}
[2026-06-01T14:59:50.953Z] [Router:MainRoute] current() -> no routerBundles 
[2026-06-01T14:59:50.971Z] [Router:MainRoute] create.update() before {
  "dataId": "Support",
  "bundleKeys": [],
  "routeBucketKeys": []
}
[2026-06-01T14:59:50.971Z] [Router:MainRoute] create.update() after {
  "dataId": "Support",
  "routeBucketKeys": [
    "Support"
  ]
}
[2026-06-01T14:59:50.971Z] [Router:MainRoute] debugBundles [
  {
    "id": "Support",
    "active": false
  }
]
[2026-06-01T14:59:50.972Z] [Router:MainRoute] current() {
  "active": null,
  "available": [
    {
      "id": "Support",
      "active": false
    }
  ]
}
[2026-06-01T14:59:50.973Z] [Router:MainRoute] create.update() before {
  "dataId": "Introduction",
  "bundleKeys": [
    "MainRoute"
  ],
  "routeBucketKeys": [
    "Support"
  ]
}
[2026-06-01T14:59:50.973Z] [Router:MainRoute] create.update() after {
  "dataId": "Introduction",
  "routeBucketKeys": [
    "Support",
    "Introduction"
  ]
}
[2026-06-01T14:59:50.973Z] [Router:MainRoute] debugBundles [
  {
    "id": "Support",
    "active": false
  },
  {
    "id": "Introduction",
    "active": false
  }
]
[2026-06-01T14:59:50.973Z] [Router:MainRoute] create.update() before {
  "dataId": "Home",
  "bundleKeys": [
    "MainRoute"
  ],
  "routeBucketKeys": [
    "Support",
    "Introduction"
  ]
}
[2026-06-01T14:59:50.974Z] [Router:MainRoute] create.update() after {
  "dataId": "Home",
  "routeBucketKeys": [
    "Support",
    "Introduction",
    "Home"
  ]
}
[2026-06-01T14:59:50.974Z] [Router:MainRoute] debugBundles [
  {
    "id": "Support",
    "active": false
  },
  {
    "id": "Introduction",
    "active": false
  },
  {
    "id": "Home",
    "active": true
  }
]
[2026-06-01T14:59:50.975Z] [Router:MainRoute] current() {
  "active": "Home",
  "available": [
    {
      "id": "Support",
      "active": false
    },
    {
      "id": "Introduction",
      "active": false
    },
    {
      "id": "Home",
      "active": true
    }
  ]
}
[2026-06-01T15:00:19.727Z] [Router:MainRoute] constructor {
  "routerId": "MainRoute",
  "config": {
    "saveOrder": true
  }
}
[2026-06-01T15:00:19.727Z] [Router:MainRoute] create() called [
  "Support",
  "Introduction",
  "Home"
]
[2026-06-01T15:00:19.727Z] [Router:MainRoute] loading component Support
[2026-06-01T15:00:19.727Z] [Router:MainRoute] loading component Introduction
[2026-06-01T15:00:19.728Z] [Router:MainRoute] loading component Home
[2026-06-01T15:00:19.732Z] [Router:MainRoute] component resolved Introduction
[2026-06-01T15:00:19.733Z] [Router:MainRoute] create.update() error {
  "code": "ZRUI_INVALID_STATE",
  "message": "update: lifecycle operation already in flight"
}
[2026-06-01T15:00:19.733Z] [Router:MainRoute] component resolved Support
[2026-06-01T15:00:19.733Z] [Router:MainRoute] create.update() error {
  "code": "ZRUI_INVALID_STATE",
  "message": "update: lifecycle operation already in flight"
}
[2026-06-01T15:00:19.736Z] [Router:MainRoute] component resolved Home
[2026-06-01T15:00:19.737Z] [Router:MainRoute] create.update() error {
  "code": "ZRUI_INVALID_STATE",
  "message": "update: lifecycle operation already in flight"
}
[2026-06-01T15:00:19.747Z] [Router:MainRoute] create.update() error {
  "code": "ZRUI_INVALID_STATE",
  "message": "update: lifecycle operation already in flight"
}
[2026-06-01T15:00:19.747Z] [Router:MainRoute] create.update() error {
  "code": "ZRUI_INVALID_STATE",
  "message": "update: lifecycle operation already in flight"
}
[2026-06-01T15:00:19.759Z] [Router:MainRoute] create.update() error {
  "code": "ZRUI_INVALID_STATE",
  "message": "update: lifecycle operation already in flight"
}
[2026-06-01T15:00:19.759Z] [Router:MainRoute] create.update() error {
  "code": "ZRUI_INVALID_STATE",
  "message": "update: lifecycle operation already in flight"
}
[2026-06-01T15:00:19.759Z] [Router:MainRoute] create.update() error {
  "code": "ZRUI_INVALID_STATE",
  "message": "update: lifecycle operation already in flight"
}
[2026-06-01T15:00:19.779Z] [Router:MainRoute] create.update() error {
  "code": "ZRUI_INVALID_STATE",
  "message": "update: lifecycle operation already in flight"
}
[2026-06-01T15:00:19.779Z] [Router:MainRoute] create.update() error {
  "code": "ZRUI_INVALID_STATE",
  "message": "update: lifecycle operation already in flight"
}
[2026-06-01T15:00:19.779Z] [Router:MainRoute] create.update() error {
  "code": "ZRUI_INVALID_STATE",
  "message": "update: lifecycle operation already in flight"
}
[2026-06-01T15:00:19.796Z] [Router:MainRoute] create.update() error {
  "code": "ZRUI_INVALID_STATE",
  "message": "update: lifecycle operation already in flight"
}
[2026-06-01T15:00:19.796Z] [Router:MainRoute] create.update() error {
  "code": "ZRUI_INVALID_STATE",
  "message": "update: lifecycle operation already in flight"
}
[2026-06-01T15:00:19.796Z] [Router:MainRoute] create.update() error {
  "code": "ZRUI_INVALID_STATE",
  "message": "update: lifecycle operation already in flight"
}
[2026-06-01T15:00:19.803Z] [Router:MainRoute] current() -> no routerBundles 
[2026-06-01T15:00:19.820Z] [Router:MainRoute] create.update() before {
  "dataId": "Home",
  "bundleKeys": [],
  "routeBucketKeys": []
}
[2026-06-01T15:00:19.821Z] [Router:MainRoute] create.update() after {
  "dataId": "Home",
  "routeBucketKeys": [
    "Home"
  ]
}
[2026-06-01T15:00:19.821Z] [Router:MainRoute] debugBundles [
  {
    "id": "Home",
    "active": true
  }
]
[2026-06-01T15:00:19.821Z] [Router:MainRoute] current() {
  "active": "Home",
  "available": [
    {
      "id": "Home",
      "active": true
    }
  ]
}
[2026-06-01T15:00:19.834Z] [Router:MainRoute] create.update() before {
  "dataId": "Introduction",
  "bundleKeys": [
    "MainRoute"
  ],
  "routeBucketKeys": [
    "Home"
  ]
}
[2026-06-01T15:00:19.834Z] [Router:MainRoute] create.update() after {
  "dataId": "Introduction",
  "routeBucketKeys": [
    "Home",
    "Introduction"
  ]
}
[2026-06-01T15:00:19.834Z] [Router:MainRoute] debugBundles [
  {
    "id": "Home",
    "active": true
  },
  {
    "id": "Introduction",
    "active": false
  }
]
[2026-06-01T15:00:19.834Z] [Router:MainRoute] create.update() before {
  "dataId": "Support",
  "bundleKeys": [
    "MainRoute"
  ],
  "routeBucketKeys": [
    "Home",
    "Introduction"
  ]
}
[2026-06-01T15:00:19.834Z] [Router:MainRoute] create.update() after {
  "dataId": "Support",
  "routeBucketKeys": [
    "Home",
    "Introduction",
    "Support"
  ]
}
[2026-06-01T15:00:19.835Z] [Router:MainRoute] debugBundles [
  {
    "id": "Home",
    "active": true
  },
  {
    "id": "Introduction",
    "active": false
  },
  {
    "id": "Support",
    "active": false
  }
]
[2026-06-01T15:00:19.837Z] [Router:MainRoute] current() {
  "active": "Home",
  "available": [
    {
      "id": "Home",
      "active": true
    },
    {
      "id": "Introduction",
      "active": false
    },
    {
      "id": "Support",
      "active": false
    }
  ]
}
[2026-06-01T15:00:21.306Z] [Router:MainRoute] order getter initialized history []
[2026-06-01T15:00:21.306Z] [Router:MainRoute] currentPage getter {
  "result": "Home",
  "history": []
}
[2026-06-01T15:00:21.307Z] [Router:MainRoute] currentPage getter {
  "result": "Home",
  "history": []
}
[2026-06-01T15:00:22.189Z] [Router:MainRoute] currentPage getter {
  "result": "Home",
  "history": []
}
[2026-06-01T15:00:22.189Z] [Router:MainRoute] currentPage getter {
  "result": "Home",
  "history": []
}
[2026-06-01T15:00:22.319Z] [Router:MainRoute] currentPage getter {
  "result": "Home",
  "history": []
}
[2026-06-01T15:00:22.319Z] [Router:MainRoute] currentPage getter {
  "result": "Home",
  "history": []
}
[2026-06-01T15:01:31.572Z] [Router:MainRoute] currentPage getter {
  "result": "Home",
  "history": []
}
[2026-06-01T15:01:31.573Z] [Router:MainRoute] currentPage getter {
  "result": "Home",
  "history": []
}
[2026-06-01T15:01:31.789Z] [Router:MainRoute] currentPage getter {
  "result": "Home",
  "history": []
}
[2026-06-01T15:01:31.790Z] [Router:MainRoute] currentPage getter {
  "result": "Home",
  "history": []
}
[2026-06-01T15:01:31.976Z] [Router:MainRoute] currentPage getter {
  "result": "Home",
  "history": []
}
[2026-06-01T15:01:31.977Z] [Router:MainRoute] currentPage getter {
  "result": "Home",
  "history": []
}
[2026-06-01T15:01:32.162Z] [Router:MainRoute] currentPage getter {
  "result": "Home",
  "history": []
}
[2026-06-01T15:01:32.162Z] [Router:MainRoute] currentPage getter {
  "result": "Home",
  "history": []
}
[2026-06-01T15:01:32.332Z] [Router:MainRoute] currentPage getter {
  "result": "Home",
  "history": []
}
[2026-06-01T15:01:32.332Z] [Router:MainRoute] currentPage getter {
  "result": "Home",
  "history": []
}
[2026-06-01T15:01:32.502Z] [Router:MainRoute] currentPage getter {
  "result": "Home",
  "history": []
}
[2026-06-01T15:01:32.502Z] [Router:MainRoute] currentPage getter {
  "result": "Home",
  "history": []
}
[2026-06-01T15:01:32.672Z] [Router:MainRoute] currentPage getter {
  "result": "Home",
  "history": []
}
[2026-06-01T15:01:32.672Z] [Router:MainRoute] currentPage getter {
  "result": "Home",
  "history": []
}
[2026-06-01T15:01:37.205Z] [Router:MainRoute] constructor {
  "routerId": "MainRoute",
  "config": {
    "saveOrder": true
  }
}
[2026-06-01T15:01:37.205Z] [Router:MainRoute] create() called [
  "Support",
  "Introduction",
  "Home"
]
[2026-06-01T15:01:37.205Z] [Router:MainRoute] loading component Support
[2026-06-01T15:01:37.206Z] [Router:MainRoute] loading component Introduction
[2026-06-01T15:01:37.206Z] [Router:MainRoute] loading component Home
[2026-06-01T15:01:37.209Z] [Router:MainRoute] component resolved Support
[2026-06-01T15:01:37.210Z] [Router:MainRoute] create.update() error {
  "code": "ZRUI_INVALID_STATE",
  "message": "update: lifecycle operation already in flight"
}
[2026-06-01T15:01:37.210Z] [Router:MainRoute] component resolved Introduction
[2026-06-01T15:01:37.210Z] [Router:MainRoute] create.update() error {
  "code": "ZRUI_INVALID_STATE",
  "message": "update: lifecycle operation already in flight"
}
[2026-06-01T15:01:37.214Z] [Router:MainRoute] component resolved Home
[2026-06-01T15:01:37.215Z] [Router:MainRoute] create.update() error {
  "code": "ZRUI_INVALID_STATE",
  "message": "update: lifecycle operation already in flight"
}
[2026-06-01T15:01:37.231Z] [Router:MainRoute] create.update() error {
  "code": "ZRUI_INVALID_STATE",
  "message": "update: lifecycle operation already in flight"
}
[2026-06-01T15:01:37.231Z] [Router:MainRoute] create.update() error {
  "code": "ZRUI_INVALID_STATE",
  "message": "update: lifecycle operation already in flight"
}
[2026-06-01T15:01:37.231Z] [Router:MainRoute] create.update() error {
  "code": "ZRUI_INVALID_STATE",
  "message": "update: lifecycle operation already in flight"
}
[2026-06-01T15:01:37.246Z] [Router:MainRoute] create.update() error {
  "code": "ZRUI_INVALID_STATE",
  "message": "update: lifecycle operation already in flight"
}
[2026-06-01T15:01:37.246Z] [Router:MainRoute] create.update() error {
  "code": "ZRUI_INVALID_STATE",
  "message": "update: lifecycle operation already in flight"
}
[2026-06-01T15:01:37.246Z] [Router:MainRoute] create.update() error {
  "code": "ZRUI_INVALID_STATE",
  "message": "update: lifecycle operation already in flight"
}
[2026-06-01T15:01:37.261Z] [Router:MainRoute] create.update() error {
  "code": "ZRUI_INVALID_STATE",
  "message": "update: lifecycle operation already in flight"
}
[2026-06-01T15:01:37.261Z] [Router:MainRoute] create.update() error {
  "code": "ZRUI_INVALID_STATE",
  "message": "update: lifecycle operation already in flight"
}
[2026-06-01T15:01:37.261Z] [Router:MainRoute] create.update() error {
  "code": "ZRUI_INVALID_STATE",
  "message": "update: lifecycle operation already in flight"
}
[2026-06-01T15:01:37.268Z] [Router:MainRoute] current() -> no routerBundles 
[2026-06-01T15:01:37.286Z] [Router:MainRoute] create.update() before {
  "dataId": "Support",
  "bundleKeys": [],
  "routeBucketKeys": []
}
[2026-06-01T15:01:37.286Z] [Router:MainRoute] create.update() after {
  "dataId": "Support",
  "routeBucketKeys": [
    "Support"
  ]
}
[2026-06-01T15:01:37.287Z] [Router:MainRoute] debugBundles [
  {
    "id": "Support",
    "active": false
  }
]
[2026-06-01T15:01:37.287Z] [Router:MainRoute] current() {
  "active": null,
  "available": [
    {
      "id": "Support",
      "active": false
    }
  ]
}
[2026-06-01T15:01:37.289Z] [Router:MainRoute] create.update() before {
  "dataId": "Introduction",
  "bundleKeys": [
    "MainRoute"
  ],
  "routeBucketKeys": [
    "Support"
  ]
}
[2026-06-01T15:01:37.289Z] [Router:MainRoute] create.update() after {
  "dataId": "Introduction",
  "routeBucketKeys": [
    "Support",
    "Introduction"
  ]
}
[2026-06-01T15:01:37.289Z] [Router:MainRoute] debugBundles [
  {
    "id": "Support",
    "active": false
  },
  {
    "id": "Introduction",
    "active": false
  }
]
[2026-06-01T15:01:37.289Z] [Router:MainRoute] create.update() before {
  "dataId": "Home",
  "bundleKeys": [
    "MainRoute"
  ],
  "routeBucketKeys": [
    "Support",
    "Introduction"
  ]
}
[2026-06-01T15:01:37.290Z] [Router:MainRoute] create.update() after {
  "dataId": "Home",
  "routeBucketKeys": [
    "Support",
    "Introduction",
    "Home"
  ]
}
[2026-06-01T15:01:37.290Z] [Router:MainRoute] debugBundles [
  {
    "id": "Support",
    "active": false
  },
  {
    "id": "Introduction",
    "active": false
  },
  {
    "id": "Home",
    "active": true
  }
]
[2026-06-01T15:01:37.291Z] [Router:MainRoute] current() {
  "active": "Home",
  "available": [
    {
      "id": "Support",
      "active": false
    },
    {
      "id": "Introduction",
      "active": false
    },
    {
      "id": "Home",
      "active": true
    }
  ]
}
[2026-06-01T15:02:48.703Z] [Router:MainRoute] constructor {
  "routerId": "MainRoute",
  "config": {
    "saveOrder": true
  }
}
[2026-06-01T15:02:48.703Z] [Router:MainRoute] create() called [
  "Support",
  "Introduction",
  "Home"
]
[2026-06-01T15:02:48.703Z] [Router:MainRoute] loading component Support
[2026-06-01T15:02:48.704Z] [Router:MainRoute] loading component Introduction
[2026-06-01T15:02:48.704Z] [Router:MainRoute] loading component Home
[2026-06-01T15:02:48.708Z] [Router:MainRoute] component resolved Support
[2026-06-01T15:02:48.708Z] [Router:MainRoute] create.update() error {
  "code": "ZRUI_INVALID_STATE",
  "message": "update: lifecycle operation already in flight"
}
[2026-06-01T15:02:48.709Z] [Router:MainRoute] component resolved Introduction
[2026-06-01T15:02:48.709Z] [Router:MainRoute] create.update() error {
  "code": "ZRUI_INVALID_STATE",
  "message": "update: lifecycle operation already in flight"
}
[2026-06-01T15:02:48.713Z] [Router:MainRoute] component resolved Home
[2026-06-01T15:02:48.713Z] [Router:MainRoute] create.update() error {
  "code": "ZRUI_INVALID_STATE",
  "message": "update: lifecycle operation already in flight"
}
[2026-06-01T15:02:48.732Z] [Router:MainRoute] create.update() error {
  "code": "ZRUI_INVALID_STATE",
  "message": "update: lifecycle operation already in flight"
}
[2026-06-01T15:02:48.732Z] [Router:MainRoute] create.update() error {
  "code": "ZRUI_INVALID_STATE",
  "message": "update: lifecycle operation already in flight"
}
[2026-06-01T15:02:48.732Z] [Router:MainRoute] create.update() error {
  "code": "ZRUI_INVALID_STATE",
  "message": "update: lifecycle operation already in flight"
}
[2026-06-01T15:02:48.750Z] [Router:MainRoute] create.update() error {
  "code": "ZRUI_INVALID_STATE",
  "message": "update: lifecycle operation already in flight"
}
[2026-06-01T15:02:48.750Z] [Router:MainRoute] create.update() error {
  "code": "ZRUI_INVALID_STATE",
  "message": "update: lifecycle operation already in flight"
}
[2026-06-01T15:02:48.750Z] [Router:MainRoute] create.update() error {
  "code": "ZRUI_INVALID_STATE",
  "message": "update: lifecycle operation already in flight"
}
[2026-06-01T15:02:48.766Z] [Router:MainRoute] create.update() error {
  "code": "ZRUI_INVALID_STATE",
  "message": "update: lifecycle operation already in flight"
}
[2026-06-01T15:02:48.766Z] [Router:MainRoute] create.update() error {
  "code": "ZRUI_INVALID_STATE",
  "message": "update: lifecycle operation already in flight"
}
[2026-06-01T15:02:48.766Z] [Router:MainRoute] create.update() error {
  "code": "ZRUI_INVALID_STATE",
  "message": "update: lifecycle operation already in flight"
}
[2026-06-01T15:02:48.771Z] [Router:MainRoute] current() -> no routerBundles 
[2026-06-01T15:02:48.796Z] [Router:MainRoute] create.update() before {
  "dataId": "Support",
  "bundleKeys": [],
  "routeBucketKeys": []
}
[2026-06-01T15:02:48.797Z] [Router:MainRoute] create.update() after {
  "dataId": "Support",
  "routeBucketKeys": [
    "Support"
  ]
}
[2026-06-01T15:02:48.797Z] [Router:MainRoute] debugBundles [
  {
    "id": "Support",
    "active": false
  }
]
[2026-06-01T15:02:48.797Z] [Router:MainRoute] current() {
  "active": null,
  "available": [
    {
      "id": "Support",
      "active": false
    }
  ]
}
[2026-06-01T15:02:48.799Z] [Router:MainRoute] create.update() before {
  "dataId": "Introduction",
  "bundleKeys": [
    "MainRoute"
  ],
  "routeBucketKeys": [
    "Support"
  ]
}
[2026-06-01T15:02:48.799Z] [Router:MainRoute] create.update() after {
  "dataId": "Introduction",
  "routeBucketKeys": [
    "Support",
    "Introduction"
  ]
}
[2026-06-01T15:02:48.799Z] [Router:MainRoute] debugBundles [
  {
    "id": "Support",
    "active": false
  },
  {
    "id": "Introduction",
    "active": false
  }
]
[2026-06-01T15:02:48.799Z] [Router:MainRoute] create.update() before {
  "dataId": "Home",
  "bundleKeys": [
    "MainRoute"
  ],
  "routeBucketKeys": [
    "Support",
    "Introduction"
  ]
}
[2026-06-01T15:02:48.800Z] [Router:MainRoute] create.update() after {
  "dataId": "Home",
  "routeBucketKeys": [
    "Support",
    "Introduction",
    "Home"
  ]
}
[2026-06-01T15:02:48.800Z] [Router:MainRoute] debugBundles [
  {
    "id": "Support",
    "active": false
  },
  {
    "id": "Introduction",
    "active": false
  },
  {
    "id": "Home",
    "active": true
  }
]
[2026-06-01T15:02:48.800Z] [Router:MainRoute] current() {
  "active": "Home",
  "available": [
    {
      "id": "Support",
      "active": false
    },
    {
      "id": "Introduction",
      "active": false
    },
    {
      "id": "Home",
      "active": true
    }
  ]
}
[2026-06-01T15:02:49.652Z] [Router:MainRoute] order getter initialized history []
[2026-06-01T15:02:49.652Z] [Router:MainRoute] currentPage getter {
  "result": "Home",
  "history": []
}
[2026-06-01T15:02:49.652Z] [Router:MainRoute] currentPage getter {
  "result": "Home",
  "history": []
}
[2026-06-01T15:02:49.652Z] [Router:MainRoute] currentPage getter {
  "result": "Home",
  "history": []
}
[2026-06-01T15:02:49.940Z] [Router:MainRoute] currentPage getter {
  "result": "Home",
  "history": []
}
[2026-06-01T15:02:49.941Z] [Router:MainRoute] currentPage getter {
  "result": "Home",
  "history": []
}
[2026-06-01T15:02:49.941Z] [Router:MainRoute] currentPage getter {
  "result": "Home",
  "history": []
}
[2026-06-01T15:02:50.125Z] [Router:MainRoute] currentPage getter {
  "result": "Home",
  "history": []
}
[2026-06-01T15:02:50.125Z] [Router:MainRoute] currentPage getter {
  "result": "Home",
  "history": []
}
[2026-06-01T15:02:50.125Z] [Router:MainRoute] currentPage getter {
  "result": "Home",
  "history": []
}
[2026-06-01T15:02:50.371Z] [Router:MainRoute] currentPage getter {
  "result": "Home",
  "history": []
}
[2026-06-01T15:02:50.371Z] [Router:MainRoute] currentPage getter {
  "result": "Home",
  "history": []
}
[2026-06-01T15:02:50.372Z] [Router:MainRoute] currentPage getter {
  "result": "Home",
  "history": []
}
[2026-06-01T15:02:50.556Z] [Router:MainRoute] currentPage getter {
  "result": "Home",
  "history": []
}
[2026-06-01T15:02:50.556Z] [Router:MainRoute] currentPage getter {
  "result": "Home",
  "history": []
}
[2026-06-01T15:02:50.556Z] [Router:MainRoute] currentPage getter {
  "result": "Home",
  "history": []
}
[2026-06-01T15:02:50.737Z] [Router:MainRoute] currentPage getter {
  "result": "Home",
  "history": []
}
[2026-06-01T15:02:50.737Z] [Router:MainRoute] currentPage getter {
  "result": "Home",
  "history": []
}
[2026-06-01T15:02:50.737Z] [Router:MainRoute] currentPage getter {
  "result": "Home",
  "history": []
}
[2026-06-01T15:02:50.910Z] [Router:MainRoute] currentPage getter {
  "result": "Home",
  "history": []
}
[2026-06-01T15:02:50.910Z] [Router:MainRoute] currentPage getter {
  "result": "Home",
  "history": []
}
[2026-06-01T15:02:50.910Z] [Router:MainRoute] currentPage getter {
  "result": "Home",
  "history": []
}
[2026-06-01T15:02:53.747Z] [Router:MainRoute] constructor {
  "routerId": "MainRoute",
  "config": {
    "saveOrder": true
  }
}
[2026-06-01T15:02:53.748Z] [Router:MainRoute] create() called [
  "Support",
  "Introduction",
  "Home"
]
[2026-06-01T15:02:53.748Z] [Router:MainRoute] loading component Support
[2026-06-01T15:02:53.749Z] [Router:MainRoute] loading component Introduction
[2026-06-01T15:02:53.749Z] [Router:MainRoute] loading component Home
[2026-06-01T15:02:53.754Z] [Router:MainRoute] component resolved Support
[2026-06-01T15:02:53.754Z] [Router:MainRoute] create.update() error {
  "code": "ZRUI_INVALID_STATE",
  "message": "update: lifecycle operation already in flight"
}
[2026-06-01T15:02:53.754Z] [Router:MainRoute] component resolved Introduction
[2026-06-01T15:02:53.755Z] [Router:MainRoute] create.update() error {
  "code": "ZRUI_INVALID_STATE",
  "message": "update: lifecycle operation already in flight"
}
[2026-06-01T15:02:53.761Z] [Router:MainRoute] component resolved Home
[2026-06-01T15:02:53.761Z] [Router:MainRoute] create.update() error {
  "code": "ZRUI_INVALID_STATE",
  "message": "update: lifecycle operation already in flight"
}
[2026-06-01T15:02:53.775Z] [Router:MainRoute] create.update() error {
  "code": "ZRUI_INVALID_STATE",
  "message": "update: lifecycle operation already in flight"
}
[2026-06-01T15:02:53.775Z] [Router:MainRoute] create.update() error {
  "code": "ZRUI_INVALID_STATE",
  "message": "update: lifecycle operation already in flight"
}
[2026-06-01T15:02:53.776Z] [Router:MainRoute] create.update() error {
  "code": "ZRUI_INVALID_STATE",
  "message": "update: lifecycle operation already in flight"
}
[2026-06-01T15:02:53.791Z] [Router:MainRoute] create.update() error {
  "code": "ZRUI_INVALID_STATE",
  "message": "update: lifecycle operation already in flight"
}
[2026-06-01T15:02:53.791Z] [Router:MainRoute] create.update() error {
  "code": "ZRUI_INVALID_STATE",
  "message": "update: lifecycle operation already in flight"
}
[2026-06-01T15:02:53.791Z] [Router:MainRoute] create.update() error {
  "code": "ZRUI_INVALID_STATE",
  "message": "update: lifecycle operation already in flight"
}
[2026-06-01T15:02:53.806Z] [Router:MainRoute] create.update() error {
  "code": "ZRUI_INVALID_STATE",
  "message": "update: lifecycle operation already in flight"
}
[2026-06-01T15:02:53.807Z] [Router:MainRoute] create.update() error {
  "code": "ZRUI_INVALID_STATE",
  "message": "update: lifecycle operation already in flight"
}
[2026-06-01T15:02:53.807Z] [Router:MainRoute] create.update() error {
  "code": "ZRUI_INVALID_STATE",
  "message": "update: lifecycle operation already in flight"
}
[2026-06-01T15:02:53.814Z] [Router:MainRoute] current() -> no routerBundles 
[2026-06-01T15:02:53.838Z] [Router:MainRoute] create.update() before {
  "dataId": "Support",
  "bundleKeys": [],
  "routeBucketKeys": []
}
[2026-06-01T15:02:53.839Z] [Router:MainRoute] create.update() after {
  "dataId": "Support",
  "routeBucketKeys": [
    "Support"
  ]
}
[2026-06-01T15:02:53.839Z] [Router:MainRoute] debugBundles [
  {
    "id": "Support",
    "active": false
  }
]
[2026-06-01T15:02:53.839Z] [Router:MainRoute] current() {
  "active": null,
  "available": [
    {
      "id": "Support",
      "active": false
    }
  ]
}
[2026-06-01T15:02:53.841Z] [Router:MainRoute] create.update() before {
  "dataId": "Introduction",
  "bundleKeys": [
    "MainRoute"
  ],
  "routeBucketKeys": [
    "Support"
  ]
}
[2026-06-01T15:02:53.841Z] [Router:MainRoute] create.update() after {
  "dataId": "Introduction",
  "routeBucketKeys": [
    "Support",
    "Introduction"
  ]
}
[2026-06-01T15:02:53.842Z] [Router:MainRoute] debugBundles [
  {
    "id": "Support",
    "active": false
  },
  {
    "id": "Introduction",
    "active": false
  }
]
[2026-06-01T15:02:53.842Z] [Router:MainRoute] create.update() before {
  "dataId": "Home",
  "bundleKeys": [
    "MainRoute"
  ],
  "routeBucketKeys": [
    "Support",
    "Introduction"
  ]
}
[2026-06-01T15:02:53.842Z] [Router:MainRoute] create.update() after {
  "dataId": "Home",
  "routeBucketKeys": [
    "Support",
    "Introduction",
    "Home"
  ]
}
[2026-06-01T15:02:53.842Z] [Router:MainRoute] debugBundles [
  {
    "id": "Support",
    "active": false
  },
  {
    "id": "Introduction",
    "active": false
  },
  {
    "id": "Home",
    "active": true
  }
]
[2026-06-01T15:02:53.842Z] [Router:MainRoute] current() {
  "active": "Home",
  "available": [
    {
      "id": "Support",
      "active": false
    },
    {
      "id": "Introduction",
      "active": false
    },
    {
      "id": "Home",
      "active": true
    }
  ]
}
[2026-06-01T15:03:51.275Z] [Router:MainRoute] constructor {
  "routerId": "MainRoute",
  "config": {
    "saveOrder": true
  }
}
[2026-06-01T15:03:51.275Z] [Router:MainRoute] create() called [
  "Support",
  "Introduction",
  "Home"
]
[2026-06-01T15:03:51.275Z] [Router:MainRoute] loading component Support
[2026-06-01T15:03:51.275Z] [Router:MainRoute] loading component Introduction
[2026-06-01T15:03:51.276Z] [Router:MainRoute] loading component Home
[2026-06-01T15:03:51.279Z] [Router:MainRoute] component resolved Support
[2026-06-01T15:03:51.279Z] [Router:MainRoute] create.update() error {
  "code": "ZRUI_INVALID_STATE",
  "message": "update: lifecycle operation already in flight"
}
[2026-06-01T15:03:51.279Z] [Router:MainRoute] component resolved Introduction
[2026-06-01T15:03:51.279Z] [Router:MainRoute] create.update() error {
  "code": "ZRUI_INVALID_STATE",
  "message": "update: lifecycle operation already in flight"
}
[2026-06-01T15:03:51.284Z] [Router:MainRoute] component resolved Home
[2026-06-01T15:03:51.284Z] [Router:MainRoute] create.update() error {
  "code": "ZRUI_INVALID_STATE",
  "message": "update: lifecycle operation already in flight"
}
[2026-06-01T15:03:51.296Z] [Router:MainRoute] create.update() error {
  "code": "ZRUI_INVALID_STATE",
  "message": "update: lifecycle operation already in flight"
}
[2026-06-01T15:03:51.296Z] [Router:MainRoute] create.update() error {
  "code": "ZRUI_INVALID_STATE",
  "message": "update: lifecycle operation already in flight"
}
[2026-06-01T15:03:51.296Z] [Router:MainRoute] create.update() error {
  "code": "ZRUI_INVALID_STATE",
  "message": "update: lifecycle operation already in flight"
}
[2026-06-01T15:03:51.308Z] [Router:MainRoute] create.update() error {
  "code": "ZRUI_INVALID_STATE",
  "message": "update: lifecycle operation already in flight"
}
[2026-06-01T15:03:51.308Z] [Router:MainRoute] create.update() error {
  "code": "ZRUI_INVALID_STATE",
  "message": "update: lifecycle operation already in flight"
}
[2026-06-01T15:03:51.309Z] [Router:MainRoute] create.update() error {
  "code": "ZRUI_INVALID_STATE",
  "message": "update: lifecycle operation already in flight"
}
[2026-06-01T15:03:51.326Z] [Router:MainRoute] create.update() error {
  "code": "ZRUI_INVALID_STATE",
  "message": "update: lifecycle operation already in flight"
}
[2026-06-01T15:03:51.327Z] [Router:MainRoute] create.update() error {
  "code": "ZRUI_INVALID_STATE",
  "message": "update: lifecycle operation already in flight"
}
[2026-06-01T15:03:51.327Z] [Router:MainRoute] create.update() error {
  "code": "ZRUI_INVALID_STATE",
  "message": "update: lifecycle operation already in flight"
}
[2026-06-01T15:03:51.344Z] [Router:MainRoute] create.update() error {
  "code": "ZRUI_INVALID_STATE",
  "message": "update: lifecycle operation already in flight"
}
[2026-06-01T15:03:51.344Z] [Router:MainRoute] create.update() error {
  "code": "ZRUI_INVALID_STATE",
  "message": "update: lifecycle operation already in flight"
}
[2026-06-01T15:03:51.344Z] [Router:MainRoute] create.update() error {
  "code": "ZRUI_INVALID_STATE",
  "message": "update: lifecycle operation already in flight"
}
[2026-06-01T15:03:51.351Z] [Router:MainRoute] current() -> no routerBundles 
[2026-06-01T15:03:51.375Z] [Router:MainRoute] create.update() before {
  "dataId": "Support",
  "bundleKeys": [],
  "routeBucketKeys": []
}
[2026-06-01T15:03:51.375Z] [Router:MainRoute] create.update() after {
  "dataId": "Support",
  "routeBucketKeys": [
    "Support"
  ]
}
[2026-06-01T15:03:51.375Z] [Router:MainRoute] debugBundles [
  {
    "id": "Support",
    "active": false
  }
]
[2026-06-01T15:03:51.376Z] [Router:MainRoute] current() {
  "active": null,
  "available": [
    {
      "id": "Support",
      "active": false
    }
  ]
}
[2026-06-01T15:03:51.377Z] [Router:MainRoute] create.update() before {
  "dataId": "Introduction",
  "bundleKeys": [
    "MainRoute"
  ],
  "routeBucketKeys": [
    "Support"
  ]
}
[2026-06-01T15:03:51.377Z] [Router:MainRoute] create.update() after {
  "dataId": "Introduction",
  "routeBucketKeys": [
    "Support",
    "Introduction"
  ]
}
[2026-06-01T15:03:51.378Z] [Router:MainRoute] debugBundles [
  {
    "id": "Support",
    "active": false
  },
  {
    "id": "Introduction",
    "active": false
  }
]
[2026-06-01T15:03:51.378Z] [Router:MainRoute] create.update() before {
  "dataId": "Home",
  "bundleKeys": [
    "MainRoute"
  ],
  "routeBucketKeys": [
    "Support",
    "Introduction"
  ]
}
[2026-06-01T15:03:51.378Z] [Router:MainRoute] create.update() after {
  "dataId": "Home",
  "routeBucketKeys": [
    "Support",
    "Introduction",
    "Home"
  ]
}
[2026-06-01T15:03:51.378Z] [Router:MainRoute] debugBundles [
  {
    "id": "Support",
    "active": false
  },
  {
    "id": "Introduction",
    "active": false
  },
  {
    "id": "Home",
    "active": true
  }
]
[2026-06-01T15:03:51.378Z] [Router:MainRoute] current() {
  "active": "Home",
  "available": [
    {
      "id": "Support",
      "active": false
    },
    {
      "id": "Introduction",
      "active": false
    },
    {
      "id": "Home",
      "active": true
    }
  ]
}
[2026-06-01T15:07:09.204Z] [Router:MainRoute] constructor {
  "routerId": "MainRoute",
  "config": {
    "saveOrder": true
  }
}
[2026-06-01T15:07:09.204Z] [Router:MainRoute] create() called [
  "Support",
  "Introduction",
  "Home"
]
[2026-06-01T15:07:09.204Z] [Router:MainRoute] loading component Support
[2026-06-01T15:07:09.205Z] [Router:MainRoute] loading component Introduction
[2026-06-01T15:07:09.205Z] [Router:MainRoute] loading component Home
[2026-06-01T15:07:09.208Z] [Router:MainRoute] component resolved Support
[2026-06-01T15:07:09.208Z] [Router:MainRoute] create.update() error {
  "code": "ZRUI_INVALID_STATE",
  "message": "update: lifecycle operation already in flight"
}
[2026-06-01T15:07:09.208Z] [Router:MainRoute] component resolved Introduction
[2026-06-01T15:07:09.208Z] [Router:MainRoute] create.update() error {
  "code": "ZRUI_INVALID_STATE",
  "message": "update: lifecycle operation already in flight"
}
[2026-06-01T15:07:09.212Z] [Router:MainRoute] component resolved Home
[2026-06-01T15:07:09.213Z] [Router:MainRoute] create.update() error {
  "code": "ZRUI_INVALID_STATE",
  "message": "update: lifecycle operation already in flight"
}
[2026-06-01T15:07:09.220Z] [Router:MainRoute] create.update() error {
  "code": "ZRUI_INVALID_STATE",
  "message": "update: lifecycle operation already in flight"
}
[2026-06-01T15:07:09.220Z] [Router:MainRoute] create.update() error {
  "code": "ZRUI_INVALID_STATE",
  "message": "update: lifecycle operation already in flight"
}
[2026-06-01T15:07:09.233Z] [Router:MainRoute] create.update() error {
  "code": "ZRUI_INVALID_STATE",
  "message": "update: lifecycle operation already in flight"
}
[2026-06-01T15:07:09.233Z] [Router:MainRoute] create.update() error {
  "code": "ZRUI_INVALID_STATE",
  "message": "update: lifecycle operation already in flight"
}
[2026-06-01T15:07:09.234Z] [Router:MainRoute] create.update() error {
  "code": "ZRUI_INVALID_STATE",
  "message": "update: lifecycle operation already in flight"
}
[2026-06-01T15:07:09.251Z] [Router:MainRoute] create.update() error {
  "code": "ZRUI_INVALID_STATE",
  "message": "update: lifecycle operation already in flight"
}
[2026-06-01T15:07:09.251Z] [Router:MainRoute] create.update() error {
  "code": "ZRUI_INVALID_STATE",
  "message": "update: lifecycle operation already in flight"
}
[2026-06-01T15:07:09.252Z] [Router:MainRoute] create.update() error {
  "code": "ZRUI_INVALID_STATE",
  "message": "update: lifecycle operation already in flight"
}
[2026-06-01T15:07:09.267Z] [Router:MainRoute] create.update() error {
  "code": "ZRUI_INVALID_STATE",
  "message": "update: lifecycle operation already in flight"
}
[2026-06-01T15:07:09.267Z] [Router:MainRoute] create.update() error {
  "code": "ZRUI_INVALID_STATE",
  "message": "update: lifecycle operation already in flight"
}
[2026-06-01T15:07:09.267Z] [Router:MainRoute] create.update() error {
  "code": "ZRUI_INVALID_STATE",
  "message": "update: lifecycle operation already in flight"
}
[2026-06-01T15:07:09.273Z] [Router:MainRoute] current() -> no routerBundles 
[2026-06-01T15:07:09.290Z] [Router:MainRoute] create.update() before {
  "dataId": "Home",
  "bundleKeys": [],
  "routeBucketKeys": []
}
[2026-06-01T15:07:09.290Z] [Router:MainRoute] create.update() after {
  "dataId": "Home",
  "routeBucketKeys": [
    "Home"
  ]
}
[2026-06-01T15:07:09.290Z] [Router:MainRoute] debugBundles [
  {
    "id": "Home",
    "active": true
  }
]
[2026-06-01T15:07:09.290Z] [Router:MainRoute] current() {
  "active": "Home",
  "available": [
    {
      "id": "Home",
      "active": true
    }
  ]
}
[2026-06-01T15:07:09.301Z] [Router:MainRoute] create.update() before {
  "dataId": "Support",
  "bundleKeys": [
    "MainRoute"
  ],
  "routeBucketKeys": [
    "Home"
  ]
}
[2026-06-01T15:07:09.302Z] [Router:MainRoute] create.update() after {
  "dataId": "Support",
  "routeBucketKeys": [
    "Home",
    "Support"
  ]
}
[2026-06-01T15:07:09.302Z] [Router:MainRoute] debugBundles [
  {
    "id": "Home",
    "active": true
  },
  {
    "id": "Support",
    "active": false
  }
]
[2026-06-01T15:07:09.302Z] [Router:MainRoute] create.update() before {
  "dataId": "Introduction",
  "bundleKeys": [
    "MainRoute"
  ],
  "routeBucketKeys": [
    "Home",
    "Support"
  ]
}
[2026-06-01T15:07:09.302Z] [Router:MainRoute] create.update() after {
  "dataId": "Introduction",
  "routeBucketKeys": [
    "Home",
    "Support",
    "Introduction"
  ]
}
[2026-06-01T15:07:09.302Z] [Router:MainRoute] debugBundles [
  {
    "id": "Home",
    "active": true
  },
  {
    "id": "Support",
    "active": false
  },
  {
    "id": "Introduction",
    "active": false
  }
]
[2026-06-01T15:07:09.306Z] [Router:MainRoute] current() {
  "active": "Home",
  "available": [
    {
      "id": "Home",
      "active": true
    },
    {
      "id": "Support",
      "active": false
    },
    {
      "id": "Introduction",
      "active": false
    }
  ]
}
[2026-06-01T15:08:39.973Z] [Router:MainRoute] constructor {
  "routerId": "MainRoute",
  "config": {
    "saveOrder": true
  }
}
[2026-06-01T15:08:39.973Z] [Router:MainRoute] create() called [
  "Support",
  "Introduction",
  "Home"
]
[2026-06-01T15:08:39.973Z] [Router:MainRoute] loading component Support
[2026-06-01T15:08:39.974Z] [Router:MainRoute] loading component Introduction
[2026-06-01T15:08:39.974Z] [Router:MainRoute] loading component Home
[2026-06-01T15:08:39.978Z] [Router:MainRoute] component resolved Support
[2026-06-01T15:08:39.978Z] [Router:MainRoute] create.update() error {
  "code": "ZRUI_INVALID_STATE",
  "message": "update: lifecycle operation already in flight"
}
[2026-06-01T15:08:39.978Z] [Router:MainRoute] component resolved Introduction
[2026-06-01T15:08:39.979Z] [Router:MainRoute] create.update() error {
  "code": "ZRUI_INVALID_STATE",
  "message": "update: lifecycle operation already in flight"
}
[2026-06-01T15:08:39.984Z] [Router:MainRoute] component resolved Home
[2026-06-01T15:08:39.985Z] [Router:MainRoute] create.update() error {
  "code": "ZRUI_INVALID_STATE",
  "message": "update: lifecycle operation already in flight"
}
[2026-06-01T15:08:39.998Z] [Router:MainRoute] create.update() error {
  "code": "ZRUI_INVALID_STATE",
  "message": "update: lifecycle operation already in flight"
}
[2026-06-01T15:08:39.999Z] [Router:MainRoute] create.update() error {
  "code": "ZRUI_INVALID_STATE",
  "message": "update: lifecycle operation already in flight"
}
[2026-06-01T15:08:39.999Z] [Router:MainRoute] create.update() error {
  "code": "ZRUI_INVALID_STATE",
  "message": "update: lifecycle operation already in flight"
}
[2026-06-01T15:08:40.014Z] [Router:MainRoute] create.update() error {
  "code": "ZRUI_INVALID_STATE",
  "message": "update: lifecycle operation already in flight"
}
[2026-06-01T15:08:40.014Z] [Router:MainRoute] create.update() error {
  "code": "ZRUI_INVALID_STATE",
  "message": "update: lifecycle operation already in flight"
}
[2026-06-01T15:08:40.014Z] [Router:MainRoute] create.update() error {
  "code": "ZRUI_INVALID_STATE",
  "message": "update: lifecycle operation already in flight"
}
[2026-06-01T15:08:40.028Z] [Router:MainRoute] create.update() error {
  "code": "ZRUI_INVALID_STATE",
  "message": "update: lifecycle operation already in flight"
}
[2026-06-01T15:08:40.029Z] [Router:MainRoute] create.update() error {
  "code": "ZRUI_INVALID_STATE",
  "message": "update: lifecycle operation already in flight"
}
[2026-06-01T15:08:40.029Z] [Router:MainRoute] create.update() error {
  "code": "ZRUI_INVALID_STATE",
  "message": "update: lifecycle operation already in flight"
}
[2026-06-01T15:08:40.036Z] [Router:MainRoute] current() -> no routerBundles 
[2026-06-01T15:08:40.054Z] [Router:MainRoute] create.update() before {
  "dataId": "Support",
  "bundleKeys": [],
  "routeBucketKeys": []
}
[2026-06-01T15:08:40.054Z] [Router:MainRoute] create.update() after {
  "dataId": "Support",
  "routeBucketKeys": [
    "Support"
  ]
}
[2026-06-01T15:08:40.054Z] [Router:MainRoute] debugBundles [
  {
    "id": "Support",
    "active": false
  }
]
[2026-06-01T15:08:40.055Z] [Router:MainRoute] current() {
  "active": null,
  "available": [
    {
      "id": "Support",
      "active": false
    }
  ]
}
[2026-06-01T15:08:40.056Z] [Router:MainRoute] create.update() before {
  "dataId": "Introduction",
  "bundleKeys": [
    "MainRoute"
  ],
  "routeBucketKeys": [
    "Support"
  ]
}
[2026-06-01T15:08:40.056Z] [Router:MainRoute] create.update() after {
  "dataId": "Introduction",
  "routeBucketKeys": [
    "Support",
    "Introduction"
  ]
}
[2026-06-01T15:08:40.057Z] [Router:MainRoute] debugBundles [
  {
    "id": "Support",
    "active": false
  },
  {
    "id": "Introduction",
    "active": false
  }
]
[2026-06-01T15:08:40.057Z] [Router:MainRoute] create.update() before {
  "dataId": "Home",
  "bundleKeys": [
    "MainRoute"
  ],
  "routeBucketKeys": [
    "Support",
    "Introduction"
  ]
}
[2026-06-01T15:08:40.057Z] [Router:MainRoute] create.update() after {
  "dataId": "Home",
  "routeBucketKeys": [
    "Support",
    "Introduction",
    "Home"
  ]
}
[2026-06-01T15:08:40.057Z] [Router:MainRoute] debugBundles [
  {
    "id": "Support",
    "active": false
  },
  {
    "id": "Introduction",
    "active": false
  },
  {
    "id": "Home",
    "active": true
  }
]
[2026-06-01T15:08:40.058Z] [Router:MainRoute] current() {
  "active": "Home",
  "available": [
    {
      "id": "Support",
      "active": false
    },
    {
      "id": "Introduction",
      "active": false
    },
    {
      "id": "Home",
      "active": true
    }
  ]
}
[2026-06-01T15:08:48.710Z] [Router:MainRoute] constructor {
  "routerId": "MainRoute",
  "config": {
    "saveOrder": true
  }
}
[2026-06-01T15:08:48.711Z] [Router:MainRoute] create() called [
  "Support",
  "Introduction",
  "Home"
]
[2026-06-01T15:08:48.711Z] [Router:MainRoute] loading component Support
[2026-06-01T15:08:48.711Z] [Router:MainRoute] loading component Introduction
[2026-06-01T15:08:48.711Z] [Router:MainRoute] loading component Home
[2026-06-01T15:08:48.716Z] [Router:MainRoute] component resolved Support
[2026-06-01T15:08:48.716Z] [Router:MainRoute] create.update() error {
  "code": "ZRUI_INVALID_STATE",
  "message": "update: lifecycle operation already in flight"
}
[2026-06-01T15:08:48.716Z] [Router:MainRoute] component resolved Introduction
[2026-06-01T15:08:48.717Z] [Router:MainRoute] create.update() error {
  "code": "ZRUI_INVALID_STATE",
  "message": "update: lifecycle operation already in flight"
}
[2026-06-01T15:08:48.721Z] [Router:MainRoute] component resolved Home
[2026-06-01T15:08:48.721Z] [Router:MainRoute] create.update() error {
  "code": "ZRUI_INVALID_STATE",
  "message": "update: lifecycle operation already in flight"
}
[2026-06-01T15:08:48.739Z] [Router:MainRoute] create.update() error {
  "code": "ZRUI_INVALID_STATE",
  "message": "update: lifecycle operation already in flight"
}
[2026-06-01T15:08:48.739Z] [Router:MainRoute] create.update() error {
  "code": "ZRUI_INVALID_STATE",
  "message": "update: lifecycle operation already in flight"
}
[2026-06-01T15:08:48.739Z] [Router:MainRoute] create.update() error {
  "code": "ZRUI_INVALID_STATE",
  "message": "update: lifecycle operation already in flight"
}
[2026-06-01T15:08:48.755Z] [Router:MainRoute] create.update() error {
  "code": "ZRUI_INVALID_STATE",
  "message": "update: lifecycle operation already in flight"
}
[2026-06-01T15:08:48.755Z] [Router:MainRoute] create.update() error {
  "code": "ZRUI_INVALID_STATE",
  "message": "update: lifecycle operation already in flight"
}
[2026-06-01T15:08:48.756Z] [Router:MainRoute] create.update() error {
  "code": "ZRUI_INVALID_STATE",
  "message": "update: lifecycle operation already in flight"
}
[2026-06-01T15:08:48.773Z] [Router:MainRoute] create.update() error {
  "code": "ZRUI_INVALID_STATE",
  "message": "update: lifecycle operation already in flight"
}
[2026-06-01T15:08:48.773Z] [Router:MainRoute] create.update() error {
  "code": "ZRUI_INVALID_STATE",
  "message": "update: lifecycle operation already in flight"
}
[2026-06-01T15:08:48.773Z] [Router:MainRoute] create.update() error {
  "code": "ZRUI_INVALID_STATE",
  "message": "update: lifecycle operation already in flight"
}
[2026-06-01T15:08:48.780Z] [Router:MainRoute] current() -> no routerBundles 
[2026-06-01T15:08:48.819Z] [Router:MainRoute] create.update() before {
  "dataId": "Support",
  "bundleKeys": [],
  "routeBucketKeys": []
}
[2026-06-01T15:08:48.819Z] [Router:MainRoute] create.update() after {
  "dataId": "Support",
  "routeBucketKeys": [
    "Support"
  ]
}
[2026-06-01T15:08:48.820Z] [Router:MainRoute] debugBundles [
  {
    "id": "Support",
    "active": false
  }
]
[2026-06-01T15:08:48.820Z] [Router:MainRoute] current() {
  "active": null,
  "available": [
    {
      "id": "Support",
      "active": false
    }
  ]
}
[2026-06-01T15:08:48.821Z] [Router:MainRoute] create.update() before {
  "dataId": "Introduction",
  "bundleKeys": [
    "MainRoute"
  ],
  "routeBucketKeys": [
    "Support"
  ]
}
[2026-06-01T15:08:48.822Z] [Router:MainRoute] create.update() after {
  "dataId": "Introduction",
  "routeBucketKeys": [
    "Support",
    "Introduction"
  ]
}
[2026-06-01T15:08:48.822Z] [Router:MainRoute] debugBundles [
  {
    "id": "Support",
    "active": false
  },
  {
    "id": "Introduction",
    "active": false
  }
]
[2026-06-01T15:08:48.822Z] [Router:MainRoute] create.update() before {
  "dataId": "Home",
  "bundleKeys": [
    "MainRoute"
  ],
  "routeBucketKeys": [
    "Support",
    "Introduction"
  ]
}
[2026-06-01T15:08:48.822Z] [Router:MainRoute] create.update() after {
  "dataId": "Home",
  "routeBucketKeys": [
    "Support",
    "Introduction",
    "Home"
  ]
}
[2026-06-01T15:08:48.822Z] [Router:MainRoute] debugBundles [
  {
    "id": "Support",
    "active": false
  },
  {
    "id": "Introduction",
    "active": false
  },
  {
    "id": "Home",
    "active": true
  }
]
[2026-06-01T15:08:48.824Z] [Router:MainRoute] current() {
  "active": "Home",
  "available": [
    {
      "id": "Support",
      "active": false
    },
    {
      "id": "Introduction",
      "active": false
    },
    {
      "id": "Home",
      "active": true
    }
  ]
}
[2026-06-01T15:08:57.246Z] [Router:MainRoute] constructor {
  "routerId": "MainRoute",
  "config": {
    "saveOrder": true
  }
}
[2026-06-01T15:08:57.247Z] [Router:MainRoute] create() called [
  "Support",
  "Introduction",
  "Home"
]
[2026-06-01T15:08:57.247Z] [Router:MainRoute] loading component Support
[2026-06-01T15:08:57.247Z] [Router:MainRoute] loading component Introduction
[2026-06-01T15:08:57.248Z] [Router:MainRoute] loading component Home
[2026-06-01T15:08:57.252Z] [Router:MainRoute] component resolved Support
[2026-06-01T15:08:57.253Z] [Router:MainRoute] create.update() error {
  "code": "ZRUI_INVALID_STATE",
  "message": "update: lifecycle operation already in flight"
}
[2026-06-01T15:08:57.253Z] [Router:MainRoute] component resolved Introduction
[2026-06-01T15:08:57.253Z] [Router:MainRoute] create.update() error {
  "code": "ZRUI_INVALID_STATE",
  "message": "update: lifecycle operation already in flight"
}
[2026-06-01T15:08:57.258Z] [Router:MainRoute] component resolved Home
[2026-06-01T15:08:57.258Z] [Router:MainRoute] create.update() error {
  "code": "ZRUI_INVALID_STATE",
  "message": "update: lifecycle operation already in flight"
}
[2026-06-01T15:08:57.270Z] [Router:MainRoute] create.update() error {
  "code": "ZRUI_INVALID_STATE",
  "message": "update: lifecycle operation already in flight"
}
[2026-06-01T15:08:57.270Z] [Router:MainRoute] create.update() error {
  "code": "ZRUI_INVALID_STATE",
  "message": "update: lifecycle operation already in flight"
}
[2026-06-01T15:08:57.271Z] [Router:MainRoute] create.update() error {
  "code": "ZRUI_INVALID_STATE",
  "message": "update: lifecycle operation already in flight"
}
[2026-06-01T15:08:57.286Z] [Router:MainRoute] create.update() error {
  "code": "ZRUI_INVALID_STATE",
  "message": "update: lifecycle operation already in flight"
}
[2026-06-01T15:08:57.286Z] [Router:MainRoute] create.update() error {
  "code": "ZRUI_INVALID_STATE",
  "message": "update: lifecycle operation already in flight"
}
[2026-06-01T15:08:57.286Z] [Router:MainRoute] create.update() error {
  "code": "ZRUI_INVALID_STATE",
  "message": "update: lifecycle operation already in flight"
}
[2026-06-01T15:08:57.301Z] [Router:MainRoute] create.update() error {
  "code": "ZRUI_INVALID_STATE",
  "message": "update: lifecycle operation already in flight"
}
[2026-06-01T15:08:57.301Z] [Router:MainRoute] create.update() error {
  "code": "ZRUI_INVALID_STATE",
  "message": "update: lifecycle operation already in flight"
}
[2026-06-01T15:08:57.302Z] [Router:MainRoute] create.update() error {
  "code": "ZRUI_INVALID_STATE",
  "message": "update: lifecycle operation already in flight"
}
[2026-06-01T15:08:57.309Z] [Router:MainRoute] current() -> no routerBundles 
[2026-06-01T15:08:57.334Z] [Router:MainRoute] create.update() before {
  "dataId": "Support",
  "bundleKeys": [],
  "routeBucketKeys": []
}
[2026-06-01T15:08:57.334Z] [Router:MainRoute] create.update() after {
  "dataId": "Support",
  "routeBucketKeys": [
    "Support"
  ]
}
[2026-06-01T15:08:57.334Z] [Router:MainRoute] debugBundles [
  {
    "id": "Support",
    "active": false
  }
]
[2026-06-01T15:08:57.335Z] [Router:MainRoute] current() {
  "active": null,
  "available": [
    {
      "id": "Support",
      "active": false
    }
  ]
}
[2026-06-01T15:08:57.337Z] [Router:MainRoute] create.update() before {
  "dataId": "Introduction",
  "bundleKeys": [
    "MainRoute"
  ],
  "routeBucketKeys": [
    "Support"
  ]
}
[2026-06-01T15:08:57.337Z] [Router:MainRoute] create.update() after {
  "dataId": "Introduction",
  "routeBucketKeys": [
    "Support",
    "Introduction"
  ]
}
[2026-06-01T15:08:57.337Z] [Router:MainRoute] debugBundles [
  {
    "id": "Support",
    "active": false
  },
  {
    "id": "Introduction",
    "active": false
  }
]
[2026-06-01T15:08:57.337Z] [Router:MainRoute] create.update() before {
  "dataId": "Home",
  "bundleKeys": [
    "MainRoute"
  ],
  "routeBucketKeys": [
    "Support",
    "Introduction"
  ]
}
[2026-06-01T15:08:57.337Z] [Router:MainRoute] create.update() after {
  "dataId": "Home",
  "routeBucketKeys": [
    "Support",
    "Introduction",
    "Home"
  ]
}
[2026-06-01T15:08:57.337Z] [Router:MainRoute] debugBundles [
  {
    "id": "Support",
    "active": false
  },
  {
    "id": "Introduction",
    "active": false
  },
  {
    "id": "Home",
    "active": true
  }
]
[2026-06-01T15:08:57.337Z] [Router:MainRoute] current() {
  "active": "Home",
  "available": [
    {
      "id": "Support",
      "active": false
    },
    {
      "id": "Introduction",
      "active": false
    },
    {
      "id": "Home",
      "active": true
    }
  ]
}
[2026-06-01T15:09:01.853Z] [Router:MainRoute] constructor {
  "routerId": "MainRoute",
  "config": {
    "saveOrder": true
  }
}
[2026-06-01T15:09:01.854Z] [Router:MainRoute] create() called [
  "Support",
  "Introduction",
  "Home"
]
[2026-06-01T15:09:01.854Z] [Router:MainRoute] loading component Support
[2026-06-01T15:09:01.854Z] [Router:MainRoute] loading component Introduction
[2026-06-01T15:09:01.854Z] [Router:MainRoute] loading component Home
[2026-06-01T15:09:01.857Z] [Router:MainRoute] component resolved Support
[2026-06-01T15:09:01.857Z] [Router:MainRoute] create.update() error {
  "code": "ZRUI_INVALID_STATE",
  "message": "update: lifecycle operation already in flight"
}
[2026-06-01T15:09:01.858Z] [Router:MainRoute] component resolved Introduction
[2026-06-01T15:09:01.858Z] [Router:MainRoute] create.update() error {
  "code": "ZRUI_INVALID_STATE",
  "message": "update: lifecycle operation already in flight"
}
[2026-06-01T15:09:01.860Z] [Router:MainRoute] component resolved Home
[2026-06-01T15:09:01.860Z] [Router:MainRoute] create.update() error {
  "code": "ZRUI_INVALID_STATE",
  "message": "update: lifecycle operation already in flight"
}
[2026-06-01T15:09:01.873Z] [Router:MainRoute] create.update() error {
  "code": "ZRUI_INVALID_STATE",
  "message": "update: lifecycle operation already in flight"
}
[2026-06-01T15:09:01.874Z] [Router:MainRoute] create.update() error {
  "code": "ZRUI_INVALID_STATE",
  "message": "update: lifecycle operation already in flight"
}
[2026-06-01T15:09:01.874Z] [Router:MainRoute] create.update() error {
  "code": "ZRUI_INVALID_STATE",
  "message": "update: lifecycle operation already in flight"
}
[2026-06-01T15:09:01.889Z] [Router:MainRoute] create.update() error {
  "code": "ZRUI_INVALID_STATE",
  "message": "update: lifecycle operation already in flight"
}
[2026-06-01T15:09:01.889Z] [Router:MainRoute] create.update() error {
  "code": "ZRUI_INVALID_STATE",
  "message": "update: lifecycle operation already in flight"
}
[2026-06-01T15:09:01.889Z] [Router:MainRoute] create.update() error {
  "code": "ZRUI_INVALID_STATE",
  "message": "update: lifecycle operation already in flight"
}
[2026-06-01T15:09:01.904Z] [Router:MainRoute] create.update() error {
  "code": "ZRUI_INVALID_STATE",
  "message": "update: lifecycle operation already in flight"
}
[2026-06-01T15:09:01.904Z] [Router:MainRoute] create.update() error {
  "code": "ZRUI_INVALID_STATE",
  "message": "update: lifecycle operation already in flight"
}
[2026-06-01T15:09:01.904Z] [Router:MainRoute] create.update() error {
  "code": "ZRUI_INVALID_STATE",
  "message": "update: lifecycle operation already in flight"
}
[2026-06-01T15:09:01.910Z] [Router:MainRoute] current() -> no routerBundles 
[2026-06-01T15:09:01.928Z] [Router:MainRoute] create.update() before {
  "dataId": "Support",
  "bundleKeys": [],
  "routeBucketKeys": []
}
[2026-06-01T15:09:01.928Z] [Router:MainRoute] create.update() after {
  "dataId": "Support",
  "routeBucketKeys": [
    "Support"
  ]
}
[2026-06-01T15:09:01.929Z] [Router:MainRoute] debugBundles [
  {
    "id": "Support",
    "active": false
  }
]
[2026-06-01T15:09:01.929Z] [Router:MainRoute] current() {
  "active": null,
  "available": [
    {
      "id": "Support",
      "active": false
    }
  ]
}
[2026-06-01T15:09:01.930Z] [Router:MainRoute] create.update() before {
  "dataId": "Introduction",
  "bundleKeys": [
    "MainRoute"
  ],
  "routeBucketKeys": [
    "Support"
  ]
}
[2026-06-01T15:09:01.930Z] [Router:MainRoute] create.update() after {
  "dataId": "Introduction",
  "routeBucketKeys": [
    "Support",
    "Introduction"
  ]
}
[2026-06-01T15:09:01.931Z] [Router:MainRoute] debugBundles [
  {
    "id": "Support",
    "active": false
  },
  {
    "id": "Introduction",
    "active": false
  }
]
[2026-06-01T15:09:01.931Z] [Router:MainRoute] create.update() before {
  "dataId": "Home",
  "bundleKeys": [
    "MainRoute"
  ],
  "routeBucketKeys": [
    "Support",
    "Introduction"
  ]
}
[2026-06-01T15:09:01.931Z] [Router:MainRoute] create.update() after {
  "dataId": "Home",
  "routeBucketKeys": [
    "Support",
    "Introduction",
    "Home"
  ]
}
[2026-06-01T15:09:01.931Z] [Router:MainRoute] debugBundles [
  {
    "id": "Support",
    "active": false
  },
  {
    "id": "Introduction",
    "active": false
  },
  {
    "id": "Home",
    "active": true
  }
]
[2026-06-01T15:09:01.933Z] [Router:MainRoute] current() {
  "active": "Home",
  "available": [
    {
      "id": "Support",
      "active": false
    },
    {
      "id": "Introduction",
      "active": false
    },
    {
      "id": "Home",
      "active": true
    }
  ]
}
[2026-06-01T15:09:07.358Z] [Router:MainRoute] constructor {
  "routerId": "MainRoute",
  "config": {
    "saveOrder": true
  }
}
[2026-06-01T15:09:07.358Z] [Router:MainRoute] create() called [
  "Support",
  "Introduction",
  "Home"
]
[2026-06-01T15:09:07.358Z] [Router:MainRoute] loading component Support
[2026-06-01T15:09:07.358Z] [Router:MainRoute] loading component Introduction
[2026-06-01T15:09:07.359Z] [Router:MainRoute] loading component Home
[2026-06-01T15:09:07.362Z] [Router:MainRoute] component resolved Support
[2026-06-01T15:09:07.363Z] [Router:MainRoute] create.update() error {
  "code": "ZRUI_INVALID_STATE",
  "message": "update: lifecycle operation already in flight"
}
[2026-06-01T15:09:07.363Z] [Router:MainRoute] component resolved Introduction
[2026-06-01T15:09:07.363Z] [Router:MainRoute] create.update() error {
  "code": "ZRUI_INVALID_STATE",
  "message": "update: lifecycle operation already in flight"
}
[2026-06-01T15:09:07.368Z] [Router:MainRoute] component resolved Home
[2026-06-01T15:09:07.369Z] [Router:MainRoute] create.update() error {
  "code": "ZRUI_INVALID_STATE",
  "message": "update: lifecycle operation already in flight"
}
[2026-06-01T15:09:07.383Z] [Router:MainRoute] create.update() error {
  "code": "ZRUI_INVALID_STATE",
  "message": "update: lifecycle operation already in flight"
}
[2026-06-01T15:09:07.384Z] [Router:MainRoute] create.update() error {
  "code": "ZRUI_INVALID_STATE",
  "message": "update: lifecycle operation already in flight"
}
[2026-06-01T15:09:07.384Z] [Router:MainRoute] create.update() error {
  "code": "ZRUI_INVALID_STATE",
  "message": "update: lifecycle operation already in flight"
}
[2026-06-01T15:09:07.399Z] [Router:MainRoute] create.update() error {
  "code": "ZRUI_INVALID_STATE",
  "message": "update: lifecycle operation already in flight"
}
[2026-06-01T15:09:07.400Z] [Router:MainRoute] create.update() error {
  "code": "ZRUI_INVALID_STATE",
  "message": "update: lifecycle operation already in flight"
}
[2026-06-01T15:09:07.400Z] [Router:MainRoute] create.update() error {
  "code": "ZRUI_INVALID_STATE",
  "message": "update: lifecycle operation already in flight"
}
[2026-06-01T15:09:07.415Z] [Router:MainRoute] create.update() error {
  "code": "ZRUI_INVALID_STATE",
  "message": "update: lifecycle operation already in flight"
}
[2026-06-01T15:09:07.415Z] [Router:MainRoute] create.update() error {
  "code": "ZRUI_INVALID_STATE",
  "message": "update: lifecycle operation already in flight"
}
[2026-06-01T15:09:07.416Z] [Router:MainRoute] create.update() error {
  "code": "ZRUI_INVALID_STATE",
  "message": "update: lifecycle operation already in flight"
}
[2026-06-01T15:09:07.423Z] [Router:MainRoute] current() -> no routerBundles 
[2026-06-01T15:09:07.439Z] [Router:MainRoute] create.update() before {
  "dataId": "Support",
  "bundleKeys": [],
  "routeBucketKeys": []
}
[2026-06-01T15:09:07.440Z] [Router:MainRoute] create.update() after {
  "dataId": "Support",
  "routeBucketKeys": [
    "Support"
  ]
}
[2026-06-01T15:09:07.440Z] [Router:MainRoute] debugBundles [
  {
    "id": "Support",
    "active": false
  }
]
[2026-06-01T15:09:07.440Z] [Router:MainRoute] current() {
  "active": null,
  "available": [
    {
      "id": "Support",
      "active": false
    }
  ]
}
[2026-06-01T15:09:07.442Z] [Router:MainRoute] create.update() before {
  "dataId": "Introduction",
  "bundleKeys": [
    "MainRoute"
  ],
  "routeBucketKeys": [
    "Support"
  ]
}
[2026-06-01T15:09:07.442Z] [Router:MainRoute] create.update() after {
  "dataId": "Introduction",
  "routeBucketKeys": [
    "Support",
    "Introduction"
  ]
}
[2026-06-01T15:09:07.442Z] [Router:MainRoute] debugBundles [
  {
    "id": "Support",
    "active": false
  },
  {
    "id": "Introduction",
    "active": false
  }
]
[2026-06-01T15:09:07.442Z] [Router:MainRoute] create.update() before {
  "dataId": "Home",
  "bundleKeys": [
    "MainRoute"
  ],
  "routeBucketKeys": [
    "Support",
    "Introduction"
  ]
}
[2026-06-01T15:09:07.443Z] [Router:MainRoute] create.update() after {
  "dataId": "Home",
  "routeBucketKeys": [
    "Support",
    "Introduction",
    "Home"
  ]
}
[2026-06-01T15:09:07.443Z] [Router:MainRoute] debugBundles [
  {
    "id": "Support",
    "active": false
  },
  {
    "id": "Introduction",
    "active": false
  },
  {
    "id": "Home",
    "active": true
  }
]
[2026-06-01T15:09:07.444Z] [Router:MainRoute] current() {
  "active": "Home",
  "available": [
    {
      "id": "Support",
      "active": false
    },
    {
      "id": "Introduction",
      "active": false
    },
    {
      "id": "Home",
      "active": true
    }
  ]
}
[2026-06-01T15:09:12.056Z] [Router:MainRoute] constructor {
  "routerId": "MainRoute",
  "config": {
    "saveOrder": true
  }
}
[2026-06-01T15:09:12.057Z] [Router:MainRoute] create() called [
  "Support",
  "Introduction",
  "Home"
]
[2026-06-01T15:09:12.057Z] [Router:MainRoute] loading component Support
[2026-06-01T15:09:12.057Z] [Router:MainRoute] loading component Introduction
[2026-06-01T15:09:12.058Z] [Router:MainRoute] loading component Home
[2026-06-01T15:09:12.061Z] [Router:MainRoute] component resolved Support
[2026-06-01T15:09:12.062Z] [Router:MainRoute] create.update() error {
  "code": "ZRUI_INVALID_STATE",
  "message": "update: lifecycle operation already in flight"
}
[2026-06-01T15:09:12.062Z] [Router:MainRoute] component resolved Introduction
[2026-06-01T15:09:12.062Z] [Router:MainRoute] create.update() error {
  "code": "ZRUI_INVALID_STATE",
  "message": "update: lifecycle operation already in flight"
}
[2026-06-01T15:09:12.066Z] [Router:MainRoute] component resolved Home
[2026-06-01T15:09:12.067Z] [Router:MainRoute] create.update() error {
  "code": "ZRUI_INVALID_STATE",
  "message": "update: lifecycle operation already in flight"
}
[2026-06-01T15:09:12.083Z] [Router:MainRoute] create.update() error {
  "code": "ZRUI_INVALID_STATE",
  "message": "update: lifecycle operation already in flight"
}
[2026-06-01T15:09:12.084Z] [Router:MainRoute] create.update() error {
  "code": "ZRUI_INVALID_STATE",
  "message": "update: lifecycle operation already in flight"
}
[2026-06-01T15:09:12.084Z] [Router:MainRoute] create.update() error {
  "code": "ZRUI_INVALID_STATE",
  "message": "update: lifecycle operation already in flight"
}
[2026-06-01T15:09:12.099Z] [Router:MainRoute] create.update() error {
  "code": "ZRUI_INVALID_STATE",
  "message": "update: lifecycle operation already in flight"
}
[2026-06-01T15:09:12.100Z] [Router:MainRoute] create.update() error {
  "code": "ZRUI_INVALID_STATE",
  "message": "update: lifecycle operation already in flight"
}
[2026-06-01T15:09:12.100Z] [Router:MainRoute] create.update() error {
  "code": "ZRUI_INVALID_STATE",
  "message": "update: lifecycle operation already in flight"
}
[2026-06-01T15:09:12.116Z] [Router:MainRoute] create.update() error {
  "code": "ZRUI_INVALID_STATE",
  "message": "update: lifecycle operation already in flight"
}
[2026-06-01T15:09:12.117Z] [Router:MainRoute] create.update() error {
  "code": "ZRUI_INVALID_STATE",
  "message": "update: lifecycle operation already in flight"
}
[2026-06-01T15:09:12.117Z] [Router:MainRoute] create.update() error {
  "code": "ZRUI_INVALID_STATE",
  "message": "update: lifecycle operation already in flight"
}
[2026-06-01T15:09:12.124Z] [Router:MainRoute] current() -> no routerBundles 
[2026-06-01T15:09:12.147Z] [Router:MainRoute] create.update() before {
  "dataId": "Support",
  "bundleKeys": [],
  "routeBucketKeys": []
}
[2026-06-01T15:09:12.147Z] [Router:MainRoute] create.update() after {
  "dataId": "Support",
  "routeBucketKeys": [
    "Support"
  ]
}
[2026-06-01T15:09:12.147Z] [Router:MainRoute] debugBundles [
  {
    "id": "Support",
    "active": false
  }
]
[2026-06-01T15:09:12.148Z] [Router:MainRoute] current() {
  "active": null,
  "available": [
    {
      "id": "Support",
      "active": false
    }
  ]
}
[2026-06-01T15:09:12.150Z] [Router:MainRoute] create.update() before {
  "dataId": "Introduction",
  "bundleKeys": [
    "MainRoute"
  ],
  "routeBucketKeys": [
    "Support"
  ]
}
[2026-06-01T15:09:12.150Z] [Router:MainRoute] create.update() after {
  "dataId": "Introduction",
  "routeBucketKeys": [
    "Support",
    "Introduction"
  ]
}
[2026-06-01T15:09:12.150Z] [Router:MainRoute] debugBundles [
  {
    "id": "Support",
    "active": false
  },
  {
    "id": "Introduction",
    "active": false
  }
]
[2026-06-01T15:09:12.150Z] [Router:MainRoute] create.update() before {
  "dataId": "Home",
  "bundleKeys": [
    "MainRoute"
  ],
  "routeBucketKeys": [
    "Support",
    "Introduction"
  ]
}
[2026-06-01T15:09:12.150Z] [Router:MainRoute] create.update() after {
  "dataId": "Home",
  "routeBucketKeys": [
    "Support",
    "Introduction",
    "Home"
  ]
}
[2026-06-01T15:09:12.150Z] [Router:MainRoute] debugBundles [
  {
    "id": "Support",
    "active": false
  },
  {
    "id": "Introduction",
    "active": false
  },
  {
    "id": "Home",
    "active": true
  }
]
[2026-06-01T15:09:12.151Z] [Router:MainRoute] current() {
  "active": "Home",
  "available": [
    {
      "id": "Support",
      "active": false
    },
    {
      "id": "Introduction",
      "active": false
    },
    {
      "id": "Home",
      "active": true
    }
  ]
}
[2026-06-01T15:09:29.570Z] [Router:MainRoute] constructor {
  "routerId": "MainRoute",
  "config": {
    "saveOrder": true
  }
}
[2026-06-01T15:09:29.571Z] [Router:MainRoute] create() called [
  "Support",
  "Introduction",
  "Home"
]
[2026-06-01T15:09:29.571Z] [Router:MainRoute] loading component Support
[2026-06-01T15:09:29.571Z] [Router:MainRoute] loading component Introduction
[2026-06-01T15:09:29.571Z] [Router:MainRoute] loading component Home
[2026-06-01T15:09:29.575Z] [Router:MainRoute] component resolved Support
[2026-06-01T15:09:29.576Z] [Router:MainRoute] create.update() error {
  "code": "ZRUI_INVALID_STATE",
  "message": "update: lifecycle operation already in flight"
}
[2026-06-01T15:09:29.576Z] [Router:MainRoute] component resolved Introduction
[2026-06-01T15:09:29.576Z] [Router:MainRoute] create.update() error {
  "code": "ZRUI_INVALID_STATE",
  "message": "update: lifecycle operation already in flight"
}
[2026-06-01T15:09:29.580Z] [Router:MainRoute] component resolved Home
[2026-06-01T15:09:29.581Z] [Router:MainRoute] create.update() error {
  "code": "ZRUI_INVALID_STATE",
  "message": "update: lifecycle operation already in flight"
}
[2026-06-01T15:09:29.597Z] [Router:MainRoute] create.update() error {
  "code": "ZRUI_INVALID_STATE",
  "message": "update: lifecycle operation already in flight"
}
[2026-06-01T15:09:29.598Z] [Router:MainRoute] create.update() error {
  "code": "ZRUI_INVALID_STATE",
  "message": "update: lifecycle operation already in flight"
}
[2026-06-01T15:09:29.598Z] [Router:MainRoute] create.update() error {
  "code": "ZRUI_INVALID_STATE",
  "message": "update: lifecycle operation already in flight"
}
[2026-06-01T15:09:29.618Z] [Router:MainRoute] create.update() error {
  "code": "ZRUI_INVALID_STATE",
  "message": "update: lifecycle operation already in flight"
}
[2026-06-01T15:09:29.618Z] [Router:MainRoute] create.update() error {
  "code": "ZRUI_INVALID_STATE",
  "message": "update: lifecycle operation already in flight"
}
[2026-06-01T15:09:29.618Z] [Router:MainRoute] create.update() error {
  "code": "ZRUI_INVALID_STATE",
  "message": "update: lifecycle operation already in flight"
}
[2026-06-01T15:09:29.625Z] [Router:MainRoute] current() -> no routerBundles 
[2026-06-01T15:09:29.643Z] [Router:MainRoute] create.update() before {
  "dataId": "Support",
  "bundleKeys": [],
  "routeBucketKeys": []
}
[2026-06-01T15:09:29.644Z] [Router:MainRoute] create.update() after {
  "dataId": "Support",
  "routeBucketKeys": [
    "Support"
  ]
}
[2026-06-01T15:09:29.644Z] [Router:MainRoute] debugBundles [
  {
    "id": "Support",
    "active": false
  }
]
[2026-06-01T15:09:29.644Z] [Router:MainRoute] current() {
  "active": null,
  "available": [
    {
      "id": "Support",
      "active": false
    }
  ]
}
[2026-06-01T15:09:29.646Z] [Router:MainRoute] create.update() before {
  "dataId": "Introduction",
  "bundleKeys": [
    "MainRoute"
  ],
  "routeBucketKeys": [
    "Support"
  ]
}
[2026-06-01T15:09:29.647Z] [Router:MainRoute] create.update() after {
  "dataId": "Introduction",
  "routeBucketKeys": [
    "Support",
    "Introduction"
  ]
}
[2026-06-01T15:09:29.647Z] [Router:MainRoute] debugBundles [
  {
    "id": "Support",
    "active": false
  },
  {
    "id": "Introduction",
    "active": false
  }
]
[2026-06-01T15:09:29.647Z] [Router:MainRoute] create.update() before {
  "dataId": "Home",
  "bundleKeys": [
    "MainRoute"
  ],
  "routeBucketKeys": [
    "Support",
    "Introduction"
  ]
}
[2026-06-01T15:09:29.647Z] [Router:MainRoute] create.update() after {
  "dataId": "Home",
  "routeBucketKeys": [
    "Support",
    "Introduction",
    "Home"
  ]
}
[2026-06-01T15:09:29.647Z] [Router:MainRoute] debugBundles [
  {
    "id": "Support",
    "active": false
  },
  {
    "id": "Introduction",
    "active": false
  },
  {
    "id": "Home",
    "active": true
  }
]
[2026-06-01T15:09:29.649Z] [Router:MainRoute] current() {
  "active": "Home",
  "available": [
    {
      "id": "Support",
      "active": false
    },
    {
      "id": "Introduction",
      "active": false
    },
    {
      "id": "Home",
      "active": true
    }
  ]
}
[2026-06-01T15:09:33.232Z] [Router:MainRoute] constructor {
  "routerId": "MainRoute",
  "config": {
    "saveOrder": true
  }
}
[2026-06-01T15:09:33.232Z] [Router:MainRoute] create() called [
  "Support",
  "Introduction",
  "Home"
]
[2026-06-01T15:09:33.233Z] [Router:MainRoute] loading component Support
[2026-06-01T15:09:33.233Z] [Router:MainRoute] loading component Introduction
[2026-06-01T15:09:33.233Z] [Router:MainRoute] loading component Home
[2026-06-01T15:09:33.236Z] [Router:MainRoute] component resolved Support
[2026-06-01T15:09:33.236Z] [Router:MainRoute] create.update() error {
  "code": "ZRUI_INVALID_STATE",
  "message": "update: lifecycle operation already in flight"
}
[2026-06-01T15:09:33.237Z] [Router:MainRoute] component resolved Introduction
[2026-06-01T15:09:33.237Z] [Router:MainRoute] create.update() error {
  "code": "ZRUI_INVALID_STATE",
  "message": "update: lifecycle operation already in flight"
}
[2026-06-01T15:09:33.241Z] [Router:MainRoute] component resolved Home
[2026-06-01T15:09:33.241Z] [Router:MainRoute] create.update() error {
  "code": "ZRUI_INVALID_STATE",
  "message": "update: lifecycle operation already in flight"
}
[2026-06-01T15:09:33.257Z] [Router:MainRoute] create.update() error {
  "code": "ZRUI_INVALID_STATE",
  "message": "update: lifecycle operation already in flight"
}
[2026-06-01T15:09:33.257Z] [Router:MainRoute] create.update() error {
  "code": "ZRUI_INVALID_STATE",
  "message": "update: lifecycle operation already in flight"
}
[2026-06-01T15:09:33.257Z] [Router:MainRoute] create.update() error {
  "code": "ZRUI_INVALID_STATE",
  "message": "update: lifecycle operation already in flight"
}
[2026-06-01T15:09:33.277Z] [Router:MainRoute] create.update() error {
  "code": "ZRUI_INVALID_STATE",
  "message": "update: lifecycle operation already in flight"
}
[2026-06-01T15:09:33.277Z] [Router:MainRoute] create.update() error {
  "code": "ZRUI_INVALID_STATE",
  "message": "update: lifecycle operation already in flight"
}
[2026-06-01T15:09:33.277Z] [Router:MainRoute] create.update() error {
  "code": "ZRUI_INVALID_STATE",
  "message": "update: lifecycle operation already in flight"
}
[2026-06-01T15:09:33.293Z] [Router:MainRoute] create.update() error {
  "code": "ZRUI_INVALID_STATE",
  "message": "update: lifecycle operation already in flight"
}
[2026-06-01T15:09:33.293Z] [Router:MainRoute] create.update() error {
  "code": "ZRUI_INVALID_STATE",
  "message": "update: lifecycle operation already in flight"
}
[2026-06-01T15:09:33.293Z] [Router:MainRoute] create.update() error {
  "code": "ZRUI_INVALID_STATE",
  "message": "update: lifecycle operation already in flight"
}
[2026-06-01T15:09:33.299Z] [Router:MainRoute] current() -> no routerBundles 
[2026-06-01T15:09:33.323Z] [Router:MainRoute] create.update() before {
  "dataId": "Support",
  "bundleKeys": [],
  "routeBucketKeys": []
}
[2026-06-01T15:09:33.323Z] [Router:MainRoute] create.update() after {
  "dataId": "Support",
  "routeBucketKeys": [
    "Support"
  ]
}
[2026-06-01T15:09:33.324Z] [Router:MainRoute] debugBundles [
  {
    "id": "Support",
    "active": false
  }
]
[2026-06-01T15:09:33.324Z] [Router:MainRoute] current() {
  "active": null,
  "available": [
    {
      "id": "Support",
      "active": false
    }
  ]
}
[2026-06-01T15:09:33.326Z] [Router:MainRoute] create.update() before {
  "dataId": "Introduction",
  "bundleKeys": [
    "MainRoute"
  ],
  "routeBucketKeys": [
    "Support"
  ]
}
[2026-06-01T15:09:33.326Z] [Router:MainRoute] create.update() after {
  "dataId": "Introduction",
  "routeBucketKeys": [
    "Support",
    "Introduction"
  ]
}
[2026-06-01T15:09:33.327Z] [Router:MainRoute] debugBundles [
  {
    "id": "Support",
    "active": false
  },
  {
    "id": "Introduction",
    "active": false
  }
]
[2026-06-01T15:09:33.327Z] [Router:MainRoute] create.update() before {
  "dataId": "Home",
  "bundleKeys": [
    "MainRoute"
  ],
  "routeBucketKeys": [
    "Support",
    "Introduction"
  ]
}
[2026-06-01T15:09:33.327Z] [Router:MainRoute] create.update() after {
  "dataId": "Home",
  "routeBucketKeys": [
    "Support",
    "Introduction",
    "Home"
  ]
}
[2026-06-01T15:09:33.327Z] [Router:MainRoute] debugBundles [
  {
    "id": "Support",
    "active": false
  },
  {
    "id": "Introduction",
    "active": false
  },
  {
    "id": "Home",
    "active": true
  }
]
[2026-06-01T15:09:33.327Z] [Router:MainRoute] current() {
  "active": "Home",
  "available": [
    {
      "id": "Support",
      "active": false
    },
    {
      "id": "Introduction",
      "active": false
    },
    {
      "id": "Home",
      "active": true
    }
  ]
}
[2026-06-01T15:09:42.813Z] [Router:MainRoute] constructor {
  "routerId": "MainRoute",
  "config": {
    "saveOrder": true
  }
}
[2026-06-01T15:09:42.813Z] [Router:MainRoute] create() called [
  "Support",
  "Introduction",
  "Home"
]
[2026-06-01T15:09:42.813Z] [Router:MainRoute] loading component Support
[2026-06-01T15:09:42.814Z] [Router:MainRoute] loading component Introduction
[2026-06-01T15:09:42.814Z] [Router:MainRoute] loading component Home
[2026-06-01T15:09:42.817Z] [Router:MainRoute] component resolved Support
[2026-06-01T15:09:42.818Z] [Router:MainRoute] create.update() error {
  "code": "ZRUI_INVALID_STATE",
  "message": "update: lifecycle operation already in flight"
}
[2026-06-01T15:09:42.818Z] [Router:MainRoute] component resolved Introduction
[2026-06-01T15:09:42.818Z] [Router:MainRoute] create.update() error {
  "code": "ZRUI_INVALID_STATE",
  "message": "update: lifecycle operation already in flight"
}
[2026-06-01T15:09:42.823Z] [Router:MainRoute] component resolved Home
[2026-06-01T15:09:42.824Z] UNCAUGHT EXCEPTION: backend.start rejected: ZrUiError: engine_create failed: code=-6
ZrUiError: backend.start rejected: ZrUiError: engine_create failed: code=-6
    at <anonymous> (E:\Stuff\2026-Windows-Backup\_projects\fnstart-ssh\tui-rezi\node_modules\@rezi-ui\core\dist\app\createApp.js:741:27)
    at processTicksAndRejections (native:7:39)
[2026-06-01T15:11:04.130Z] [Router:MainRoute] current() {
  "active": "Home",
  "available": [
    {
      "id": "Support",
      "active": false
    },
    {
      "id": "Introduction",
      "active": false
    },
    {
      "id": "Home",
      "active": true
    }
  ]
}
[2026-06-01T15:11:04.454Z] [Router:MainRoute] current() {
  "active": "Home",
  "available": [
    {
      "id": "Support",
      "active": false
    },
    {
      "id": "Introduction",
      "active": false
    },
    {
      "id": "Home",
      "active": true
    }
  ]
}
[2026-06-01T15:11:05.051Z] [Router:MainRoute] order getter initialized history []
[2026-06-01T15:11:05.052Z] [Router:MainRoute] currentPage getter {
  "result": "Home",
  "history": []
}
[2026-06-01T15:11:05.052Z] [Router:MainRoute] currentPage getter {
  "result": "Home",
  "history": []
}
[2026-06-01T15:11:05.052Z] [Router:MainRoute] currentPage getter {
  "result": "Home",
  "history": []
}
[2026-06-01T15:11:05.052Z] [Router:MainRoute] current() {
  "active": "Home",
  "available": [
    {
      "id": "Support",
      "active": false
    },
    {
      "id": "Introduction",
      "active": false
    },
    {
      "id": "Home",
      "active": true
    }
  ]
}
[2026-06-01T15:11:05.798Z] [Router:MainRoute] current() {
  "active": "Home",
  "available": [
    {
      "id": "Support",
      "active": false
    },
    {
      "id": "Introduction",
      "active": false
    },
    {
      "id": "Home",
      "active": true
    }
  ]
}
[2026-06-01T15:11:06.016Z] [Router:MainRoute] current() {
  "active": "Home",
  "available": [
    {
      "id": "Support",
      "active": false
    },
    {
      "id": "Introduction",
      "active": false
    },
    {
      "id": "Home",
      "active": true
    }
  ]
}
[2026-06-01T15:11:06.608Z] [Router:MainRoute] current() {
  "active": "Home",
  "available": [
    {
      "id": "Support",
      "active": false
    },
    {
      "id": "Introduction",
      "active": false
    },
    {
      "id": "Home",
      "active": true
    }
  ]
}
[2026-06-01T15:11:08.124Z] [Router:MainRoute] current() {
  "active": "Home",
  "available": [
    {
      "id": "Support",
      "active": false
    },
    {
      "id": "Introduction",
      "active": false
    },
    {
      "id": "Home",
      "active": true
    }
  ]
}
[2026-06-01T15:11:09.144Z] [Router:MainRoute] current() {
  "active": "Home",
  "available": [
    {
      "id": "Support",
      "active": false
    },
    {
      "id": "Introduction",
      "active": false
    },
    {
      "id": "Home",
      "active": true
    }
  ]
}
[2026-06-01T15:11:09.718Z] [Router:MainRoute] current() {
  "active": "Home",
  "available": [
    {
      "id": "Support",
      "active": false
    },
    {
      "id": "Introduction",
      "active": false
    },
    {
      "id": "Home",
      "active": true
    }
  ]
}
[2026-06-01T15:11:09.873Z] [Router:MainRoute] currentPage getter {
  "result": "Home",
  "history": []
}
[2026-06-01T15:11:09.873Z] [Router:MainRoute] page setter {
  "targetId": "Support",
  "currentPageBefore": "Home",
  "historyBefore": []
}
[2026-06-01T15:11:09.873Z] [Router:MainRoute] currentPage getter {
  "result": "Home",
  "history": []
}
[2026-06-01T15:11:09.873Z] [Router:MainRoute] go() called {
  "targetId": "Support",
  "currentPageGetter": "Home",
  "historyBefore": [],
  "saveOrder": true
}
[2026-06-01T15:11:09.874Z] [Router:MainRoute] getActivePageFromState() {
  "active": "Home",
  "history": []
}
[2026-06-01T15:11:09.874Z] [Router:MainRoute] go().update() start {
  "currentId": "Home",
  "targetId": "Support",
  "historyBefore": []
}
[2026-06-01T15:11:09.874Z] [Router:MainRoute] order setter {
  "before": [],
  "after": [
    "Home"
  ]
}
[2026-06-01T15:11:09.874Z] [Router:MainRoute] go().update() pushed history {
  "pushed": "Home",
  "historyAfterPush": [
    "Home"
  ]
}
[2026-06-01T15:11:09.875Z] [Router:MainRoute] getActivePageFromState() {
  "active": "Home",
  "history": [
    "Home"
  ]
}
[2026-06-01T15:11:09.875Z] [Router:MainRoute] setActivePageInState() before {
  "targetId": "Support",
  "routeBucketKeys": [
    "Support",
    "Introduction",
    "Home"
  ],
  "activeBefore": "Home"
}
[2026-06-01T15:11:09.875Z] [Router:MainRoute] setActivePageInState() after {
  "targetId": "Support",
  "activeAfter": "Support",
  "version": 1
}
[2026-06-01T15:11:09.875Z] [Router:MainRoute] debugBundles [
  {
    "id": "Support",
    "active": true
  },
  {
    "id": "Introduction",
    "active": false
  },
  {
    "id": "Home",
    "active": false
  }
]
[2026-06-01T15:11:09.875Z] [Router:MainRoute] currentPage getter {
  "result": "Support",
  "history": [
    "Home"
  ]
}
[2026-06-01T15:11:09.875Z] [Router:MainRoute] go().update() end {
  "targetId": "Support",
  "currentPageGetterAfter": "Support",
  "historyAfter": [
    "Home"
  ]
}
[2026-06-01T15:11:09.876Z] [Router:MainRoute] current() {
  "active": "Support",
  "available": [
    {
      "id": "Support",
      "active": true
    },
    {
      "id": "Introduction",
      "active": false
    },
    {
      "id": "Home",
      "active": false
    }
  ]
}
[2026-06-01T15:11:10.059Z] [Router:MainRoute] currentPage getter {
  "result": "Support",
  "history": [
    "Home"
  ]
}
[2026-06-01T15:11:10.060Z] [Router:MainRoute] page setter {
  "targetId": "Support",
  "currentPageBefore": "Support",
  "historyBefore": [
    "Home"
  ]
}
[2026-06-01T15:11:10.060Z] [Router:MainRoute] currentPage getter {
  "result": "Support",
  "history": [
    "Home"
  ]
}
[2026-06-01T15:11:10.060Z] [Router:MainRoute] go() called {
  "targetId": "Support",
  "currentPageGetter": "Support",
  "historyBefore": [
    "Home"
  ],
  "saveOrder": true
}
[2026-06-01T15:11:10.060Z] [Router:MainRoute] getActivePageFromState() {
  "active": "Support",
  "history": [
    "Home"
  ]
}
[2026-06-01T15:11:10.060Z] [Router:MainRoute] go().update() start {
  "currentId": "Support",
  "targetId": "Support",
  "historyBefore": [
    "Home"
  ]
}
[2026-06-01T15:11:10.061Z] [Router:MainRoute] go().update() did NOT push history {
  "saveOrder": true,
  "currentId": "Support",
  "targetId": "Support",
  "history": [
    "Home"
  ]
}
[2026-06-01T15:11:10.061Z] [Router:MainRoute] getActivePageFromState() {
  "active": "Support",
  "history": [
    "Home"
  ]
}
[2026-06-01T15:11:10.061Z] [Router:MainRoute] setActivePageInState() before {
  "targetId": "Support",
  "routeBucketKeys": [
    "Support",
    "Introduction",
    "Home"
  ],
  "activeBefore": "Support"
}
[2026-06-01T15:11:10.061Z] [Router:MainRoute] setActivePageInState() after {
  "targetId": "Support",
  "activeAfter": "Support",
  "version": 2
}
[2026-06-01T15:11:10.062Z] [Router:MainRoute] debugBundles [
  {
    "id": "Support",
    "active": true
  },
  {
    "id": "Introduction",
    "active": false
  },
  {
    "id": "Home",
    "active": false
  }
]
[2026-06-01T15:11:10.062Z] [Router:MainRoute] currentPage getter {
  "result": "Support",
  "history": [
    "Home"
  ]
}
[2026-06-01T15:11:10.062Z] [Router:MainRoute] go().update() end {
  "targetId": "Support",
  "currentPageGetterAfter": "Support",
  "historyAfter": [
    "Home"
  ]
}
[2026-06-01T15:11:10.062Z] [Router:MainRoute] current() {
  "active": "Support",
  "available": [
    {
      "id": "Support",
      "active": true
    },
    {
      "id": "Introduction",
      "active": false
    },
    {
      "id": "Home",
      "active": false
    }
  ]
}
[2026-06-01T15:11:10.540Z] [Router:MainRoute] currentPage getter {
  "result": "Support",
  "history": [
    "Home"
  ]
}
[2026-06-01T15:11:10.541Z] [Router:MainRoute] page setter {
  "targetId": "Support",
  "currentPageBefore": "Support",
  "historyBefore": [
    "Home"
  ]
}
[2026-06-01T15:11:10.541Z] [Router:MainRoute] currentPage getter {
  "result": "Support",
  "history": [
    "Home"
  ]
}
[2026-06-01T15:11:10.541Z] [Router:MainRoute] go() called {
  "targetId": "Support",
  "currentPageGetter": "Support",
  "historyBefore": [
    "Home"
  ],
  "saveOrder": true
}
[2026-06-01T15:11:10.541Z] [Router:MainRoute] getActivePageFromState() {
  "active": "Support",
  "history": [
    "Home"
  ]
}
[2026-06-01T15:11:10.541Z] [Router:MainRoute] go().update() start {
  "currentId": "Support",
  "targetId": "Support",
  "historyBefore": [
    "Home"
  ]
}
[2026-06-01T15:11:10.542Z] [Router:MainRoute] go().update() did NOT push history {
  "saveOrder": true,
  "currentId": "Support",
  "targetId": "Support",
  "history": [
    "Home"
  ]
}
[2026-06-01T15:11:10.542Z] [Router:MainRoute] getActivePageFromState() {
  "active": "Support",
  "history": [
    "Home"
  ]
}
[2026-06-01T15:11:10.542Z] [Router:MainRoute] setActivePageInState() before {
  "targetId": "Support",
  "routeBucketKeys": [
    "Support",
    "Introduction",
    "Home"
  ],
  "activeBefore": "Support"
}
[2026-06-01T15:11:10.542Z] [Router:MainRoute] setActivePageInState() after {
  "targetId": "Support",
  "activeAfter": "Support",
  "version": 3
}
[2026-06-01T15:11:10.542Z] [Router:MainRoute] debugBundles [
  {
    "id": "Support",
    "active": true
  },
  {
    "id": "Introduction",
    "active": false
  },
  {
    "id": "Home",
    "active": false
  }
]
[2026-06-01T15:11:10.543Z] [Router:MainRoute] currentPage getter {
  "result": "Support",
  "history": [
    "Home"
  ]
}
[2026-06-01T15:11:10.543Z] [Router:MainRoute] go().update() end {
  "targetId": "Support",
  "currentPageGetterAfter": "Support",
  "historyAfter": [
    "Home"
  ]
}
[2026-06-01T15:11:10.543Z] [Router:MainRoute] current() {
  "active": "Support",
  "available": [
    {
      "id": "Support",
      "active": true
    },
    {
      "id": "Introduction",
      "active": false
    },
    {
      "id": "Home",
      "active": false
    }
  ]
}
[2026-06-01T15:11:11.097Z] [Router:MainRoute] currentPage getter {
  "result": "Support",
  "history": [
    "Home"
  ]
}
[2026-06-01T15:11:11.097Z] [Router:MainRoute] page setter {
  "targetId": "Support",
  "currentPageBefore": "Support",
  "historyBefore": [
    "Home"
  ]
}
[2026-06-01T15:11:11.097Z] [Router:MainRoute] currentPage getter {
  "result": "Support",
  "history": [
    "Home"
  ]
}
[2026-06-01T15:11:11.097Z] [Router:MainRoute] go() called {
  "targetId": "Support",
  "currentPageGetter": "Support",
  "historyBefore": [
    "Home"
  ],
  "saveOrder": true
}
[2026-06-01T15:11:11.098Z] [Router:MainRoute] getActivePageFromState() {
  "active": "Support",
  "history": [
    "Home"
  ]
}
[2026-06-01T15:11:11.098Z] [Router:MainRoute] go().update() start {
  "currentId": "Support",
  "targetId": "Support",
  "historyBefore": [
    "Home"
  ]
}
[2026-06-01T15:11:11.098Z] [Router:MainRoute] go().update() did NOT push history {
  "saveOrder": true,
  "currentId": "Support",
  "targetId": "Support",
  "history": [
    "Home"
  ]
}
[2026-06-01T15:11:11.098Z] [Router:MainRoute] getActivePageFromState() {
  "active": "Support",
  "history": [
    "Home"
  ]
}
[2026-06-01T15:11:11.098Z] [Router:MainRoute] setActivePageInState() before {
  "targetId": "Support",
  "routeBucketKeys": [
    "Support",
    "Introduction",
    "Home"
  ],
  "activeBefore": "Support"
}
[2026-06-01T15:11:11.098Z] [Router:MainRoute] setActivePageInState() after {
  "targetId": "Support",
  "activeAfter": "Support",
  "version": 4
}
[2026-06-01T15:11:11.099Z] [Router:MainRoute] debugBundles [
  {
    "id": "Support",
    "active": true
  },
  {
    "id": "Introduction",
    "active": false
  },
  {
    "id": "Home",
    "active": false
  }
]
[2026-06-01T15:11:11.099Z] [Router:MainRoute] currentPage getter {
  "result": "Support",
  "history": [
    "Home"
  ]
}
[2026-06-01T15:11:11.099Z] [Router:MainRoute] go().update() end {
  "targetId": "Support",
  "currentPageGetterAfter": "Support",
  "historyAfter": [
    "Home"
  ]
}
[2026-06-01T15:11:11.099Z] [Router:MainRoute] current() {
  "active": "Support",
  "available": [
    {
      "id": "Support",
      "active": true
    },
    {
      "id": "Introduction",
      "active": false
    },
    {
      "id": "Home",
      "active": false
    }
  ]
}
[2026-06-01T15:11:12.118Z] [Router:MainRoute] currentPage getter {
  "result": "Support",
  "history": [
    "Home"
  ]
}
[2026-06-01T15:11:12.118Z] [Router:MainRoute] currentPage getter {
  "result": "Support",
  "history": [
    "Home"
  ]
}
[2026-06-01T15:11:12.118Z] [Router:MainRoute] page setter {
  "targetId": "Introduction",
  "currentPageBefore": "Support",
  "historyBefore": [
    "Home"
  ]
}
[2026-06-01T15:11:12.118Z] [Router:MainRoute] currentPage getter {
  "result": "Support",
  "history": [
    "Home"
  ]
}
[2026-06-01T15:11:12.119Z] [Router:MainRoute] go() called {
  "targetId": "Introduction",
  "currentPageGetter": "Support",
  "historyBefore": [
    "Home"
  ],
  "saveOrder": true
}
[2026-06-01T15:11:12.119Z] [Router:MainRoute] currentPage getter {
  "result": "Support",
  "history": [
    "Home"
  ]
}
[2026-06-01T15:11:12.119Z] [Router:MainRoute] currentPage getter {
  "result": "Support",
  "history": [
    "Home"
  ]
}
[2026-06-01T15:11:12.119Z] [Router:MainRoute] getActivePageFromState() {
  "active": "Support",
  "history": [
    "Home"
  ]
}
[2026-06-01T15:11:12.119Z] [Router:MainRoute] go().update() start {
  "currentId": "Support",
  "targetId": "Introduction",
  "historyBefore": [
    "Home"
  ]
}
[2026-06-01T15:11:12.119Z] [Router:MainRoute] order setter {
  "before": [
    "Home"
  ],
  "after": [
    "Home",
    "Support"
  ]
}
[2026-06-01T15:11:12.119Z] [Router:MainRoute] go().update() pushed history {
  "pushed": "Support",
  "historyAfterPush": [
    "Home",
    "Support"
  ]
}
[2026-06-01T15:11:12.120Z] [Router:MainRoute] getActivePageFromState() {
  "active": "Support",
  "history": [
    "Home",
    "Support"
  ]
}
[2026-06-01T15:11:12.120Z] [Router:MainRoute] setActivePageInState() before {
  "targetId": "Introduction",
  "routeBucketKeys": [
    "Support",
    "Introduction",
    "Home"
  ],
  "activeBefore": "Support"
}
[2026-06-01T15:11:12.120Z] [Router:MainRoute] setActivePageInState() after {
  "targetId": "Introduction",
  "activeAfter": "Introduction",
  "version": 5
}
[2026-06-01T15:11:12.120Z] [Router:MainRoute] debugBundles [
  {
    "id": "Support",
    "active": false
  },
  {
    "id": "Introduction",
    "active": true
  },
  {
    "id": "Home",
    "active": false
  }
]
[2026-06-01T15:11:12.120Z] [Router:MainRoute] currentPage getter {
  "result": "Introduction",
  "history": [
    "Home",
    "Support"
  ]
}
[2026-06-01T15:11:12.120Z] [Router:MainRoute] go().update() end {
  "targetId": "Introduction",
  "currentPageGetterAfter": "Introduction",
  "historyAfter": [
    "Home",
    "Support"
  ]
}
[2026-06-01T15:11:12.120Z] [Router:MainRoute] current() {
  "active": "Introduction",
  "available": [
    {
      "id": "Support",
      "active": false
    },
    {
      "id": "Introduction",
      "active": true
    },
    {
      "id": "Home",
      "active": false
    }
  ]
}
[2026-06-01T15:11:12.349Z] [Router:MainRoute] currentPage getter {
  "result": "Introduction",
  "history": [
    "Home",
    "Support"
  ]
}
[2026-06-01T15:11:12.349Z] [Router:MainRoute] currentPage getter {
  "result": "Introduction",
  "history": [
    "Home",
    "Support"
  ]
}
[2026-06-01T15:11:12.350Z] [Router:MainRoute] currentPage getter {
  "result": "Introduction",
  "history": [
    "Home",
    "Support"
  ]
}
[2026-06-01T15:11:12.350Z] [Router:MainRoute] page setter {
  "targetId": "Home",
  "currentPageBefore": "Introduction",
  "historyBefore": [
    "Home",
    "Support"
  ]
}
[2026-06-01T15:11:12.350Z] [Router:MainRoute] currentPage getter {
  "result": "Introduction",
  "history": [
    "Home",
    "Support"
  ]
}
[2026-06-01T15:11:12.350Z] [Router:MainRoute] go() called {
  "targetId": "Home",
  "currentPageGetter": "Introduction",
  "historyBefore": [
    "Home",
    "Support"
  ],
  "saveOrder": true
}
[2026-06-01T15:11:12.350Z] [Router:MainRoute] currentPage getter {
  "result": "Introduction",
  "history": [
    "Home",
    "Support"
  ]
}
[2026-06-01T15:11:12.350Z] [Router:MainRoute] getActivePageFromState() {
  "active": "Introduction",
  "history": [
    "Home",
    "Support"
  ]
}
[2026-06-01T15:11:12.350Z] [Router:MainRoute] go().update() start {
  "currentId": "Introduction",
  "targetId": "Home",
  "historyBefore": [
    "Home",
    "Support"
  ]
}
[2026-06-01T15:11:12.351Z] [Router:MainRoute] order setter {
  "before": [
    "Home",
    "Support"
  ],
  "after": [
    "Home",
    "Support",
    "Introduction"
  ]
}
[2026-06-01T15:11:12.351Z] [Router:MainRoute] go().update() pushed history {
  "pushed": "Introduction",
  "historyAfterPush": [
    "Home",
    "Support",
    "Introduction"
  ]
}
[2026-06-01T15:11:12.351Z] [Router:MainRoute] getActivePageFromState() {
  "active": "Introduction",
  "history": [
    "Home",
    "Support",
    "Introduction"
  ]
}
[2026-06-01T15:11:12.351Z] [Router:MainRoute] setActivePageInState() before {
  "targetId": "Home",
  "routeBucketKeys": [
    "Support",
    "Introduction",
    "Home"
  ],
  "activeBefore": "Introduction"
}
[2026-06-01T15:11:12.351Z] [Router:MainRoute] setActivePageInState() after {
  "targetId": "Home",
  "activeAfter": "Home",
  "version": 6
}
[2026-06-01T15:11:12.351Z] [Router:MainRoute] debugBundles [
  {
    "id": "Support",
    "active": false
  },
  {
    "id": "Introduction",
    "active": false
  },
  {
    "id": "Home",
    "active": true
  }
]
[2026-06-01T15:11:12.351Z] [Router:MainRoute] currentPage getter {
  "result": "Home",
  "history": [
    "Home",
    "Support",
    "Introduction"
  ]
}
[2026-06-01T15:11:12.352Z] [Router:MainRoute] go().update() end {
  "targetId": "Home",
  "currentPageGetterAfter": "Home",
  "historyAfter": [
    "Home",
    "Support",
    "Introduction"
  ]
}
[2026-06-01T15:11:12.352Z] [Router:MainRoute] current() {
  "active": "Home",
  "available": [
    {
      "id": "Support",
      "active": false
    },
    {
      "id": "Introduction",
      "active": false
    },
    {
      "id": "Home",
      "active": true
    }
  ]
}
[2026-06-01T15:11:12.549Z] [Router:MainRoute] currentPage getter {
  "result": "Home",
  "history": [
    "Home",
    "Support",
    "Introduction"
  ]
}
[2026-06-01T15:11:12.550Z] [Router:MainRoute] currentPage getter {
  "result": "Home",
  "history": [
    "Home",
    "Support",
    "Introduction"
  ]
}
[2026-06-01T15:11:12.550Z] [Router:MainRoute] currentPage getter {
  "result": "Home",
  "history": [
    "Home",
    "Support",
    "Introduction"
  ]
}
[2026-06-01T15:11:12.550Z] [Router:MainRoute] current() {
  "active": "Home",
  "available": [
    {
      "id": "Support",
      "active": false
    },
    {
      "id": "Introduction",
      "active": false
    },
    {
      "id": "Home",
      "active": true
    }
  ]
}
[2026-06-01T15:11:14.793Z] [Router:MainRoute] current() {
  "active": "Home",
  "available": [
    {
      "id": "Support",
      "active": false
    },
    {
      "id": "Introduction",
      "active": false
    },
    {
      "id": "Home",
      "active": true
    }
  ]
}
[2026-06-01T15:11:15.101Z] [Router:MainRoute] current() {
  "active": "Home",
  "available": [
    {
      "id": "Support",
      "active": false
    },
    {
      "id": "Introduction",
      "active": false
    },
    {
      "id": "Home",
      "active": true
    }
  ]
}
[2026-06-01T15:11:15.515Z] [Router:MainRoute] current() {
  "active": "Home",
  "available": [
    {
      "id": "Support",
      "active": false
    },
    {
      "id": "Introduction",
      "active": false
    },
    {
      "id": "Home",
      "active": true
    }
  ]
}
[2026-06-01T15:12:03.807Z] [Router:MainRoute] current() {
  "active": "Home",
  "available": [
    {
      "id": "Support",
      "active": false
    },
    {
      "id": "Introduction",
      "active": false
    },
    {
      "id": "Home",
      "active": true
    }
  ]
}
[2026-06-01T15:12:04.289Z] [Router:MainRoute] currentPage getter {
  "result": "Home",
  "history": [
    "Home",
    "Support",
    "Introduction"
  ]
}
[2026-06-01T15:12:04.289Z] [Router:MainRoute] currentPage getter {
  "result": "Home",
  "history": [
    "Home",
    "Support",
    "Introduction"
  ]
}
[2026-06-01T15:12:04.289Z] [Router:MainRoute] currentPage getter {
  "result": "Home",
  "history": [
    "Home",
    "Support",
    "Introduction"
  ]
}
[2026-06-01T15:12:04.289Z] [Router:MainRoute] current() {
  "active": "Home",
  "available": [
    {
      "id": "Support",
      "active": false
    },
    {
      "id": "Introduction",
      "active": false
    },
    {
      "id": "Home",
      "active": true
    }
  ]
}
[2026-06-01T15:12:04.460Z] [Router:MainRoute] current() {
  "active": "Home",
  "available": [
    {
      "id": "Support",
      "active": false
    },
    {
      "id": "Introduction",
      "active": false
    },
    {
      "id": "Home",
      "active": true
    }
  ]
}
[2026-06-01T15:12:39.911Z] [Router:MainRoute] current() {
  "active": "Home",
  "available": [
    {
      "id": "Support",
      "active": false
    },
    {
      "id": "Introduction",
      "active": false
    },
    {
      "id": "Home",
      "active": true
    }
  ]
}
[2026-06-01T15:12:40.249Z] [Router:MainRoute] current() {
  "active": "Home",
  "available": [
    {
      "id": "Support",
      "active": false
    },
    {
      "id": "Introduction",
      "active": false
    },
    {
      "id": "Home",
      "active": true
    }
  ]
}
[2026-06-01T15:12:40.452Z] [Router:MainRoute] current() {
  "active": "Home",
  "available": [
    {
      "id": "Support",
      "active": false
    },
    {
      "id": "Introduction",
      "active": false
    },
    {
      "id": "Home",
      "active": true
    }
  ]
}
[2026-06-01T15:12:40.590Z] [Router:MainRoute] current() {
  "active": "Home",
  "available": [
    {
      "id": "Support",
      "active": false
    },
    {
      "id": "Introduction",
      "active": false
    },
    {
      "id": "Home",
      "active": true
    }
  ]
}
[2026-06-01T15:12:40.776Z] [Router:MainRoute] current() {
  "active": "Home",
  "available": [
    {
      "id": "Support",
      "active": false
    },
    {
      "id": "Introduction",
      "active": false
    },
    {
      "id": "Home",
      "active": true
    }
  ]
}
[2026-06-01T15:12:40.917Z] [Router:MainRoute] current() {
  "active": "Home",
  "available": [
    {
      "id": "Support",
      "active": false
    },
    {
      "id": "Introduction",
      "active": false
    },
    {
      "id": "Home",
      "active": true
    }
  ]
}
[2026-06-01T15:12:41.177Z] [Router:MainRoute] currentPage getter {
  "result": "Home",
  "history": [
    "Home",
    "Support",
    "Introduction"
  ]
}
[2026-06-01T15:12:41.177Z] [Router:MainRoute] currentPage getter {
  "result": "Home",
  "history": [
    "Home",
    "Support",
    "Introduction"
  ]
}
[2026-06-01T15:12:41.178Z] [Router:MainRoute] currentPage getter {
  "result": "Home",
  "history": [
    "Home",
    "Support",
    "Introduction"
  ]
}
[2026-06-01T15:12:41.178Z] [Router:MainRoute] current() {
  "active": "Home",
  "available": [
    {
      "id": "Support",
      "active": false
    },
    {
      "id": "Introduction",
      "active": false
    },
    {
      "id": "Home",
      "active": true
    }
  ]
}
[2026-06-01T15:12:41.381Z] [Router:MainRoute] current() {
  "active": "Home",
  "available": [
    {
      "id": "Support",
      "active": false
    },
    {
      "id": "Introduction",
      "active": false
    },
    {
      "id": "Home",
      "active": true
    }
  ]
}
[2026-06-01T15:12:41.426Z] [Router:MainRoute] currentPage getter {
  "result": "Home",
  "history": [
    "Home",
    "Support",
    "Introduction"
  ]
}
[2026-06-01T15:12:41.427Z] [Router:MainRoute] currentPage getter {
  "result": "Home",
  "history": [
    "Home",
    "Support",
    "Introduction"
  ]
}
[2026-06-01T15:12:41.427Z] [Router:MainRoute] currentPage getter {
  "result": "Home",
  "history": [
    "Home",
    "Support",
    "Introduction"
  ]
}
[2026-06-01T15:12:41.427Z] [Router:MainRoute] current() {
  "active": "Home",
  "available": [
    {
      "id": "Support",
      "active": false
    },
    {
      "id": "Introduction",
      "active": false
    },
    {
      "id": "Home",
      "active": true
    }
  ]
}
[2026-06-01T15:12:41.568Z] [Router:MainRoute] current() {
  "active": "Home",
  "available": [
    {
      "id": "Support",
      "active": false
    },
    {
      "id": "Introduction",
      "active": false
    },
    {
      "id": "Home",
      "active": true
    }
  ]
}
[2026-06-01T15:12:41.675Z] [Router:MainRoute] currentPage getter {
  "result": "Home",
  "history": [
    "Home",
    "Support",
    "Introduction"
  ]
}
[2026-06-01T15:12:41.675Z] [Router:MainRoute] currentPage getter {
  "result": "Home",
  "history": [
    "Home",
    "Support",
    "Introduction"
  ]
}
[2026-06-01T15:12:41.675Z] [Router:MainRoute] currentPage getter {
  "result": "Home",
  "history": [
    "Home",
    "Support",
    "Introduction"
  ]
}
[2026-06-01T15:12:41.676Z] [Router:MainRoute] current() {
  "active": "Home",
  "available": [
    {
      "id": "Support",
      "active": false
    },
    {
      "id": "Introduction",
      "active": false
    },
    {
      "id": "Home",
      "active": true
    }
  ]
}
[2026-06-01T15:12:41.722Z] [Router:MainRoute] current() {
  "active": "Home",
  "available": [
    {
      "id": "Support",
      "active": false
    },
    {
      "id": "Introduction",
      "active": false
    },
    {
      "id": "Home",
      "active": true
    }
  ]
}
[2026-06-01T15:12:41.827Z] [Router:MainRoute] currentPage getter {
  "result": "Home",
  "history": [
    "Home",
    "Support",
    "Introduction"
  ]
}
[2026-06-01T15:12:41.828Z] [Router:MainRoute] currentPage getter {
  "result": "Home",
  "history": [
    "Home",
    "Support",
    "Introduction"
  ]
}
[2026-06-01T15:12:41.828Z] [Router:MainRoute] currentPage getter {
  "result": "Home",
  "history": [
    "Home",
    "Support",
    "Introduction"
  ]
}
[2026-06-01T15:12:41.828Z] [Router:MainRoute] current() {
  "active": "Home",
  "available": [
    {
      "id": "Support",
      "active": false
    },
    {
      "id": "Introduction",
      "active": false
    },
    {
      "id": "Home",
      "active": true
    }
  ]
}
[2026-06-01T15:12:41.903Z] [Router:MainRoute] current() {
  "active": "Home",
  "available": [
    {
      "id": "Support",
      "active": false
    },
    {
      "id": "Introduction",
      "active": false
    },
    {
      "id": "Home",
      "active": true
    }
  ]
}
[2026-06-01T15:12:42.403Z] [Router:MainRoute] current() {
  "active": "Home",
  "available": [
    {
      "id": "Support",
      "active": false
    },
    {
      "id": "Introduction",
      "active": false
    },
    {
      "id": "Home",
      "active": true
    }
  ]
}
[2026-06-01T15:12:42.602Z] [Router:MainRoute] current() {
  "active": "Home",
  "available": [
    {
      "id": "Support",
      "active": false
    },
    {
      "id": "Introduction",
      "active": false
    },
    {
      "id": "Home",
      "active": true
    }
  ]
}
[2026-06-01T15:12:43.070Z] [Router:MainRoute] current() {
  "active": "Home",
  "available": [
    {
      "id": "Support",
      "active": false
    },
    {
      "id": "Introduction",
      "active": false
    },
    {
      "id": "Home",
      "active": true
    }
  ]
}
[2026-06-01T15:12:43.413Z] [Router:MainRoute] current() {
  "active": "Home",
  "available": [
    {
      "id": "Support",
      "active": false
    },
    {
      "id": "Introduction",
      "active": false
    },
    {
      "id": "Home",
      "active": true
    }
  ]
}
[2026-06-01T15:12:44.076Z] [Router:MainRoute] current() {
  "active": "Home",
  "available": [
    {
      "id": "Support",
      "active": false
    },
    {
      "id": "Introduction",
      "active": false
    },
    {
      "id": "Home",
      "active": true
    }
  ]
}
[2026-06-01T15:12:44.323Z] [Router:MainRoute] current() {
  "active": "Home",
  "available": [
    {
      "id": "Support",
      "active": false
    },
    {
      "id": "Introduction",
      "active": false
    },
    {
      "id": "Home",
      "active": true
    }
  ]
}
[2026-06-01T15:12:45.145Z] [Router:MainRoute] current() {
  "active": "Home",
  "available": [
    {
      "id": "Support",
      "active": false
    },
    {
      "id": "Introduction",
      "active": false
    },
    {
      "id": "Home",
      "active": true
    }
  ]
}
[2026-06-01T15:12:45.452Z] [Router:MainRoute] current() {
  "active": "Home",
  "available": [
    {
      "id": "Support",
      "active": false
    },
    {
      "id": "Introduction",
      "active": false
    },
    {
      "id": "Home",
      "active": true
    }
  ]
}
[2026-06-01T15:12:45.717Z] [Router:MainRoute] current() {
  "active": "Home",
  "available": [
    {
      "id": "Support",
      "active": false
    },
    {
      "id": "Introduction",
      "active": false
    },
    {
      "id": "Home",
      "active": true
    }
  ]
}
[2026-06-01T15:12:45.962Z] [Router:MainRoute] current() {
  "active": "Home",
  "available": [
    {
      "id": "Support",
      "active": false
    },
    {
      "id": "Introduction",
      "active": false
    },
    {
      "id": "Home",
      "active": true
    }
  ]
}
[2026-06-01T15:12:46.133Z] [Router:MainRoute] current() {
  "active": "Home",
  "available": [
    {
      "id": "Support",
      "active": false
    },
    {
      "id": "Introduction",
      "active": false
    },
    {
      "id": "Home",
      "active": true
    }
  ]
}
[2026-06-01T15:12:46.407Z] [Router:MainRoute] current() {
  "active": "Home",
  "available": [
    {
      "id": "Support",
      "active": false
    },
    {
      "id": "Introduction",
      "active": false
    },
    {
      "id": "Home",
      "active": true
    }
  ]
}
[2026-06-01T15:12:46.595Z] [Router:MainRoute] current() {
  "active": "Home",
  "available": [
    {
      "id": "Support",
      "active": false
    },
    {
      "id": "Introduction",
      "active": false
    },
    {
      "id": "Home",
      "active": true
    }
  ]
}
[2026-06-01T15:12:47.120Z] [Router:MainRoute] current() {
  "active": "Home",
  "available": [
    {
      "id": "Support",
      "active": false
    },
    {
      "id": "Introduction",
      "active": false
    },
    {
      "id": "Home",
      "active": true
    }
  ]
}
[2026-06-01T15:12:47.382Z] [Router:MainRoute] current() {
  "active": "Home",
  "available": [
    {
      "id": "Support",
      "active": false
    },
    {
      "id": "Introduction",
      "active": false
    },
    {
      "id": "Home",
      "active": true
    }
  ]
}
[2026-06-01T15:12:47.598Z] [Router:MainRoute] current() {
  "active": "Home",
  "available": [
    {
      "id": "Support",
      "active": false
    },
    {
      "id": "Introduction",
      "active": false
    },
    {
      "id": "Home",
      "active": true
    }
  ]
}
[2026-06-01T15:13:06.372Z] [Router:MainRoute] current() {
  "active": "Home",
  "available": [
    {
      "id": "Support",
      "active": false
    },
    {
      "id": "Introduction",
      "active": false
    },
    {
      "id": "Home",
      "active": true
    }
  ]
}
[2026-06-01T15:13:06.783Z] [Router:MainRoute] current() {
  "active": "Home",
  "available": [
    {
      "id": "Support",
      "active": false
    },
    {
      "id": "Introduction",
      "active": false
    },
    {
      "id": "Home",
      "active": true
    }
  ]
}
[2026-06-01T15:13:07.012Z] [Router:MainRoute] current() {
  "active": "Home",
  "available": [
    {
      "id": "Support",
      "active": false
    },
    {
      "id": "Introduction",
      "active": false
    },
    {
      "id": "Home",
      "active": true
    }
  ]
}
[2026-06-01T15:13:07.635Z] [Router:MainRoute] currentPage getter {
  "result": "Home",
  "history": [
    "Home",
    "Support",
    "Introduction"
  ]
}
[2026-06-01T15:13:07.635Z] [Router:MainRoute] currentPage getter {
  "result": "Home",
  "history": [
    "Home",
    "Support",
    "Introduction"
  ]
}
[2026-06-01T15:13:07.635Z] [Router:MainRoute] currentPage getter {
  "result": "Home",
  "history": [
    "Home",
    "Support",
    "Introduction"
  ]
}
[2026-06-01T15:13:07.636Z] [Router:MainRoute] current() {
  "active": "Home",
  "available": [
    {
      "id": "Support",
      "active": false
    },
    {
      "id": "Introduction",
      "active": false
    },
    {
      "id": "Home",
      "active": true
    }
  ]
}
[2026-06-01T15:13:07.854Z] [Router:MainRoute] current() {
  "active": "Home",
  "available": [
    {
      "id": "Support",
      "active": false
    },
    {
      "id": "Introduction",
      "active": false
    },
    {
      "id": "Home",
      "active": true
    }
  ]
}
[2026-06-01T15:13:08.437Z] [Router:MainRoute] current() {
  "active": "Home",
  "available": [
    {
      "id": "Support",
      "active": false
    },
    {
      "id": "Introduction",
      "active": false
    },
    {
      "id": "Home",
      "active": true
    }
  ]
}
[2026-06-01T15:13:27.322Z] [Router:MainRoute] constructor {
  "routerId": "MainRoute",
  "config": {
    "saveOrder": true
  }
}
[2026-06-01T15:13:27.322Z] [Router:MainRoute] create() called [
  "Support",
  "Introduction",
  "Home"
]
[2026-06-01T15:13:27.322Z] [Router:MainRoute] loading component Support
[2026-06-01T15:13:27.323Z] [Router:MainRoute] loading component Introduction
[2026-06-01T15:13:27.323Z] [Router:MainRoute] loading component Home
[2026-06-01T15:13:27.325Z] [Router:MainRoute] component resolved Support
[2026-06-01T15:13:27.326Z] [Router:MainRoute] create.update() error {
  "code": "ZRUI_INVALID_STATE",
  "message": "update: lifecycle operation already in flight"
}
[2026-06-01T15:13:27.326Z] [Router:MainRoute] component resolved Introduction
[2026-06-01T15:13:27.326Z] [Router:MainRoute] create.update() error {
  "code": "ZRUI_INVALID_STATE",
  "message": "update: lifecycle operation already in flight"
}
[2026-06-01T15:13:27.331Z] [Router:MainRoute] component resolved Home
[2026-06-01T15:13:27.331Z] [Router:MainRoute] create.update() error {
  "code": "ZRUI_INVALID_STATE",
  "message": "update: lifecycle operation already in flight"
}
[2026-06-01T15:13:27.337Z] [Router:MainRoute] create.update() error {
  "code": "ZRUI_INVALID_STATE",
  "message": "update: lifecycle operation already in flight"
}
[2026-06-01T15:13:27.337Z] [Router:MainRoute] create.update() error {
  "code": "ZRUI_INVALID_STATE",
  "message": "update: lifecycle operation already in flight"
}
[2026-06-01T15:13:27.349Z] [Router:MainRoute] create.update() error {
  "code": "ZRUI_INVALID_STATE",
  "message": "update: lifecycle operation already in flight"
}
[2026-06-01T15:13:27.349Z] [Router:MainRoute] create.update() error {
  "code": "ZRUI_INVALID_STATE",
  "message": "update: lifecycle operation already in flight"
}
[2026-06-01T15:13:27.349Z] [Router:MainRoute] create.update() error {
  "code": "ZRUI_INVALID_STATE",
  "message": "update: lifecycle operation already in flight"
}
[2026-06-01T15:13:27.367Z] [Router:MainRoute] create.update() error {
  "code": "ZRUI_INVALID_STATE",
  "message": "update: lifecycle operation already in flight"
}
[2026-06-01T15:13:27.367Z] [Router:MainRoute] create.update() error {
  "code": "ZRUI_INVALID_STATE",
  "message": "update: lifecycle operation already in flight"
}
[2026-06-01T15:13:27.368Z] [Router:MainRoute] create.update() error {
  "code": "ZRUI_INVALID_STATE",
  "message": "update: lifecycle operation already in flight"
}
[2026-06-01T15:13:27.384Z] [Router:MainRoute] create.update() error {
  "code": "ZRUI_INVALID_STATE",
  "message": "update: lifecycle operation already in flight"
}
[2026-06-01T15:13:27.384Z] [Router:MainRoute] create.update() error {
  "code": "ZRUI_INVALID_STATE",
  "message": "update: lifecycle operation already in flight"
}
[2026-06-01T15:13:27.384Z] [Router:MainRoute] create.update() error {
  "code": "ZRUI_INVALID_STATE",
  "message": "update: lifecycle operation already in flight"
}
[2026-06-01T15:13:27.391Z] [Router:MainRoute] current() -> no routerBundles 
[2026-06-01T15:13:27.415Z] [Router:MainRoute] create.update() before {
  "dataId": "Home",
  "bundleKeys": [],
  "routeBucketKeys": []
}
[2026-06-01T15:13:27.415Z] [Router:MainRoute] create.update() after {
  "dataId": "Home",
  "routeBucketKeys": [
    "Home"
  ]
}
[2026-06-01T15:13:27.415Z] [Router:MainRoute] debugBundles [
  {
    "id": "Home",
    "active": true
  }
]
[2026-06-01T15:13:27.416Z] [Router:MainRoute] current() {
  "active": "Home",
  "available": [
    {
      "id": "Home",
      "active": true
    }
  ]
}
[2026-06-01T15:13:27.426Z] [Router:MainRoute] create.update() before {
  "dataId": "Support",
  "bundleKeys": [
    "MainRoute"
  ],
  "routeBucketKeys": [
    "Home"
  ]
}
[2026-06-01T15:13:27.426Z] [Router:MainRoute] create.update() after {
  "dataId": "Support",
  "routeBucketKeys": [
    "Home",
    "Support"
  ]
}
[2026-06-01T15:13:27.426Z] [Router:MainRoute] debugBundles [
  {
    "id": "Home",
    "active": true
  },
  {
    "id": "Support",
    "active": false
  }
]
[2026-06-01T15:13:27.426Z] [Router:MainRoute] create.update() before {
  "dataId": "Introduction",
  "bundleKeys": [
    "MainRoute"
  ],
  "routeBucketKeys": [
    "Home",
    "Support"
  ]
}
[2026-06-01T15:13:27.427Z] [Router:MainRoute] create.update() after {
  "dataId": "Introduction",
  "routeBucketKeys": [
    "Home",
    "Support",
    "Introduction"
  ]
}
[2026-06-01T15:13:27.427Z] [Router:MainRoute] debugBundles [
  {
    "id": "Home",
    "active": true
  },
  {
    "id": "Support",
    "active": false
  },
  {
    "id": "Introduction",
    "active": false
  }
]
[2026-06-01T15:13:27.427Z] [Router:MainRoute] current() {
  "active": "Home",
  "available": [
    {
      "id": "Home",
      "active": true
    },
    {
      "id": "Support",
      "active": false
    },
    {
      "id": "Introduction",
      "active": false
    }
  ]
}
[2026-06-01T15:13:37.311Z] [Router:MainRoute] constructor {
  "routerId": "MainRoute",
  "config": {
    "saveOrder": true
  }
}
[2026-06-01T15:13:37.311Z] [Router:MainRoute] create() called [
  "Support",
  "Introduction",
  "Home"
]
[2026-06-01T15:13:37.312Z] [Router:MainRoute] loading component Support
[2026-06-01T15:13:37.312Z] [Router:MainRoute] loading component Introduction
[2026-06-01T15:13:37.312Z] [Router:MainRoute] loading component Home
[2026-06-01T15:13:37.316Z] [Router:MainRoute] component resolved Support
[2026-06-01T15:13:37.316Z] [Router:MainRoute] create.update() error {
  "code": "ZRUI_INVALID_STATE",
  "message": "update: lifecycle operation already in flight"
}
[2026-06-01T15:13:37.316Z] [Router:MainRoute] component resolved Introduction
[2026-06-01T15:13:37.316Z] [Router:MainRoute] create.update() error {
  "code": "ZRUI_INVALID_STATE",
  "message": "update: lifecycle operation already in flight"
}
[2026-06-01T15:13:37.320Z] [Router:MainRoute] component resolved Home
[2026-06-01T15:13:37.321Z] [Router:MainRoute] create.update() error {
  "code": "ZRUI_INVALID_STATE",
  "message": "update: lifecycle operation already in flight"
}
[2026-06-01T15:13:37.331Z] [Router:MainRoute] create.update() error {
  "code": "ZRUI_INVALID_STATE",
  "message": "update: lifecycle operation already in flight"
}
[2026-06-01T15:13:37.331Z] [Router:MainRoute] create.update() error {
  "code": "ZRUI_INVALID_STATE",
  "message": "update: lifecycle operation already in flight"
}
[2026-06-01T15:13:37.337Z] [Router:MainRoute] create.update() error {
  "code": "ZRUI_INVALID_STATE",
  "message": "update: lifecycle operation already in flight"
}
[2026-06-01T15:13:37.346Z] [Router:MainRoute] create.update() error {
  "code": "ZRUI_INVALID_STATE",
  "message": "update: lifecycle operation already in flight"
}
[2026-06-01T15:13:37.347Z] [Router:MainRoute] create.update() error {
  "code": "ZRUI_INVALID_STATE",
  "message": "update: lifecycle operation already in flight"
}
[2026-06-01T15:13:37.362Z] [Router:MainRoute] create.update() error {
  "code": "ZRUI_INVALID_STATE",
  "message": "update: lifecycle operation already in flight"
}
[2026-06-01T15:13:37.362Z] [Router:MainRoute] create.update() error {
  "code": "ZRUI_INVALID_STATE",
  "message": "update: lifecycle operation already in flight"
}
[2026-06-01T15:13:37.363Z] [Router:MainRoute] create.update() error {
  "code": "ZRUI_INVALID_STATE",
  "message": "update: lifecycle operation already in flight"
}
[2026-06-01T15:13:37.370Z] [Router:MainRoute] current() -> no routerBundles 
[2026-06-01T15:13:37.394Z] [Router:MainRoute] create.update() before {
  "dataId": "Home",
  "bundleKeys": [],
  "routeBucketKeys": []
}
[2026-06-01T15:13:37.395Z] [Router:MainRoute] create.update() after {
  "dataId": "Home",
  "routeBucketKeys": [
    "Home"
  ]
}
[2026-06-01T15:13:37.395Z] [Router:MainRoute] debugBundles [
  {
    "id": "Home",
    "active": true
  }
]
[2026-06-01T15:13:37.395Z] [Router:MainRoute] current() {
  "active": "Home",
  "available": [
    {
      "id": "Home",
      "active": true
    }
  ]
}
[2026-06-01T15:13:37.406Z] [Router:MainRoute] create.update() before {
  "dataId": "Support",
  "bundleKeys": [
    "MainRoute"
  ],
  "routeBucketKeys": [
    "Home"
  ]
}
[2026-06-01T15:13:37.406Z] [Router:MainRoute] create.update() after {
  "dataId": "Support",
  "routeBucketKeys": [
    "Home",
    "Support"
  ]
}
[2026-06-01T15:13:37.406Z] [Router:MainRoute] debugBundles [
  {
    "id": "Home",
    "active": true
  },
  {
    "id": "Support",
    "active": false
  }
]
[2026-06-01T15:13:37.407Z] [Router:MainRoute] create.update() before {
  "dataId": "Introduction",
  "bundleKeys": [
    "MainRoute"
  ],
  "routeBucketKeys": [
    "Home",
    "Support"
  ]
}
[2026-06-01T15:13:37.407Z] [Router:MainRoute] create.update() after {
  "dataId": "Introduction",
  "routeBucketKeys": [
    "Home",
    "Support",
    "Introduction"
  ]
}
[2026-06-01T15:13:37.407Z] [Router:MainRoute] debugBundles [
  {
    "id": "Home",
    "active": true
  },
  {
    "id": "Support",
    "active": false
  },
  {
    "id": "Introduction",
    "active": false
  }
]
[2026-06-01T15:13:37.407Z] [Router:MainRoute] current() {
  "active": "Home",
  "available": [
    {
      "id": "Home",
      "active": true
    },
    {
      "id": "Support",
      "active": false
    },
    {
      "id": "Introduction",
      "active": false
    }
  ]
}
[2026-06-01T15:13:44.760Z] [Router:MainRoute] constructor {
  "routerId": "MainRoute",
  "config": {
    "saveOrder": true
  }
}
[2026-06-01T15:13:44.760Z] [Router:MainRoute] create() called [
  "Support",
  "Introduction",
  "Home"
]
[2026-06-01T15:13:44.760Z] [Router:MainRoute] loading component Support
[2026-06-01T15:13:44.761Z] [Router:MainRoute] loading component Introduction
[2026-06-01T15:13:44.761Z] [Router:MainRoute] loading component Home
[2026-06-01T15:13:44.764Z] [Router:MainRoute] component resolved Support
[2026-06-01T15:13:44.764Z] [Router:MainRoute] create.update() error {
  "code": "ZRUI_INVALID_STATE",
  "message": "update: lifecycle operation already in flight"
}
[2026-06-01T15:13:44.764Z] [Router:MainRoute] component resolved Introduction
[2026-06-01T15:13:44.765Z] [Router:MainRoute] create.update() error {
  "code": "ZRUI_INVALID_STATE",
  "message": "update: lifecycle operation already in flight"
}
[2026-06-01T15:13:44.769Z] [Router:MainRoute] component resolved Home
[2026-06-01T15:13:44.769Z] [Router:MainRoute] create.update() error {
  "code": "ZRUI_INVALID_STATE",
  "message": "update: lifecycle operation already in flight"
}
[2026-06-01T15:13:44.777Z] [Router:MainRoute] create.update() error {
  "code": "ZRUI_INVALID_STATE",
  "message": "update: lifecycle operation already in flight"
}
[2026-06-01T15:13:44.778Z] [Router:MainRoute] create.update() error {
  "code": "ZRUI_INVALID_STATE",
  "message": "update: lifecycle operation already in flight"
}
[2026-06-01T15:13:44.790Z] [Router:MainRoute] create.update() error {
  "code": "ZRUI_INVALID_STATE",
  "message": "update: lifecycle operation already in flight"
}
[2026-06-01T15:13:44.790Z] [Router:MainRoute] create.update() error {
  "code": "ZRUI_INVALID_STATE",
  "message": "update: lifecycle operation already in flight"
}
[2026-06-01T15:13:44.790Z] [Router:MainRoute] create.update() error {
  "code": "ZRUI_INVALID_STATE",
  "message": "update: lifecycle operation already in flight"
}
[2026-06-01T15:13:44.808Z] [Router:MainRoute] create.update() error {
  "code": "ZRUI_INVALID_STATE",
  "message": "update: lifecycle operation already in flight"
}
[2026-06-01T15:13:44.808Z] [Router:MainRoute] create.update() error {
  "code": "ZRUI_INVALID_STATE",
  "message": "update: lifecycle operation already in flight"
}
[2026-06-01T15:13:44.809Z] [Router:MainRoute] create.update() error {
  "code": "ZRUI_INVALID_STATE",
  "message": "update: lifecycle operation already in flight"
}
[2026-06-01T15:13:44.824Z] [Router:MainRoute] create.update() error {
  "code": "ZRUI_INVALID_STATE",
  "message": "update: lifecycle operation already in flight"
}
[2026-06-01T15:13:44.825Z] [Router:MainRoute] create.update() error {
  "code": "ZRUI_INVALID_STATE",
  "message": "update: lifecycle operation already in flight"
}
[2026-06-01T15:13:44.825Z] [Router:MainRoute] create.update() error {
  "code": "ZRUI_INVALID_STATE",
  "message": "update: lifecycle operation already in flight"
}
[2026-06-01T15:13:44.832Z] [Router:MainRoute] current() -> no routerBundles 
[2026-06-01T15:13:44.855Z] [Router:MainRoute] create.update() before {
  "dataId": "Home",
  "bundleKeys": [],
  "routeBucketKeys": []
}
[2026-06-01T15:13:44.855Z] [Router:MainRoute] create.update() after {
  "dataId": "Home",
  "routeBucketKeys": [
    "Home"
  ]
}
[2026-06-01T15:13:44.855Z] [Router:MainRoute] debugBundles [
  {
    "id": "Home",
    "active": true
  }
]
[2026-06-01T15:13:44.856Z] [Router:MainRoute] current() {
  "active": "Home",
  "available": [
    {
      "id": "Home",
      "active": true
    }
  ]
}
[2026-06-01T15:13:44.867Z] [Router:MainRoute] create.update() before {
  "dataId": "Support",
  "bundleKeys": [
    "MainRoute"
  ],
  "routeBucketKeys": [
    "Home"
  ]
}
[2026-06-01T15:13:44.867Z] [Router:MainRoute] create.update() after {
  "dataId": "Support",
  "routeBucketKeys": [
    "Home",
    "Support"
  ]
}
[2026-06-01T15:13:44.868Z] [Router:MainRoute] debugBundles [
  {
    "id": "Home",
    "active": true
  },
  {
    "id": "Support",
    "active": false
  }
]
[2026-06-01T15:13:44.868Z] [Router:MainRoute] create.update() before {
  "dataId": "Introduction",
  "bundleKeys": [
    "MainRoute"
  ],
  "routeBucketKeys": [
    "Home",
    "Support"
  ]
}
[2026-06-01T15:13:44.868Z] [Router:MainRoute] create.update() after {
  "dataId": "Introduction",
  "routeBucketKeys": [
    "Home",
    "Support",
    "Introduction"
  ]
}
[2026-06-01T15:13:44.868Z] [Router:MainRoute] debugBundles [
  {
    "id": "Home",
    "active": true
  },
  {
    "id": "Support",
    "active": false
  },
  {
    "id": "Introduction",
    "active": false
  }
]
[2026-06-01T15:13:44.868Z] [Router:MainRoute] current() {
  "active": "Home",
  "available": [
    {
      "id": "Home",
      "active": true
    },
    {
      "id": "Support",
      "active": false
    },
    {
      "id": "Introduction",
      "active": false
    }
  ]
}
[2026-06-01T15:13:56.753Z] [Router:MainRoute] current() {
  "active": "Home",
  "available": [
    {
      "id": "Home",
      "active": true
    },
    {
      "id": "Support",
      "active": false
    },
    {
      "id": "Introduction",
      "active": false
    }
  ]
}
[2026-06-01T15:13:57.119Z] [Router:MainRoute] current() {
  "active": "Home",
  "available": [
    {
      "id": "Home",
      "active": true
    },
    {
      "id": "Support",
      "active": false
    },
    {
      "id": "Introduction",
      "active": false
    }
  ]
}
[2026-06-01T15:13:57.230Z] [Router:MainRoute] current() {
  "active": "Home",
  "available": [
    {
      "id": "Home",
      "active": true
    },
    {
      "id": "Support",
      "active": false
    },
    {
      "id": "Introduction",
      "active": false
    }
  ]
}
[2026-06-01T15:13:57.321Z] [Router:MainRoute] current() {
  "active": "Home",
  "available": [
    {
      "id": "Home",
      "active": true
    },
    {
      "id": "Support",
      "active": false
    },
    {
      "id": "Introduction",
      "active": false
    }
  ]
}
[2026-06-01T15:13:57.398Z] [Router:MainRoute] current() {
  "active": "Home",
  "available": [
    {
      "id": "Home",
      "active": true
    },
    {
      "id": "Support",
      "active": false
    },
    {
      "id": "Introduction",
      "active": false
    }
  ]
}
[2026-06-01T15:13:58.238Z] [Router:MainRoute] current() {
  "active": "Home",
  "available": [
    {
      "id": "Home",
      "active": true
    },
    {
      "id": "Support",
      "active": false
    },
    {
      "id": "Introduction",
      "active": false
    }
  ]
}
[2026-06-01T15:13:58.829Z] [Router:MainRoute] current() {
  "active": "Home",
  "available": [
    {
      "id": "Home",
      "active": true
    },
    {
      "id": "Support",
      "active": false
    },
    {
      "id": "Introduction",
      "active": false
    }
  ]
}
[2026-06-01T15:13:58.998Z] [Router:MainRoute] current() {
  "active": "Home",
  "available": [
    {
      "id": "Home",
      "active": true
    },
    {
      "id": "Support",
      "active": false
    },
    {
      "id": "Introduction",
      "active": false
    }
  ]
}
[2026-06-01T15:13:59.150Z] [Router:MainRoute] current() {
  "active": "Home",
  "available": [
    {
      "id": "Home",
      "active": true
    },
    {
      "id": "Support",
      "active": false
    },
    {
      "id": "Introduction",
      "active": false
    }
  ]
}
[2026-06-01T15:13:59.243Z] [Router:MainRoute] current() {
  "active": "Home",
  "available": [
    {
      "id": "Home",
      "active": true
    },
    {
      "id": "Support",
      "active": false
    },
    {
      "id": "Introduction",
      "active": false
    }
  ]
}
[2026-06-01T15:13:59.472Z] [Router:MainRoute] current() {
  "active": "Home",
  "available": [
    {
      "id": "Home",
      "active": true
    },
    {
      "id": "Support",
      "active": false
    },
    {
      "id": "Introduction",
      "active": false
    }
  ]
}
[2026-06-01T15:13:59.567Z] [Router:MainRoute] current() {
  "active": "Home",
  "available": [
    {
      "id": "Home",
      "active": true
    },
    {
      "id": "Support",
      "active": false
    },
    {
      "id": "Introduction",
      "active": false
    }
  ]
}
[2026-06-01T15:13:59.878Z] [Router:MainRoute] current() {
  "active": "Home",
  "available": [
    {
      "id": "Home",
      "active": true
    },
    {
      "id": "Support",
      "active": false
    },
    {
      "id": "Introduction",
      "active": false
    }
  ]
}
[2026-06-01T15:14:10.438Z] [Router:MainRoute] current() {
  "active": "Home",
  "available": [
    {
      "id": "Home",
      "active": true
    },
    {
      "id": "Support",
      "active": false
    },
    {
      "id": "Introduction",
      "active": false
    }
  ]
}
[2026-06-01T15:14:10.796Z] [Router:MainRoute] current() {
  "active": "Home",
  "available": [
    {
      "id": "Home",
      "active": true
    },
    {
      "id": "Support",
      "active": false
    },
    {
      "id": "Introduction",
      "active": false
    }
  ]
}
[2026-06-01T15:14:10.967Z] [Router:MainRoute] current() {
  "active": "Home",
  "available": [
    {
      "id": "Home",
      "active": true
    },
    {
      "id": "Support",
      "active": false
    },
    {
      "id": "Introduction",
      "active": false
    }
  ]
}
[2026-06-01T15:14:11.508Z] [Router:MainRoute] current() {
  "active": "Home",
  "available": [
    {
      "id": "Home",
      "active": true
    },
    {
      "id": "Support",
      "active": false
    },
    {
      "id": "Introduction",
      "active": false
    }
  ]
}
[2026-06-01T15:14:12.778Z] [Router:MainRoute] current() {
  "active": "Home",
  "available": [
    {
      "id": "Home",
      "active": true
    },
    {
      "id": "Support",
      "active": false
    },
    {
      "id": "Introduction",
      "active": false
    }
  ]
}
[2026-06-01T15:14:13.058Z] [Router:MainRoute] order getter initialized history []
[2026-06-01T15:14:13.059Z] [Router:MainRoute] currentPage getter {
  "result": "Home",
  "history": []
}
[2026-06-01T15:14:13.059Z] [Router:MainRoute] currentPage getter {
  "result": "Home",
  "history": []
}
[2026-06-01T15:14:13.059Z] [Router:MainRoute] currentPage getter {
  "result": "Home",
  "history": []
}
[2026-06-01T15:14:13.059Z] [Router:MainRoute] current() {
  "active": "Home",
  "available": [
    {
      "id": "Home",
      "active": true
    },
    {
      "id": "Support",
      "active": false
    },
    {
      "id": "Introduction",
      "active": false
    }
  ]
}
[2026-06-01T15:14:14.351Z] [Router:MainRoute] current() {
  "active": "Home",
  "available": [
    {
      "id": "Home",
      "active": true
    },
    {
      "id": "Support",
      "active": false
    },
    {
      "id": "Introduction",
      "active": false
    }
  ]
}
[2026-06-01T15:14:15.118Z] [Router:MainRoute] currentPage getter {
  "result": "Home",
  "history": []
}
[2026-06-01T15:14:15.119Z] [Router:MainRoute] current() {
  "active": "Home",
  "available": [
    {
      "id": "Home",
      "active": true
    },
    {
      "id": "Support",
      "active": false
    },
    {
      "id": "Introduction",
      "active": false
    }
  ]
}
[2026-06-01T15:14:15.500Z] [Router:MainRoute] currentPage getter {
  "result": "Home",
  "history": []
}
[2026-06-01T15:14:15.500Z] [Router:MainRoute] currentPage getter {
  "result": "Home",
  "history": []
}
[2026-06-01T15:14:15.500Z] [Router:MainRoute] currentPage getter {
  "result": "Home",
  "history": []
}
[2026-06-01T15:14:15.500Z] [Router:MainRoute] current() {
  "active": "Home",
  "available": [
    {
      "id": "Home",
      "active": true
    },
    {
      "id": "Support",
      "active": false
    },
    {
      "id": "Introduction",
      "active": false
    }
  ]
}
[2026-06-01T15:14:17.111Z] [Router:MainRoute] current() {
  "active": "Home",
  "available": [
    {
      "id": "Home",
      "active": true
    },
    {
      "id": "Support",
      "active": false
    },
    {
      "id": "Introduction",
      "active": false
    }
  ]
}
[2026-06-01T15:14:18.503Z] [Router:MainRoute] currentPage getter {
  "result": "Home",
  "history": []
}
[2026-06-01T15:14:18.503Z] [Router:MainRoute] currentPage getter {
  "result": "Home",
  "history": []
}
[2026-06-01T15:14:18.503Z] [Router:MainRoute] currentPage getter {
  "result": "Home",
  "history": []
}
[2026-06-01T15:14:18.503Z] [Router:MainRoute] current() {
  "active": "Home",
  "available": [
    {
      "id": "Home",
      "active": true
    },
    {
      "id": "Support",
      "active": false
    },
    {
      "id": "Introduction",
      "active": false
    }
  ]
}
[2026-06-01T15:14:18.917Z] [Router:MainRoute] current() {
  "active": "Home",
  "available": [
    {
      "id": "Home",
      "active": true
    },
    {
      "id": "Support",
      "active": false
    },
    {
      "id": "Introduction",
      "active": false
    }
  ]
}
[2026-06-01T15:14:19.542Z] [Router:MainRoute] currentPage getter {
  "result": "Home",
  "history": []
}
[2026-06-01T15:14:19.543Z] [Router:MainRoute] currentPage getter {
  "result": "Home",
  "history": []
}
[2026-06-01T15:14:19.543Z] [Router:MainRoute] currentPage getter {
  "result": "Home",
  "history": []
}
[2026-06-01T15:14:19.543Z] [Router:MainRoute] current() {
  "active": "Home",
  "available": [
    {
      "id": "Home",
      "active": true
    },
    {
      "id": "Support",
      "active": false
    },
    {
      "id": "Introduction",
      "active": false
    }
  ]
}
[2026-06-01T15:14:19.849Z] [Router:MainRoute] current() {
  "active": "Home",
  "available": [
    {
      "id": "Home",
      "active": true
    },
    {
      "id": "Support",
      "active": false
    },
    {
      "id": "Introduction",
      "active": false
    }
  ]
}
[2026-06-01T15:14:20.080Z] [Router:MainRoute] currentPage getter {
  "result": "Home",
  "history": []
}
[2026-06-01T15:14:20.081Z] [Router:MainRoute] currentPage getter {
  "result": "Home",
  "history": []
}
[2026-06-01T15:14:20.081Z] [Router:MainRoute] currentPage getter {
  "result": "Home",
  "history": []
}
[2026-06-01T15:14:20.081Z] [Router:MainRoute] current() {
  "active": "Home",
  "available": [
    {
      "id": "Home",
      "active": true
    },
    {
      "id": "Support",
      "active": false
    },
    {
      "id": "Introduction",
      "active": false
    }
  ]
}
[2026-06-01T15:14:20.141Z] [Router:MainRoute] current() {
  "active": "Home",
  "available": [
    {
      "id": "Home",
      "active": true
    },
    {
      "id": "Support",
      "active": false
    },
    {
      "id": "Introduction",
      "active": false
    }
  ]
}
[2026-06-01T15:14:20.295Z] [Router:MainRoute] currentPage getter {
  "result": "Home",
  "history": []
}
[2026-06-01T15:14:20.295Z] [Router:MainRoute] currentPage getter {
  "result": "Home",
  "history": []
}
[2026-06-01T15:14:20.295Z] [Router:MainRoute] currentPage getter {
  "result": "Home",
  "history": []
}
[2026-06-01T15:14:20.295Z] [Router:MainRoute] current() {
  "active": "Home",
  "available": [
    {
      "id": "Home",
      "active": true
    },
    {
      "id": "Support",
      "active": false
    },
    {
      "id": "Introduction",
      "active": false
    }
  ]
}
[2026-06-01T15:14:20.451Z] [Router:MainRoute] current() {
  "active": "Home",
  "available": [
    {
      "id": "Home",
      "active": true
    },
    {
      "id": "Support",
      "active": false
    },
    {
      "id": "Introduction",
      "active": false
    }
  ]
}
[2026-06-01T15:14:20.956Z] [Router:MainRoute] currentPage getter {
  "result": "Home",
  "history": []
}
[2026-06-01T15:14:20.957Z] [Router:MainRoute] currentPage getter {
  "result": "Home",
  "history": []
}
[2026-06-01T15:14:20.957Z] [Router:MainRoute] currentPage getter {
  "result": "Home",
  "history": []
}
[2026-06-01T15:14:20.957Z] [Router:MainRoute] current() {
  "active": "Home",
  "available": [
    {
      "id": "Home",
      "active": true
    },
    {
      "id": "Support",
      "active": false
    },
    {
      "id": "Introduction",
      "active": false
    }
  ]
}
[2026-06-01T15:14:21.560Z] [Router:MainRoute] current() {
  "active": "Home",
  "available": [
    {
      "id": "Home",
      "active": true
    },
    {
      "id": "Support",
      "active": false
    },
    {
      "id": "Introduction",
      "active": false
    }
  ]
}
[2026-06-01T15:14:23.863Z] [Router:MainRoute] currentPage getter {
  "result": "Home",
  "history": []
}
[2026-06-01T15:14:23.864Z] [Router:MainRoute] currentPage getter {
  "result": "Home",
  "history": []
}
[2026-06-01T15:14:23.864Z] [Router:MainRoute] currentPage getter {
  "result": "Home",
  "history": []
}
[2026-06-01T15:14:23.865Z] [Router:MainRoute] current() {
  "active": "Home",
  "available": [
    {
      "id": "Home",
      "active": true
    },
    {
      "id": "Support",
      "active": false
    },
    {
      "id": "Introduction",
      "active": false
    }
  ]
}
[2026-06-01T15:14:28.909Z] [Router:MainRoute] current() {
  "active": "Home",
  "available": [
    {
      "id": "Home",
      "active": true
    },
    {
      "id": "Support",
      "active": false
    },
    {
      "id": "Introduction",
      "active": false
    }
  ]
}
[2026-06-01T15:14:29.154Z] [Router:MainRoute] currentPage getter {
  "result": "Home",
  "history": []
}
[2026-06-01T15:14:29.155Z] [Router:MainRoute] page setter {
  "targetId": "Support",
  "currentPageBefore": "Home",
  "historyBefore": []
}
[2026-06-01T15:14:29.155Z] [Router:MainRoute] currentPage getter {
  "result": "Home",
  "history": []
}
[2026-06-01T15:14:29.155Z] [Router:MainRoute] go() called {
  "targetId": "Support",
  "currentPageGetter": "Home",
  "historyBefore": [],
  "saveOrder": true
}
[2026-06-01T15:14:29.155Z] [Router:MainRoute] getActivePageFromState() {
  "active": "Home",
  "history": []
}
[2026-06-01T15:14:29.156Z] [Router:MainRoute] go().update() start {
  "currentId": "Home",
  "targetId": "Support",
  "historyBefore": []
}
[2026-06-01T15:14:29.156Z] [Router:MainRoute] order setter {
  "before": [],
  "after": [
    "Home"
  ]
}
[2026-06-01T15:14:29.156Z] [Router:MainRoute] go().update() pushed history {
  "pushed": "Home",
  "historyAfterPush": [
    "Home"
  ]
}
[2026-06-01T15:14:29.156Z] [Router:MainRoute] getActivePageFromState() {
  "active": "Home",
  "history": [
    "Home"
  ]
}
[2026-06-01T15:14:29.156Z] [Router:MainRoute] setActivePageInState() before {
  "targetId": "Support",
  "routeBucketKeys": [
    "Home",
    "Support",
    "Introduction"
  ],
  "activeBefore": "Home"
}
[2026-06-01T15:14:29.156Z] [Router:MainRoute] setActivePageInState() after {
  "targetId": "Support",
  "activeAfter": "Support",
  "version": 1
}
[2026-06-01T15:14:29.156Z] [Router:MainRoute] debugBundles [
  {
    "id": "Home",
    "active": false
  },
  {
    "id": "Support",
    "active": true
  },
  {
    "id": "Introduction",
    "active": false
  }
]
[2026-06-01T15:14:29.157Z] [Router:MainRoute] currentPage getter {
  "result": "Support",
  "history": [
    "Home"
  ]
}
[2026-06-01T15:14:29.157Z] [Router:MainRoute] go().update() end {
  "targetId": "Support",
  "currentPageGetterAfter": "Support",
  "historyAfter": [
    "Home"
  ]
}
[2026-06-01T15:14:29.157Z] [Router:MainRoute] current() {
  "active": "Support",
  "available": [
    {
      "id": "Home",
      "active": false
    },
    {
      "id": "Support",
      "active": true
    },
    {
      "id": "Introduction",
      "active": false
    }
  ]
}
[2026-06-01T15:14:29.338Z] [Router:MainRoute] currentPage getter {
  "result": "Support",
  "history": [
    "Home"
  ]
}
[2026-06-01T15:14:29.338Z] [Router:MainRoute] page setter {
  "targetId": "Support",
  "currentPageBefore": "Support",
  "historyBefore": [
    "Home"
  ]
}
[2026-06-01T15:14:29.339Z] [Router:MainRoute] currentPage getter {
  "result": "Support",
  "history": [
    "Home"
  ]
}
[2026-06-01T15:14:29.339Z] [Router:MainRoute] go() called {
  "targetId": "Support",
  "currentPageGetter": "Support",
  "historyBefore": [
    "Home"
  ],
  "saveOrder": true
}
[2026-06-01T15:14:29.339Z] [Router:MainRoute] getActivePageFromState() {
  "active": "Support",
  "history": [
    "Home"
  ]
}
[2026-06-01T15:14:29.339Z] [Router:MainRoute] go().update() start {
  "currentId": "Support",
  "targetId": "Support",
  "historyBefore": [
    "Home"
  ]
}
[2026-06-01T15:14:29.339Z] [Router:MainRoute] go().update() did NOT push history {
  "saveOrder": true,
  "currentId": "Support",
  "targetId": "Support",
  "history": [
    "Home"
  ]
}
[2026-06-01T15:14:29.339Z] [Router:MainRoute] getActivePageFromState() {
  "active": "Support",
  "history": [
    "Home"
  ]
}
[2026-06-01T15:14:29.340Z] [Router:MainRoute] setActivePageInState() before {
  "targetId": "Support",
  "routeBucketKeys": [
    "Home",
    "Support",
    "Introduction"
  ],
  "activeBefore": "Support"
}
[2026-06-01T15:14:29.340Z] [Router:MainRoute] setActivePageInState() after {
  "targetId": "Support",
  "activeAfter": "Support",
  "version": 2
}
[2026-06-01T15:14:29.340Z] [Router:MainRoute] debugBundles [
  {
    "id": "Home",
    "active": false
  },
  {
    "id": "Support",
    "active": true
  },
  {
    "id": "Introduction",
    "active": false
  }
]
[2026-06-01T15:14:29.340Z] [Router:MainRoute] currentPage getter {
  "result": "Support",
  "history": [
    "Home"
  ]
}
[2026-06-01T15:14:29.340Z] [Router:MainRoute] go().update() end {
  "targetId": "Support",
  "currentPageGetterAfter": "Support",
  "historyAfter": [
    "Home"
  ]
}
[2026-06-01T15:14:29.340Z] [Router:MainRoute] current() {
  "active": "Support",
  "available": [
    {
      "id": "Home",
      "active": false
    },
    {
      "id": "Support",
      "active": true
    },
    {
      "id": "Introduction",
      "active": false
    }
  ]
}
[2026-06-01T15:14:30.215Z] [Router:MainRoute] currentPage getter {
  "result": "Support",
  "history": [
    "Home"
  ]
}
[2026-06-01T15:14:30.216Z] [Router:MainRoute] currentPage getter {
  "result": "Support",
  "history": [
    "Home"
  ]
}
[2026-06-01T15:14:30.216Z] [Router:MainRoute] page setter {
  "targetId": "Introduction",
  "currentPageBefore": "Support",
  "historyBefore": [
    "Home"
  ]
}
[2026-06-01T15:14:30.216Z] [Router:MainRoute] currentPage getter {
  "result": "Support",
  "history": [
    "Home"
  ]
}
[2026-06-01T15:14:30.216Z] [Router:MainRoute] go() called {
  "targetId": "Introduction",
  "currentPageGetter": "Support",
  "historyBefore": [
    "Home"
  ],
  "saveOrder": true
}
[2026-06-01T15:14:30.216Z] [Router:MainRoute] currentPage getter {
  "result": "Support",
  "history": [
    "Home"
  ]
}
[2026-06-01T15:14:30.216Z] [Router:MainRoute] currentPage getter {
  "result": "Support",
  "history": [
    "Home"
  ]
}
[2026-06-01T15:14:30.217Z] [Router:MainRoute] getActivePageFromState() {
  "active": "Support",
  "history": [
    "Home"
  ]
}
[2026-06-01T15:14:30.217Z] [Router:MainRoute] go().update() start {
  "currentId": "Support",
  "targetId": "Introduction",
  "historyBefore": [
    "Home"
  ]
}
[2026-06-01T15:14:30.217Z] [Router:MainRoute] order setter {
  "before": [
    "Home"
  ],
  "after": [
    "Home",
    "Support"
  ]
}
[2026-06-01T15:14:30.217Z] [Router:MainRoute] go().update() pushed history {
  "pushed": "Support",
  "historyAfterPush": [
    "Home",
    "Support"
  ]
}
[2026-06-01T15:14:30.217Z] [Router:MainRoute] getActivePageFromState() {
  "active": "Support",
  "history": [
    "Home",
    "Support"
  ]
}
[2026-06-01T15:14:30.217Z] [Router:MainRoute] setActivePageInState() before {
  "targetId": "Introduction",
  "routeBucketKeys": [
    "Home",
    "Support",
    "Introduction"
  ],
  "activeBefore": "Support"
}
[2026-06-01T15:14:30.217Z] [Router:MainRoute] setActivePageInState() after {
  "targetId": "Introduction",
  "activeAfter": "Introduction",
  "version": 3
}
[2026-06-01T15:14:30.217Z] [Router:MainRoute] debugBundles [
  {
    "id": "Home",
    "active": false
  },
  {
    "id": "Support",
    "active": false
  },
  {
    "id": "Introduction",
    "active": true
  }
]
[2026-06-01T15:14:30.218Z] [Router:MainRoute] currentPage getter {
  "result": "Introduction",
  "history": [
    "Home",
    "Support"
  ]
}
[2026-06-01T15:14:30.218Z] [Router:MainRoute] go().update() end {
  "targetId": "Introduction",
  "currentPageGetterAfter": "Introduction",
  "historyAfter": [
    "Home",
    "Support"
  ]
}
[2026-06-01T15:14:30.218Z] [Router:MainRoute] current() {
  "active": "Introduction",
  "available": [
    {
      "id": "Home",
      "active": false
    },
    {
      "id": "Support",
      "active": false
    },
    {
      "id": "Introduction",
      "active": true
    }
  ]
}
[2026-06-01T15:14:30.382Z] [Router:MainRoute] currentPage getter {
  "result": "Introduction",
  "history": [
    "Home",
    "Support"
  ]
}
[2026-06-01T15:14:30.382Z] [Router:MainRoute] currentPage getter {
  "result": "Introduction",
  "history": [
    "Home",
    "Support"
  ]
}
[2026-06-01T15:14:30.382Z] [Router:MainRoute] currentPage getter {
  "result": "Introduction",
  "history": [
    "Home",
    "Support"
  ]
}
[2026-06-01T15:14:30.382Z] [Router:MainRoute] page setter {
  "targetId": "Home",
  "currentPageBefore": "Introduction",
  "historyBefore": [
    "Home",
    "Support"
  ]
}
[2026-06-01T15:14:30.382Z] [Router:MainRoute] currentPage getter {
  "result": "Introduction",
  "history": [
    "Home",
    "Support"
  ]
}
[2026-06-01T15:14:30.383Z] [Router:MainRoute] go() called {
  "targetId": "Home",
  "currentPageGetter": "Introduction",
  "historyBefore": [
    "Home",
    "Support"
  ],
  "saveOrder": true
}
[2026-06-01T15:14:30.383Z] [Router:MainRoute] currentPage getter {
  "result": "Introduction",
  "history": [
    "Home",
    "Support"
  ]
}
[2026-06-01T15:14:30.383Z] [Router:MainRoute] getActivePageFromState() {
  "active": "Introduction",
  "history": [
    "Home",
    "Support"
  ]
}
[2026-06-01T15:14:30.383Z] [Router:MainRoute] go().update() start {
  "currentId": "Introduction",
  "targetId": "Home",
  "historyBefore": [
    "Home",
    "Support"
  ]
}
[2026-06-01T15:14:30.383Z] [Router:MainRoute] order setter {
  "before": [
    "Home",
    "Support"
  ],
  "after": [
    "Home",
    "Support",
    "Introduction"
  ]
}
[2026-06-01T15:14:30.384Z] [Router:MainRoute] go().update() pushed history {
  "pushed": "Introduction",
  "historyAfterPush": [
    "Home",
    "Support",
    "Introduction"
  ]
}
[2026-06-01T15:14:30.384Z] [Router:MainRoute] getActivePageFromState() {
  "active": "Introduction",
  "history": [
    "Home",
    "Support",
    "Introduction"
  ]
}
[2026-06-01T15:14:30.384Z] [Router:MainRoute] setActivePageInState() before {
  "targetId": "Home",
  "routeBucketKeys": [
    "Home",
    "Support",
    "Introduction"
  ],
  "activeBefore": "Introduction"
}
[2026-06-01T15:14:30.384Z] [Router:MainRoute] setActivePageInState() after {
  "targetId": "Home",
  "activeAfter": "Home",
  "version": 4
}
[2026-06-01T15:14:30.384Z] [Router:MainRoute] debugBundles [
  {
    "id": "Home",
    "active": true
  },
  {
    "id": "Support",
    "active": false
  },
  {
    "id": "Introduction",
    "active": false
  }
]
[2026-06-01T15:14:30.384Z] [Router:MainRoute] currentPage getter {
  "result": "Home",
  "history": [
    "Home",
    "Support",
    "Introduction"
  ]
}
[2026-06-01T15:14:30.384Z] [Router:MainRoute] go().update() end {
  "targetId": "Home",
  "currentPageGetterAfter": "Home",
  "historyAfter": [
    "Home",
    "Support",
    "Introduction"
  ]
}
[2026-06-01T15:14:30.385Z] [Router:MainRoute] current() {
  "active": "Home",
  "available": [
    {
      "id": "Home",
      "active": true
    },
    {
      "id": "Support",
      "active": false
    },
    {
      "id": "Introduction",
      "active": false
    }
  ]
}
[2026-06-01T15:14:31.150Z] [Router:MainRoute] currentPage getter {
  "result": "Home",
  "history": [
    "Home",
    "Support",
    "Introduction"
  ]
}
[2026-06-01T15:14:31.151Z] [Router:MainRoute] current() {
  "active": "Home",
  "available": [
    {
      "id": "Home",
      "active": true
    },
    {
      "id": "Support",
      "active": false
    },
    {
      "id": "Introduction",
      "active": false
    }
  ]
}
[2026-06-01T15:14:31.349Z] [Router:MainRoute] currentPage getter {
  "result": "Home",
  "history": [
    "Home",
    "Support",
    "Introduction"
  ]
}
[2026-06-01T15:14:31.349Z] [Router:MainRoute] current() {
  "active": "Home",
  "available": [
    {
      "id": "Home",
      "active": true
    },
    {
      "id": "Support",
      "active": false
    },
    {
      "id": "Introduction",
      "active": false
    }
  ]
}
[2026-06-01T15:14:31.748Z] [Router:MainRoute] currentPage getter {
  "result": "Home",
  "history": [
    "Home",
    "Support",
    "Introduction"
  ]
}
[2026-06-01T15:14:31.749Z] [Router:MainRoute] current() {
  "active": "Home",
  "available": [
    {
      "id": "Home",
      "active": true
    },
    {
      "id": "Support",
      "active": false
    },
    {
      "id": "Introduction",
      "active": false
    }
  ]
}
[2026-06-01T15:14:32.091Z] [Router:MainRoute] currentPage getter {
  "result": "Home",
  "history": [
    "Home",
    "Support",
    "Introduction"
  ]
}
[2026-06-01T15:14:32.091Z] [Router:MainRoute] currentPage getter {
  "result": "Home",
  "history": [
    "Home",
    "Support",
    "Introduction"
  ]
}
[2026-06-01T15:14:32.091Z] [Router:MainRoute] currentPage getter {
  "result": "Home",
  "history": [
    "Home",
    "Support",
    "Introduction"
  ]
}
[2026-06-01T15:14:32.091Z] [Router:MainRoute] current() {
  "active": "Home",
  "available": [
    {
      "id": "Home",
      "active": true
    },
    {
      "id": "Support",
      "active": false
    },
    {
      "id": "Introduction",
      "active": false
    }
  ]
}
[2026-06-01T15:14:35.690Z] [Router:MainRoute] constructor {
  "routerId": "MainRoute",
  "config": {
    "saveOrder": true
  }
}
[2026-06-01T15:14:35.690Z] [Router:MainRoute] create() called [
  "Support",
  "Introduction",
  "Home"
]
[2026-06-01T15:14:35.690Z] [Router:MainRoute] loading component Support
[2026-06-01T15:14:35.691Z] [Router:MainRoute] loading component Introduction
[2026-06-01T15:14:35.691Z] [Router:MainRoute] loading component Home
[2026-06-01T15:14:35.694Z] [Router:MainRoute] component resolved Support
[2026-06-01T15:14:35.694Z] [Router:MainRoute] create.update() error {
  "code": "ZRUI_INVALID_STATE",
  "message": "update: lifecycle operation already in flight"
}
[2026-06-01T15:14:35.694Z] [Router:MainRoute] component resolved Introduction
[2026-06-01T15:14:35.694Z] [Router:MainRoute] create.update() error {
  "code": "ZRUI_INVALID_STATE",
  "message": "update: lifecycle operation already in flight"
}
[2026-06-01T15:14:35.702Z] [Router:MainRoute] component resolved Home
[2026-06-01T15:14:35.702Z] [Router:MainRoute] create.update() error {
  "code": "ZRUI_INVALID_STATE",
  "message": "update: lifecycle operation already in flight"
}
[2026-06-01T15:14:35.710Z] [Router:MainRoute] create.update() error {
  "code": "ZRUI_INVALID_STATE",
  "message": "update: lifecycle operation already in flight"
}
[2026-06-01T15:14:35.710Z] [Router:MainRoute] create.update() error {
  "code": "ZRUI_INVALID_STATE",
  "message": "update: lifecycle operation already in flight"
}
[2026-06-01T15:14:35.721Z] [Router:MainRoute] create.update() error {
  "code": "ZRUI_INVALID_STATE",
  "message": "update: lifecycle operation already in flight"
}
[2026-06-01T15:14:35.722Z] [Router:MainRoute] create.update() error {
  "code": "ZRUI_INVALID_STATE",
  "message": "update: lifecycle operation already in flight"
}
[2026-06-01T15:14:35.722Z] [Router:MainRoute] create.update() error {
  "code": "ZRUI_INVALID_STATE",
  "message": "update: lifecycle operation already in flight"
}
[2026-06-01T15:14:35.741Z] [Router:MainRoute] create.update() error {
  "code": "ZRUI_INVALID_STATE",
  "message": "update: lifecycle operation already in flight"
}
[2026-06-01T15:14:35.741Z] [Router:MainRoute] create.update() error {
  "code": "ZRUI_INVALID_STATE",
  "message": "update: lifecycle operation already in flight"
}
[2026-06-01T15:14:35.741Z] [Router:MainRoute] create.update() error {
  "code": "ZRUI_INVALID_STATE",
  "message": "update: lifecycle operation already in flight"
}
[2026-06-01T15:14:35.758Z] [Router:MainRoute] create.update() error {
  "code": "ZRUI_INVALID_STATE",
  "message": "update: lifecycle operation already in flight"
}
[2026-06-01T15:14:35.758Z] [Router:MainRoute] create.update() error {
  "code": "ZRUI_INVALID_STATE",
  "message": "update: lifecycle operation already in flight"
}
[2026-06-01T15:14:35.758Z] [Router:MainRoute] create.update() error {
  "code": "ZRUI_INVALID_STATE",
  "message": "update: lifecycle operation already in flight"
}
[2026-06-01T15:14:35.765Z] [Router:MainRoute] current() -> no routerBundles 
[2026-06-01T15:14:35.788Z] [Router:MainRoute] create.update() before {
  "dataId": "Home",
  "bundleKeys": [],
  "routeBucketKeys": []
}
[2026-06-01T15:14:35.788Z] [Router:MainRoute] create.update() after {
  "dataId": "Home",
  "routeBucketKeys": [
    "Home"
  ]
}
[2026-06-01T15:14:35.789Z] [Router:MainRoute] debugBundles [
  {
    "id": "Home",
    "active": true
  }
]
[2026-06-01T15:14:35.789Z] [Router:MainRoute] current() {
  "active": "Home",
  "available": [
    {
      "id": "Home",
      "active": true
    }
  ]
}
[2026-06-01T15:14:35.800Z] [Router:MainRoute] create.update() before {
  "dataId": "Support",
  "bundleKeys": [
    "MainRoute"
  ],
  "routeBucketKeys": [
    "Home"
  ]
}
[2026-06-01T15:14:35.800Z] [Router:MainRoute] create.update() after {
  "dataId": "Support",
  "routeBucketKeys": [
    "Home",
    "Support"
  ]
}
[2026-06-01T15:14:35.801Z] [Router:MainRoute] debugBundles [
  {
    "id": "Home",
    "active": true
  },
  {
    "id": "Support",
    "active": false
  }
]
[2026-06-01T15:14:35.801Z] [Router:MainRoute] create.update() before {
  "dataId": "Introduction",
  "bundleKeys": [
    "MainRoute"
  ],
  "routeBucketKeys": [
    "Home",
    "Support"
  ]
}
[2026-06-01T15:14:35.801Z] [Router:MainRoute] create.update() after {
  "dataId": "Introduction",
  "routeBucketKeys": [
    "Home",
    "Support",
    "Introduction"
  ]
}
[2026-06-01T15:14:35.801Z] [Router:MainRoute] debugBundles [
  {
    "id": "Home",
    "active": true
  },
  {
    "id": "Support",
    "active": false
  },
  {
    "id": "Introduction",
    "active": false
  }
]
[2026-06-01T15:14:35.804Z] [Router:MainRoute] current() {
  "active": "Home",
  "available": [
    {
      "id": "Home",
      "active": true
    },
    {
      "id": "Support",
      "active": false
    },
    {
      "id": "Introduction",
      "active": false
    }
  ]
}
[2026-06-01T15:14:46.536Z] [Router:MainRoute] constructor {
  "routerId": "MainRoute",
  "config": {
    "saveOrder": true
  }
}
[2026-06-01T15:14:46.536Z] [Router:MainRoute] create() called [
  "Support",
  "Introduction",
  "Home"
]
[2026-06-01T15:14:46.536Z] [Router:MainRoute] loading component Support
[2026-06-01T15:14:46.537Z] [Router:MainRoute] loading component Introduction
[2026-06-01T15:14:46.537Z] [Router:MainRoute] loading component Home
[2026-06-01T15:14:46.540Z] [Router:MainRoute] component resolved Support
[2026-06-01T15:14:46.541Z] [Router:MainRoute] create.update() error {
  "code": "ZRUI_INVALID_STATE",
  "message": "update: lifecycle operation already in flight"
}
[2026-06-01T15:14:46.541Z] [Router:MainRoute] component resolved Introduction
[2026-06-01T15:14:46.541Z] [Router:MainRoute] create.update() error {
  "code": "ZRUI_INVALID_STATE",
  "message": "update: lifecycle operation already in flight"
}
[2026-06-01T15:14:46.545Z] [Router:MainRoute] component resolved Home
[2026-06-01T15:14:46.545Z] [Router:MainRoute] create.update() error {
  "code": "ZRUI_INVALID_STATE",
  "message": "update: lifecycle operation already in flight"
}
[2026-06-01T15:14:46.564Z] [Router:MainRoute] create.update() error {
  "code": "ZRUI_INVALID_STATE",
  "message": "update: lifecycle operation already in flight"
}
[2026-06-01T15:14:46.564Z] [Router:MainRoute] create.update() error {
  "code": "ZRUI_INVALID_STATE",
  "message": "update: lifecycle operation already in flight"
}
[2026-06-01T15:14:46.564Z] [Router:MainRoute] create.update() error {
  "code": "ZRUI_INVALID_STATE",
  "message": "update: lifecycle operation already in flight"
}
[2026-06-01T15:14:46.581Z] [Router:MainRoute] create.update() error {
  "code": "ZRUI_INVALID_STATE",
  "message": "update: lifecycle operation already in flight"
}
[2026-06-01T15:14:46.581Z] [Router:MainRoute] create.update() error {
  "code": "ZRUI_INVALID_STATE",
  "message": "update: lifecycle operation already in flight"
}
[2026-06-01T15:14:46.582Z] [Router:MainRoute] create.update() error {
  "code": "ZRUI_INVALID_STATE",
  "message": "update: lifecycle operation already in flight"
}
[2026-06-01T15:14:46.599Z] [Router:MainRoute] create.update() error {
  "code": "ZRUI_INVALID_STATE",
  "message": "update: lifecycle operation already in flight"
}
[2026-06-01T15:14:46.600Z] [Router:MainRoute] create.update() error {
  "code": "ZRUI_INVALID_STATE",
  "message": "update: lifecycle operation already in flight"
}
[2026-06-01T15:14:46.600Z] [Router:MainRoute] create.update() error {
  "code": "ZRUI_INVALID_STATE",
  "message": "update: lifecycle operation already in flight"
}
[2026-06-01T15:14:46.606Z] [Router:MainRoute] current() -> no routerBundles 
[2026-06-01T15:14:46.628Z] [Router:MainRoute] create.update() before {
  "dataId": "Support",
  "bundleKeys": [],
  "routeBucketKeys": []
}
[2026-06-01T15:14:46.629Z] [Router:MainRoute] create.update() after {
  "dataId": "Support",
  "routeBucketKeys": [
    "Support"
  ]
}
[2026-06-01T15:14:46.629Z] [Router:MainRoute] debugBundles [
  {
    "id": "Support",
    "active": false
  }
]
[2026-06-01T15:14:46.629Z] [Router:MainRoute] current() {
  "active": null,
  "available": [
    {
      "id": "Support",
      "active": false
    }
  ]
}
[2026-06-01T15:14:46.631Z] [Router:MainRoute] create.update() before {
  "dataId": "Introduction",
  "bundleKeys": [
    "MainRoute"
  ],
  "routeBucketKeys": [
    "Support"
  ]
}
[2026-06-01T15:14:46.632Z] [Router:MainRoute] create.update() after {
  "dataId": "Introduction",
  "routeBucketKeys": [
    "Support",
    "Introduction"
  ]
}
[2026-06-01T15:14:46.632Z] [Router:MainRoute] debugBundles [
  {
    "id": "Support",
    "active": false
  },
  {
    "id": "Introduction",
    "active": false
  }
]
[2026-06-01T15:14:46.632Z] [Router:MainRoute] create.update() before {
  "dataId": "Home",
  "bundleKeys": [
    "MainRoute"
  ],
  "routeBucketKeys": [
    "Support",
    "Introduction"
  ]
}
[2026-06-01T15:14:46.632Z] [Router:MainRoute] create.update() after {
  "dataId": "Home",
  "routeBucketKeys": [
    "Support",
    "Introduction",
    "Home"
  ]
}
[2026-06-01T15:14:46.632Z] [Router:MainRoute] debugBundles [
  {
    "id": "Support",
    "active": false
  },
  {
    "id": "Introduction",
    "active": false
  },
  {
    "id": "Home",
    "active": true
  }
]
[2026-06-01T15:14:46.633Z] [Router:MainRoute] current() {
  "active": "Home",
  "available": [
    {
      "id": "Support",
      "active": false
    },
    {
      "id": "Introduction",
      "active": false
    },
    {
      "id": "Home",
      "active": true
    }
  ]
}
[2026-06-01T15:15:01.307Z] [Router:MainRoute] order getter initialized history []
[2026-06-01T15:15:01.307Z] [Router:MainRoute] currentPage getter {
  "result": "Home",
  "history": []
}
[2026-06-01T15:15:01.308Z] [Router:MainRoute] current() {
  "active": "Home",
  "available": [
    {
      "id": "Support",
      "active": false
    },
    {
      "id": "Introduction",
      "active": false
    },
    {
      "id": "Home",
      "active": true
    }
  ]
}
[2026-06-01T15:15:01.446Z] [Router:MainRoute] currentPage getter {
  "result": "Home",
  "history": []
}
[2026-06-01T15:15:01.447Z] [Router:MainRoute] current() {
  "active": "Home",
  "available": [
    {
      "id": "Support",
      "active": false
    },
    {
      "id": "Introduction",
      "active": false
    },
    {
      "id": "Home",
      "active": true
    }
  ]
}
[2026-06-01T15:15:01.768Z] [Router:MainRoute] currentPage getter {
  "result": "Home",
  "history": []
}
[2026-06-01T15:15:01.768Z] [Router:MainRoute] current() {
  "active": "Home",
  "available": [
    {
      "id": "Support",
      "active": false
    },
    {
      "id": "Introduction",
      "active": false
    },
    {
      "id": "Home",
      "active": true
    }
  ]
}
[2026-06-01T15:15:02.322Z] [Router:MainRoute] currentPage getter {
  "result": "Home",
  "history": []
}
[2026-06-01T15:15:02.322Z] [Router:MainRoute] current() {
  "active": "Home",
  "available": [
    {
      "id": "Support",
      "active": false
    },
    {
      "id": "Introduction",
      "active": false
    },
    {
      "id": "Home",
      "active": true
    }
  ]
}
[2026-06-01T15:15:02.461Z] [Router:MainRoute] currentPage getter {
  "result": "Home",
  "history": []
}
[2026-06-01T15:15:02.461Z] [Router:MainRoute] current() {
  "active": "Home",
  "available": [
    {
      "id": "Support",
      "active": false
    },
    {
      "id": "Introduction",
      "active": false
    },
    {
      "id": "Home",
      "active": true
    }
  ]
}
[2026-06-01T15:15:02.708Z] [Router:MainRoute] currentPage getter {
  "result": "Home",
  "history": []
}
[2026-06-01T15:15:02.708Z] [Router:MainRoute] currentPage getter {
  "result": "Home",
  "history": []
}
[2026-06-01T15:15:02.708Z] [Router:MainRoute] currentPage getter {
  "result": "Home",
  "history": []
}
[2026-06-01T15:15:02.708Z] [Router:MainRoute] current() {
  "active": "Home",
  "available": [
    {
      "id": "Support",
      "active": false
    },
    {
      "id": "Introduction",
      "active": false
    },
    {
      "id": "Home",
      "active": true
    }
  ]
}
[2026-06-01T15:15:05.028Z] [Router:MainRoute] current() {
  "active": "Home",
  "available": [
    {
      "id": "Support",
      "active": false
    },
    {
      "id": "Introduction",
      "active": false
    },
    {
      "id": "Home",
      "active": true
    }
  ]
}
[2026-06-01T15:15:07.563Z] [Router:MainRoute] currentPage getter {
  "result": "Home",
  "history": []
}
[2026-06-01T15:15:07.563Z] [Router:MainRoute] current() {
  "active": "Home",
  "available": [
    {
      "id": "Support",
      "active": false
    },
    {
      "id": "Introduction",
      "active": false
    },
    {
      "id": "Home",
      "active": true
    }
  ]
}
[2026-06-01T15:15:07.810Z] [Router:MainRoute] currentPage getter {
  "result": "Home",
  "history": []
}
[2026-06-01T15:15:07.810Z] [Router:MainRoute] current() {
  "active": "Home",
  "available": [
    {
      "id": "Support",
      "active": false
    },
    {
      "id": "Introduction",
      "active": false
    },
    {
      "id": "Home",
      "active": true
    }
  ]
}
[2026-06-01T15:15:08.120Z] [Router:MainRoute] currentPage getter {
  "result": "Home",
  "history": []
}
[2026-06-01T15:15:08.121Z] [Router:MainRoute] current() {
  "active": "Home",
  "available": [
    {
      "id": "Support",
      "active": false
    },
    {
      "id": "Introduction",
      "active": false
    },
    {
      "id": "Home",
      "active": true
    }
  ]
}
[2026-06-01T15:15:08.290Z] [Router:MainRoute] currentPage getter {
  "result": "Home",
  "history": []
}
[2026-06-01T15:15:08.290Z] [Router:MainRoute] current() {
  "active": "Home",
  "available": [
    {
      "id": "Support",
      "active": false
    },
    {
      "id": "Introduction",
      "active": false
    },
    {
      "id": "Home",
      "active": true
    }
  ]
}
[2026-06-01T15:15:08.465Z] [Router:MainRoute] currentPage getter {
  "result": "Home",
  "history": []
}
[2026-06-01T15:15:08.466Z] [Router:MainRoute] current() {
  "active": "Home",
  "available": [
    {
      "id": "Support",
      "active": false
    },
    {
      "id": "Introduction",
      "active": false
    },
    {
      "id": "Home",
      "active": true
    }
  ]
}
[2026-06-01T15:15:08.617Z] [Router:MainRoute] currentPage getter {
  "result": "Home",
  "history": []
}
[2026-06-01T15:15:08.617Z] [Router:MainRoute] current() {
  "active": "Home",
  "available": [
    {
      "id": "Support",
      "active": false
    },
    {
      "id": "Introduction",
      "active": false
    },
    {
      "id": "Home",
      "active": true
    }
  ]
}
[2026-06-01T15:15:08.833Z] [Router:MainRoute] currentPage getter {
  "result": "Home",
  "history": []
}
[2026-06-01T15:15:08.834Z] [Router:MainRoute] current() {
  "active": "Home",
  "available": [
    {
      "id": "Support",
      "active": false
    },
    {
      "id": "Introduction",
      "active": false
    },
    {
      "id": "Home",
      "active": true
    }
  ]
}
[2026-06-01T15:15:10.527Z] [Router:MainRoute] currentPage getter {
  "result": "Home",
  "history": []
}
[2026-06-01T15:15:10.527Z] [Router:MainRoute] current() {
  "active": "Home",
  "available": [
    {
      "id": "Support",
      "active": false
    },
    {
      "id": "Introduction",
      "active": false
    },
    {
      "id": "Home",
      "active": true
    }
  ]
}
[2026-06-01T15:15:10.667Z] [Router:MainRoute] currentPage getter {
  "result": "Home",
  "history": []
}
[2026-06-01T15:15:10.667Z] [Router:MainRoute] current() {
  "active": "Home",
  "available": [
    {
      "id": "Support",
      "active": false
    },
    {
      "id": "Introduction",
      "active": false
    },
    {
      "id": "Home",
      "active": true
    }
  ]
}
[2026-06-01T15:15:11.178Z] [Router:MainRoute] currentPage getter {
  "result": "Home",
  "history": []
}
[2026-06-01T15:15:11.178Z] [Router:MainRoute] current() {
  "active": "Home",
  "available": [
    {
      "id": "Support",
      "active": false
    },
    {
      "id": "Introduction",
      "active": false
    },
    {
      "id": "Home",
      "active": true
    }
  ]
}
[2026-06-01T15:15:11.331Z] [Router:MainRoute] currentPage getter {
  "result": "Home",
  "history": []
}
[2026-06-01T15:15:11.331Z] [Router:MainRoute] current() {
  "active": "Home",
  "available": [
    {
      "id": "Support",
      "active": false
    },
    {
      "id": "Introduction",
      "active": false
    },
    {
      "id": "Home",
      "active": true
    }
  ]
}
[2026-06-01T15:15:11.655Z] [Router:MainRoute] currentPage getter {
  "result": "Home",
  "history": []
}
[2026-06-01T15:15:11.655Z] [Router:MainRoute] current() {
  "active": "Home",
  "available": [
    {
      "id": "Support",
      "active": false
    },
    {
      "id": "Introduction",
      "active": false
    },
    {
      "id": "Home",
      "active": true
    }
  ]
}
[2026-06-01T15:15:12.167Z] [Router:MainRoute] currentPage getter {
  "result": "Home",
  "history": []
}
[2026-06-01T15:15:12.167Z] [Router:MainRoute] current() {
  "active": "Home",
  "available": [
    {
      "id": "Support",
      "active": false
    },
    {
      "id": "Introduction",
      "active": false
    },
    {
      "id": "Home",
      "active": true
    }
  ]
}
[2026-06-01T15:15:12.213Z] [Router:MainRoute] currentPage getter {
  "result": "Home",
  "history": []
}
[2026-06-01T15:15:12.213Z] [Router:MainRoute] current() {
  "active": "Home",
  "available": [
    {
      "id": "Support",
      "active": false
    },
    {
      "id": "Introduction",
      "active": false
    },
    {
      "id": "Home",
      "active": true
    }
  ]
}
[2026-06-01T15:15:12.246Z] [Router:MainRoute] currentPage getter {
  "result": "Home",
  "history": []
}
[2026-06-01T15:15:12.246Z] [Router:MainRoute] current() {
  "active": "Home",
  "available": [
    {
      "id": "Support",
      "active": false
    },
    {
      "id": "Introduction",
      "active": false
    },
    {
      "id": "Home",
      "active": true
    }
  ]
}
[2026-06-01T15:15:12.276Z] [Router:MainRoute] currentPage getter {
  "result": "Home",
  "history": []
}
[2026-06-01T15:15:12.276Z] [Router:MainRoute] current() {
  "active": "Home",
  "available": [
    {
      "id": "Support",
      "active": false
    },
    {
      "id": "Introduction",
      "active": false
    },
    {
      "id": "Home",
      "active": true
    }
  ]
}
[2026-06-01T15:15:12.305Z] [Router:MainRoute] currentPage getter {
  "result": "Home",
  "history": []
}
[2026-06-01T15:15:12.305Z] [Router:MainRoute] current() {
  "active": "Home",
  "available": [
    {
      "id": "Support",
      "active": false
    },
    {
      "id": "Introduction",
      "active": false
    },
    {
      "id": "Home",
      "active": true
    }
  ]
}
[2026-06-01T15:15:12.337Z] [Router:MainRoute] currentPage getter {
  "result": "Home",
  "history": []
}
[2026-06-01T15:15:12.337Z] [Router:MainRoute] current() {
  "active": "Home",
  "available": [
    {
      "id": "Support",
      "active": false
    },
    {
      "id": "Introduction",
      "active": false
    },
    {
      "id": "Home",
      "active": true
    }
  ]
}
[2026-06-01T15:15:12.369Z] [Router:MainRoute] currentPage getter {
  "result": "Home",
  "history": []
}
[2026-06-01T15:15:12.369Z] [Router:MainRoute] current() {
  "active": "Home",
  "available": [
    {
      "id": "Support",
      "active": false
    },
    {
      "id": "Introduction",
      "active": false
    },
    {
      "id": "Home",
      "active": true
    }
  ]
}
[2026-06-01T15:15:12.385Z] [Router:MainRoute] currentPage getter {
  "result": "Home",
  "history": []
}
[2026-06-01T15:15:12.386Z] [Router:MainRoute] current() {
  "active": "Home",
  "available": [
    {
      "id": "Support",
      "active": false
    },
    {
      "id": "Introduction",
      "active": false
    },
    {
      "id": "Home",
      "active": true
    }
  ]
}
[2026-06-01T15:15:12.444Z] [Router:MainRoute] currentPage getter {
  "result": "Home",
  "history": []
}
[2026-06-01T15:15:12.444Z] [Router:MainRoute] current() {
  "active": "Home",
  "available": [
    {
      "id": "Support",
      "active": false
    },
    {
      "id": "Introduction",
      "active": false
    },
    {
      "id": "Home",
      "active": true
    }
  ]
}
[2026-06-01T15:15:12.476Z] [Router:MainRoute] currentPage getter {
  "result": "Home",
  "history": []
}
[2026-06-01T15:15:12.476Z] [Router:MainRoute] current() {
  "active": "Home",
  "available": [
    {
      "id": "Support",
      "active": false
    },
    {
      "id": "Introduction",
      "active": false
    },
    {
      "id": "Home",
      "active": true
    }
  ]
}
[2026-06-01T15:15:12.506Z] [Router:MainRoute] currentPage getter {
  "result": "Home",
  "history": []
}
[2026-06-01T15:15:12.506Z] [Router:MainRoute] current() {
  "active": "Home",
  "available": [
    {
      "id": "Support",
      "active": false
    },
    {
      "id": "Introduction",
      "active": false
    },
    {
      "id": "Home",
      "active": true
    }
  ]
}
[2026-06-01T15:15:12.541Z] [Router:MainRoute] currentPage getter {
  "result": "Home",
  "history": []
}
[2026-06-01T15:15:12.541Z] [Router:MainRoute] current() {
  "active": "Home",
  "available": [
    {
      "id": "Support",
      "active": false
    },
    {
      "id": "Introduction",
      "active": false
    },
    {
      "id": "Home",
      "active": true
    }
  ]
}
[2026-06-01T15:15:12.570Z] [Router:MainRoute] currentPage getter {
  "result": "Home",
  "history": []
}
[2026-06-01T15:15:12.571Z] [Router:MainRoute] current() {
  "active": "Home",
  "available": [
    {
      "id": "Support",
      "active": false
    },
    {
      "id": "Introduction",
      "active": false
    },
    {
      "id": "Home",
      "active": true
    }
  ]
}
[2026-06-01T15:15:12.786Z] [Router:MainRoute] currentPage getter {
  "result": "Home",
  "history": []
}
[2026-06-01T15:15:12.786Z] [Router:MainRoute] currentPage getter {
  "result": "Home",
  "history": []
}
[2026-06-01T15:15:12.786Z] [Router:MainRoute] currentPage getter {
  "result": "Home",
  "history": []
}
[2026-06-01T15:15:12.787Z] [Router:MainRoute] current() {
  "active": "Home",
  "available": [
    {
      "id": "Support",
      "active": false
    },
    {
      "id": "Introduction",
      "active": false
    },
    {
      "id": "Home",
      "active": true
    }
  ]
}
[2026-06-01T15:15:15.910Z] [Router:MainRoute] current() {
  "active": "Home",
  "available": [
    {
      "id": "Support",
      "active": false
    },
    {
      "id": "Introduction",
      "active": false
    },
    {
      "id": "Home",
      "active": true
    }
  ]
}
[2026-06-01T15:15:16.667Z] [Router:MainRoute] currentPage getter {
  "result": "Home",
  "history": []
}
[2026-06-01T15:15:16.667Z] [Router:MainRoute] current() {
  "active": "Home",
  "available": [
    {
      "id": "Support",
      "active": false
    },
    {
      "id": "Introduction",
      "active": false
    },
    {
      "id": "Home",
      "active": true
    }
  ]
}
[2026-06-01T15:15:16.924Z] [Router:MainRoute] currentPage getter {
  "result": "Home",
  "history": []
}
[2026-06-01T15:15:16.925Z] [Router:MainRoute] current() {
  "active": "Home",
  "available": [
    {
      "id": "Support",
      "active": false
    },
    {
      "id": "Introduction",
      "active": false
    },
    {
      "id": "Home",
      "active": true
    }
  ]
}
[2026-06-01T15:15:17.263Z] [Router:MainRoute] currentPage getter {
  "result": "Home",
  "history": []
}
[2026-06-01T15:15:17.263Z] [Router:MainRoute] currentPage getter {
  "result": "Home",
  "history": []
}
[2026-06-01T15:15:17.263Z] [Router:MainRoute] currentPage getter {
  "result": "Home",
  "history": []
}
[2026-06-01T15:15:17.263Z] [Router:MainRoute] current() {
  "active": "Home",
  "available": [
    {
      "id": "Support",
      "active": false
    },
    {
      "id": "Introduction",
      "active": false
    },
    {
      "id": "Home",
      "active": true
    }
  ]
}
[2026-06-01T15:15:17.557Z] [Router:MainRoute] current() {
  "active": "Home",
  "available": [
    {
      "id": "Support",
      "active": false
    },
    {
      "id": "Introduction",
      "active": false
    },
    {
      "id": "Home",
      "active": true
    }
  ]
}
[2026-06-01T15:15:17.867Z] [Router:MainRoute] currentPage getter {
  "result": "Home",
  "history": []
}
[2026-06-01T15:15:17.867Z] [Router:MainRoute] current() {
  "active": "Home",
  "available": [
    {
      "id": "Support",
      "active": false
    },
    {
      "id": "Introduction",
      "active": false
    },
    {
      "id": "Home",
      "active": true
    }
  ]
}
[2026-06-01T15:15:18.071Z] [Router:MainRoute] currentPage getter {
  "result": "Home",
  "history": []
}
[2026-06-01T15:15:18.071Z] [Router:MainRoute] current() {
  "active": "Home",
  "available": [
    {
      "id": "Support",
      "active": false
    },
    {
      "id": "Introduction",
      "active": false
    },
    {
      "id": "Home",
      "active": true
    }
  ]
}
[2026-06-01T15:15:18.254Z] [Router:MainRoute] currentPage getter {
  "result": "Home",
  "history": []
}
[2026-06-01T15:15:18.255Z] [Router:MainRoute] current() {
  "active": "Home",
  "available": [
    {
      "id": "Support",
      "active": false
    },
    {
      "id": "Introduction",
      "active": false
    },
    {
      "id": "Home",
      "active": true
    }
  ]
}
[2026-06-01T15:15:18.422Z] [Router:MainRoute] currentPage getter {
  "result": "Home",
  "history": []
}
[2026-06-01T15:15:18.422Z] [Router:MainRoute] current() {
  "active": "Home",
  "available": [
    {
      "id": "Support",
      "active": false
    },
    {
      "id": "Introduction",
      "active": false
    },
    {
      "id": "Home",
      "active": true
    }
  ]
}
[2026-06-01T15:15:18.636Z] [Router:MainRoute] currentPage getter {
  "result": "Home",
  "history": []
}
[2026-06-01T15:15:18.636Z] [Router:MainRoute] current() {
  "active": "Home",
  "available": [
    {
      "id": "Support",
      "active": false
    },
    {
      "id": "Introduction",
      "active": false
    },
    {
      "id": "Home",
      "active": true
    }
  ]
}
[2026-06-01T15:15:19.054Z] [Router:MainRoute] currentPage getter {
  "result": "Home",
  "history": []
}
[2026-06-01T15:15:19.055Z] [Router:MainRoute] current() {
  "active": "Home",
  "available": [
    {
      "id": "Support",
      "active": false
    },
    {
      "id": "Introduction",
      "active": false
    },
    {
      "id": "Home",
      "active": true
    }
  ]
}
[2026-06-01T15:15:19.350Z] [Router:MainRoute] currentPage getter {
  "result": "Home",
  "history": []
}
[2026-06-01T15:15:19.351Z] [Router:MainRoute] currentPage getter {
  "result": "Home",
  "history": []
}
[2026-06-01T15:15:19.351Z] [Router:MainRoute] currentPage getter {
  "result": "Home",
  "history": []
}
[2026-06-01T15:15:19.351Z] [Router:MainRoute] current() {
  "active": "Home",
  "available": [
    {
      "id": "Support",
      "active": false
    },
    {
      "id": "Introduction",
      "active": false
    },
    {
      "id": "Home",
      "active": true
    }
  ]
}
[2026-06-01T15:15:19.675Z] [Router:MainRoute] current() {
  "active": "Home",
  "available": [
    {
      "id": "Support",
      "active": false
    },
    {
      "id": "Introduction",
      "active": false
    },
    {
      "id": "Home",
      "active": true
    }
  ]
}
[2026-06-01T15:15:19.908Z] [Router:MainRoute] currentPage getter {
  "result": "Home",
  "history": []
}
[2026-06-01T15:15:19.908Z] [Router:MainRoute] current() {
  "active": "Home",
  "available": [
    {
      "id": "Support",
      "active": false
    },
    {
      "id": "Introduction",
      "active": false
    },
    {
      "id": "Home",
      "active": true
    }
  ]
}
[2026-06-01T15:15:20.094Z] [Router:MainRoute] currentPage getter {
  "result": "Home",
  "history": []
}
[2026-06-01T15:15:20.095Z] [Router:MainRoute] current() {
  "active": "Home",
  "available": [
    {
      "id": "Support",
      "active": false
    },
    {
      "id": "Introduction",
      "active": false
    },
    {
      "id": "Home",
      "active": true
    }
  ]
}
[2026-06-01T15:15:20.294Z] [Router:MainRoute] currentPage getter {
  "result": "Home",
  "history": []
}
[2026-06-01T15:15:20.295Z] [Router:MainRoute] current() {
  "active": "Home",
  "available": [
    {
      "id": "Support",
      "active": false
    },
    {
      "id": "Introduction",
      "active": false
    },
    {
      "id": "Home",
      "active": true
    }
  ]
}
[2026-06-01T15:15:49.720Z] [Router:MainRoute] constructor {
  "routerId": "MainRoute",
  "config": {
    "saveOrder": true
  }
}
[2026-06-01T15:15:49.721Z] [Router:MainRoute] create() called [
  "Support",
  "Introduction",
  "Home"
]
[2026-06-01T15:15:49.721Z] [Router:MainRoute] loading component Support
[2026-06-01T15:15:49.721Z] [Router:MainRoute] loading component Introduction
[2026-06-01T15:15:49.721Z] [Router:MainRoute] loading component Home
[2026-06-01T15:15:49.724Z] [Router:MainRoute] component resolved Support
[2026-06-01T15:15:49.725Z] [Router:MainRoute] create.update() error {
  "code": "ZRUI_INVALID_STATE",
  "message": "update: lifecycle operation already in flight"
}
[2026-06-01T15:15:49.725Z] [Router:MainRoute] component resolved Introduction
[2026-06-01T15:15:49.725Z] [Router:MainRoute] create.update() error {
  "code": "ZRUI_INVALID_STATE",
  "message": "update: lifecycle operation already in flight"
}
[2026-06-01T15:15:49.729Z] [Router:MainRoute] component resolved Home
[2026-06-01T15:15:49.729Z] [Router:MainRoute] create.update() error {
  "code": "ZRUI_INVALID_STATE",
  "message": "update: lifecycle operation already in flight"
}
[2026-06-01T15:15:49.740Z] [Router:MainRoute] create.update() error {
  "code": "ZRUI_INVALID_STATE",
  "message": "update: lifecycle operation already in flight"
}
[2026-06-01T15:15:49.741Z] [Router:MainRoute] create.update() error {
  "code": "ZRUI_INVALID_STATE",
  "message": "update: lifecycle operation already in flight"
}
[2026-06-01T15:15:49.741Z] [Router:MainRoute] create.update() error {
  "code": "ZRUI_INVALID_STATE",
  "message": "update: lifecycle operation already in flight"
}
[2026-06-01T15:15:49.756Z] [Router:MainRoute] create.update() error {
  "code": "ZRUI_INVALID_STATE",
  "message": "update: lifecycle operation already in flight"
}
[2026-06-01T15:15:49.757Z] [Router:MainRoute] create.update() error {
  "code": "ZRUI_INVALID_STATE",
  "message": "update: lifecycle operation already in flight"
}
[2026-06-01T15:15:49.757Z] [Router:MainRoute] create.update() error {
  "code": "ZRUI_INVALID_STATE",
  "message": "update: lifecycle operation already in flight"
}
[2026-06-01T15:15:49.772Z] [Router:MainRoute] create.update() error {
  "code": "ZRUI_INVALID_STATE",
  "message": "update: lifecycle operation already in flight"
}
[2026-06-01T15:15:49.772Z] [Router:MainRoute] create.update() error {
  "code": "ZRUI_INVALID_STATE",
  "message": "update: lifecycle operation already in flight"
}
[2026-06-01T15:15:49.772Z] [Router:MainRoute] create.update() error {
  "code": "ZRUI_INVALID_STATE",
  "message": "update: lifecycle operation already in flight"
}
[2026-06-01T15:15:49.778Z] [Router:MainRoute] current() -> no routerBundles 
[2026-06-01T15:15:49.804Z] [Router:MainRoute] create.update() before {
  "dataId": "Support",
  "bundleKeys": [],
  "routeBucketKeys": []
}
[2026-06-01T15:15:49.804Z] [Router:MainRoute] create.update() after {
  "dataId": "Support",
  "routeBucketKeys": [
    "Support"
  ]
}
[2026-06-01T15:15:49.805Z] [Router:MainRoute] debugBundles [
  {
    "id": "Support",
    "active": false
  }
]
[2026-06-01T15:15:49.805Z] [Router:MainRoute] current() {
  "active": null,
  "available": [
    {
      "id": "Support",
      "active": false
    }
  ]
}
[2026-06-01T15:15:49.807Z] [Router:MainRoute] create.update() before {
  "dataId": "Introduction",
  "bundleKeys": [
    "MainRoute"
  ],
  "routeBucketKeys": [
    "Support"
  ]
}
[2026-06-01T15:15:49.807Z] [Router:MainRoute] create.update() after {
  "dataId": "Introduction",
  "routeBucketKeys": [
    "Support",
    "Introduction"
  ]
}
[2026-06-01T15:15:49.807Z] [Router:MainRoute] debugBundles [
  {
    "id": "Support",
    "active": false
  },
  {
    "id": "Introduction",
    "active": false
  }
]
[2026-06-01T15:15:49.808Z] [Router:MainRoute] create.update() before {
  "dataId": "Home",
  "bundleKeys": [
    "MainRoute"
  ],
  "routeBucketKeys": [
    "Support",
    "Introduction"
  ]
}
[2026-06-01T15:15:49.808Z] [Router:MainRoute] create.update() after {
  "dataId": "Home",
  "routeBucketKeys": [
    "Support",
    "Introduction",
    "Home"
  ]
}
[2026-06-01T15:15:49.808Z] [Router:MainRoute] debugBundles [
  {
    "id": "Support",
    "active": false
  },
  {
    "id": "Introduction",
    "active": false
  },
  {
    "id": "Home",
    "active": true
  }
]
[2026-06-01T15:15:49.808Z] [Router:MainRoute] current() {
  "active": "Home",
  "available": [
    {
      "id": "Support",
      "active": false
    },
    {
      "id": "Introduction",
      "active": false
    },
    {
      "id": "Home",
      "active": true
    }
  ]
}
[2026-06-01T15:16:09.512Z] [Router:MainRoute] constructor {
  "routerId": "MainRoute",
  "config": {
    "saveOrder": true
  }
}
[2026-06-01T15:16:09.512Z] [Router:MainRoute] create() called [
  "Support",
  "Introduction",
  "Home"
]
[2026-06-01T15:16:09.513Z] [Router:MainRoute] loading component Support
[2026-06-01T15:16:09.513Z] [Router:MainRoute] loading component Introduction
[2026-06-01T15:16:09.513Z] [Router:MainRoute] loading component Home
[2026-06-01T15:16:09.517Z] [Router:MainRoute] component resolved Support
[2026-06-01T15:16:09.518Z] [Router:MainRoute] create.update() error {
  "code": "ZRUI_INVALID_STATE",
  "message": "update: lifecycle operation already in flight"
}
[2026-06-01T15:16:09.518Z] [Router:MainRoute] component resolved Introduction
[2026-06-01T15:16:09.518Z] [Router:MainRoute] create.update() error {
  "code": "ZRUI_INVALID_STATE",
  "message": "update: lifecycle operation already in flight"
}
[2026-06-01T15:16:09.524Z] [Router:MainRoute] component resolved Home
[2026-06-01T15:16:09.524Z] [Router:MainRoute] create.update() error {
  "code": "ZRUI_INVALID_STATE",
  "message": "update: lifecycle operation already in flight"
}
[2026-06-01T15:16:09.528Z] [Router:MainRoute] create.update() error {
  "code": "ZRUI_INVALID_STATE",
  "message": "update: lifecycle operation already in flight"
}
[2026-06-01T15:16:09.542Z] [Router:MainRoute] create.update() error {
  "code": "ZRUI_INVALID_STATE",
  "message": "update: lifecycle operation already in flight"
}
[2026-06-01T15:16:09.542Z] [Router:MainRoute] create.update() error {
  "code": "ZRUI_INVALID_STATE",
  "message": "update: lifecycle operation already in flight"
}
[2026-06-01T15:16:09.542Z] [Router:MainRoute] create.update() error {
  "code": "ZRUI_INVALID_STATE",
  "message": "update: lifecycle operation already in flight"
}
[2026-06-01T15:16:09.560Z] [Router:MainRoute] create.update() error {
  "code": "ZRUI_INVALID_STATE",
  "message": "update: lifecycle operation already in flight"
}
[2026-06-01T15:16:09.561Z] [Router:MainRoute] create.update() error {
  "code": "ZRUI_INVALID_STATE",
  "message": "update: lifecycle operation already in flight"
}
[2026-06-01T15:16:09.561Z] [Router:MainRoute] create.update() error {
  "code": "ZRUI_INVALID_STATE",
  "message": "update: lifecycle operation already in flight"
}
[2026-06-01T15:16:09.578Z] [Router:MainRoute] create.update() error {
  "code": "ZRUI_INVALID_STATE",
  "message": "update: lifecycle operation already in flight"
}
[2026-06-01T15:16:09.578Z] [Router:MainRoute] create.update() error {
  "code": "ZRUI_INVALID_STATE",
  "message": "update: lifecycle operation already in flight"
}
[2026-06-01T15:16:09.578Z] [Router:MainRoute] create.update() error {
  "code": "ZRUI_INVALID_STATE",
  "message": "update: lifecycle operation already in flight"
}
[2026-06-01T15:16:09.585Z] [Router:MainRoute] current() -> no routerBundles 
[2026-06-01T15:16:09.609Z] [Router:MainRoute] create.update() before {
  "dataId": "Introduction",
  "bundleKeys": [],
  "routeBucketKeys": []
}
[2026-06-01T15:16:09.609Z] [Router:MainRoute] create.update() after {
  "dataId": "Introduction",
  "routeBucketKeys": [
    "Introduction"
  ]
}
[2026-06-01T15:16:09.609Z] [Router:MainRoute] debugBundles [
  {
    "id": "Introduction",
    "active": false
  }
]
[2026-06-01T15:16:09.609Z] [Router:MainRoute] current() {
  "active": null,
  "available": [
    {
      "id": "Introduction",
      "active": false
    }
  ]
}
[2026-06-01T15:16:09.611Z] [Router:MainRoute] create.update() before {
  "dataId": "Home",
  "bundleKeys": [
    "MainRoute"
  ],
  "routeBucketKeys": [
    "Introduction"
  ]
}
[2026-06-01T15:16:09.612Z] [Router:MainRoute] create.update() after {
  "dataId": "Home",
  "routeBucketKeys": [
    "Introduction",
    "Home"
  ]
}
[2026-06-01T15:16:09.612Z] [Router:MainRoute] debugBundles [
  {
    "id": "Introduction",
    "active": false
  },
  {
    "id": "Home",
    "active": true
  }
]
[2026-06-01T15:16:09.612Z] [Router:MainRoute] create.update() before {
  "dataId": "Support",
  "bundleKeys": [
    "MainRoute"
  ],
  "routeBucketKeys": [
    "Introduction",
    "Home"
  ]
}
[2026-06-01T15:16:09.612Z] [Router:MainRoute] create.update() after {
  "dataId": "Support",
  "routeBucketKeys": [
    "Introduction",
    "Home",
    "Support"
  ]
}
[2026-06-01T15:16:09.612Z] [Router:MainRoute] debugBundles [
  {
    "id": "Introduction",
    "active": false
  },
  {
    "id": "Home",
    "active": true
  },
  {
    "id": "Support",
    "active": false
  }
]
[2026-06-01T15:16:09.612Z] [Router:MainRoute] current() {
  "active": "Home",
  "available": [
    {
      "id": "Introduction",
      "active": false
    },
    {
      "id": "Home",
      "active": true
    },
    {
      "id": "Support",
      "active": false
    }
  ]
}
[2026-06-01T15:16:38.914Z] [Router:MainRoute] order getter initialized history []
[2026-06-01T15:16:38.914Z] [Router:MainRoute] currentPage getter {
  "result": "Home",
  "history": []
}
[2026-06-01T15:16:38.915Z] [Router:MainRoute] current() {
  "active": "Home",
  "available": [
    {
      "id": "Introduction",
      "active": false
    },
    {
      "id": "Home",
      "active": true
    },
    {
      "id": "Support",
      "active": false
    }
  ]
}
[2026-06-01T15:16:39.457Z] [Router:MainRoute] currentPage getter {
  "result": "Home",
  "history": []
}
[2026-06-01T15:16:39.457Z] [Router:MainRoute] currentPage getter {
  "result": "Home",
  "history": []
}
[2026-06-01T15:16:39.457Z] [Router:MainRoute] currentPage getter {
  "result": "Home",
  "history": []
}
[2026-06-01T15:16:39.457Z] [Router:MainRoute] current() {
  "active": "Home",
  "available": [
    {
      "id": "Introduction",
      "active": false
    },
    {
      "id": "Home",
      "active": true
    },
    {
      "id": "Support",
      "active": false
    }
  ]
}
[2026-06-01T15:16:41.342Z] [Router:MainRoute] current() {
  "active": "Home",
  "available": [
    {
      "id": "Introduction",
      "active": false
    },
    {
      "id": "Home",
      "active": true
    },
    {
      "id": "Support",
      "active": false
    }
  ]
}
[2026-06-01T15:16:41.977Z] [Router:MainRoute] currentPage getter {
  "result": "Home",
  "history": []
}
[2026-06-01T15:16:41.977Z] [Router:MainRoute] current() {
  "active": "Home",
  "available": [
    {
      "id": "Introduction",
      "active": false
    },
    {
      "id": "Home",
      "active": true
    },
    {
      "id": "Support",
      "active": false
    }
  ]
}
[2026-06-01T15:16:42.284Z] [Router:MainRoute] currentPage getter {
  "result": "Home",
  "history": []
}
[2026-06-01T15:16:42.284Z] [Router:MainRoute] current() {
  "active": "Home",
  "available": [
    {
      "id": "Introduction",
      "active": false
    },
    {
      "id": "Home",
      "active": true
    },
    {
      "id": "Support",
      "active": false
    }
  ]
}
[2026-06-01T15:16:42.591Z] [Router:MainRoute] currentPage getter {
  "result": "Home",
  "history": []
}
[2026-06-01T15:16:42.591Z] [Router:MainRoute] current() {
  "active": "Home",
  "available": [
    {
      "id": "Introduction",
      "active": false
    },
    {
      "id": "Home",
      "active": true
    },
    {
      "id": "Support",
      "active": false
    }
  ]
}
[2026-06-01T15:16:42.914Z] [Router:MainRoute] currentPage getter {
  "result": "Home",
  "history": []
}
[2026-06-01T15:16:42.914Z] [Router:MainRoute] current() {
  "active": "Home",
  "available": [
    {
      "id": "Introduction",
      "active": false
    },
    {
      "id": "Home",
      "active": true
    },
    {
      "id": "Support",
      "active": false
    }
  ]
}
[2026-06-01T15:16:43.083Z] [Router:MainRoute] currentPage getter {
  "result": "Home",
  "history": []
}
[2026-06-01T15:16:43.083Z] [Router:MainRoute] current() {
  "active": "Home",
  "available": [
    {
      "id": "Introduction",
      "active": false
    },
    {
      "id": "Home",
      "active": true
    },
    {
      "id": "Support",
      "active": false
    }
  ]
}
[2026-06-01T15:16:43.238Z] [Router:MainRoute] currentPage getter {
  "result": "Home",
  "history": []
}
[2026-06-01T15:16:43.238Z] [Router:MainRoute] current() {
  "active": "Home",
  "available": [
    {
      "id": "Introduction",
      "active": false
    },
    {
      "id": "Home",
      "active": true
    },
    {
      "id": "Support",
      "active": false
    }
  ]
}
[2026-06-01T15:16:43.438Z] [Router:MainRoute] currentPage getter {
  "result": "Home",
  "history": []
}
[2026-06-01T15:16:43.439Z] [Router:MainRoute] current() {
  "active": "Home",
  "available": [
    {
      "id": "Introduction",
      "active": false
    },
    {
      "id": "Home",
      "active": true
    },
    {
      "id": "Support",
      "active": false
    }
  ]
}
[2026-06-01T15:16:43.562Z] [Router:MainRoute] currentPage getter {
  "result": "Home",
  "history": []
}
[2026-06-01T15:16:43.563Z] [Router:MainRoute] current() {
  "active": "Home",
  "available": [
    {
      "id": "Introduction",
      "active": false
    },
    {
      "id": "Home",
      "active": true
    },
    {
      "id": "Support",
      "active": false
    }
  ]
}
[2026-06-01T15:16:43.673Z] [Router:MainRoute] currentPage getter {
  "result": "Home",
  "history": []
}
[2026-06-01T15:16:43.673Z] [Router:MainRoute] current() {
  "active": "Home",
  "available": [
    {
      "id": "Introduction",
      "active": false
    },
    {
      "id": "Home",
      "active": true
    },
    {
      "id": "Support",
      "active": false
    }
  ]
}
[2026-06-01T15:16:43.793Z] [Router:MainRoute] currentPage getter {
  "result": "Home",
  "history": []
}
[2026-06-01T15:16:43.794Z] [Router:MainRoute] current() {
  "active": "Home",
  "available": [
    {
      "id": "Introduction",
      "active": false
    },
    {
      "id": "Home",
      "active": true
    },
    {
      "id": "Support",
      "active": false
    }
  ]
}
[2026-06-01T15:16:43.919Z] [Router:MainRoute] currentPage getter {
  "result": "Home",
  "history": []
}
[2026-06-01T15:16:43.920Z] [Router:MainRoute] current() {
  "active": "Home",
  "available": [
    {
      "id": "Introduction",
      "active": false
    },
    {
      "id": "Home",
      "active": true
    },
    {
      "id": "Support",
      "active": false
    }
  ]
}
[2026-06-01T15:16:44.043Z] [Router:MainRoute] currentPage getter {
  "result": "Home",
  "history": []
}
[2026-06-01T15:16:44.043Z] [Router:MainRoute] current() {
  "active": "Home",
  "available": [
    {
      "id": "Introduction",
      "active": false
    },
    {
      "id": "Home",
      "active": true
    },
    {
      "id": "Support",
      "active": false
    }
  ]
}
[2026-06-01T15:16:44.149Z] [Router:MainRoute] currentPage getter {
  "result": "Home",
  "history": []
}
[2026-06-01T15:16:44.150Z] [Router:MainRoute] current() {
  "active": "Home",
  "available": [
    {
      "id": "Introduction",
      "active": false
    },
    {
      "id": "Home",
      "active": true
    },
    {
      "id": "Support",
      "active": false
    }
  ]
}
[2026-06-01T15:16:44.665Z] [Router:MainRoute] currentPage getter {
  "result": "Home",
  "history": []
}
[2026-06-01T15:16:44.665Z] [Router:MainRoute] current() {
  "active": "Home",
  "available": [
    {
      "id": "Introduction",
      "active": false
    },
    {
      "id": "Home",
      "active": true
    },
    {
      "id": "Support",
      "active": false
    }
  ]
}
[2026-06-01T15:16:44.695Z] [Router:MainRoute] currentPage getter {
  "result": "Home",
  "history": []
}
[2026-06-01T15:16:44.695Z] [Router:MainRoute] current() {
  "active": "Home",
  "available": [
    {
      "id": "Introduction",
      "active": false
    },
    {
      "id": "Home",
      "active": true
    },
    {
      "id": "Support",
      "active": false
    }
  ]
}
[2026-06-01T15:16:44.741Z] [Router:MainRoute] currentPage getter {
  "result": "Home",
  "history": []
}
[2026-06-01T15:16:44.742Z] [Router:MainRoute] current() {
  "active": "Home",
  "available": [
    {
      "id": "Introduction",
      "active": false
    },
    {
      "id": "Home",
      "active": true
    },
    {
      "id": "Support",
      "active": false
    }
  ]
}
[2026-06-01T15:16:44.774Z] [Router:MainRoute] currentPage getter {
  "result": "Home",
  "history": []
}
[2026-06-01T15:16:44.774Z] [Router:MainRoute] current() {
  "active": "Home",
  "available": [
    {
      "id": "Introduction",
      "active": false
    },
    {
      "id": "Home",
      "active": true
    },
    {
      "id": "Support",
      "active": false
    }
  ]
}
[2026-06-01T15:16:44.805Z] [Router:MainRoute] currentPage getter {
  "result": "Home",
  "history": []
}
[2026-06-01T15:16:44.805Z] [Router:MainRoute] current() {
  "active": "Home",
  "available": [
    {
      "id": "Introduction",
      "active": false
    },
    {
      "id": "Home",
      "active": true
    },
    {
      "id": "Support",
      "active": false
    }
  ]
}
[2026-06-01T15:16:44.833Z] [Router:MainRoute] currentPage getter {
  "result": "Home",
  "history": []
}
[2026-06-01T15:16:44.833Z] [Router:MainRoute] current() {
  "active": "Home",
  "available": [
    {
      "id": "Introduction",
      "active": false
    },
    {
      "id": "Home",
      "active": true
    },
    {
      "id": "Support",
      "active": false
    }
  ]
}
[2026-06-01T15:16:44.866Z] [Router:MainRoute] currentPage getter {
  "result": "Home",
  "history": []
}
[2026-06-01T15:16:44.866Z] [Router:MainRoute] current() {
  "active": "Home",
  "available": [
    {
      "id": "Introduction",
      "active": false
    },
    {
      "id": "Home",
      "active": true
    },
    {
      "id": "Support",
      "active": false
    }
  ]
}
[2026-06-01T15:16:44.897Z] [Router:MainRoute] currentPage getter {
  "result": "Home",
  "history": []
}
[2026-06-01T15:16:44.898Z] [Router:MainRoute] current() {
  "active": "Home",
  "available": [
    {
      "id": "Introduction",
      "active": false
    },
    {
      "id": "Home",
      "active": true
    },
    {
      "id": "Support",
      "active": false
    }
  ]
}
[2026-06-01T15:16:44.927Z] [Router:MainRoute] currentPage getter {
  "result": "Home",
  "history": []
}
[2026-06-01T15:16:44.927Z] [Router:MainRoute] current() {
  "active": "Home",
  "available": [
    {
      "id": "Introduction",
      "active": false
    },
    {
      "id": "Home",
      "active": true
    },
    {
      "id": "Support",
      "active": false
    }
  ]
}
[2026-06-01T15:16:44.973Z] [Router:MainRoute] currentPage getter {
  "result": "Home",
  "history": []
}
[2026-06-01T15:16:44.974Z] [Router:MainRoute] current() {
  "active": "Home",
  "available": [
    {
      "id": "Introduction",
      "active": false
    },
    {
      "id": "Home",
      "active": true
    },
    {
      "id": "Support",
      "active": false
    }
  ]
}
[2026-06-01T15:16:45.006Z] [Router:MainRoute] currentPage getter {
  "result": "Home",
  "history": []
}
[2026-06-01T15:16:45.007Z] [Router:MainRoute] current() {
  "active": "Home",
  "available": [
    {
      "id": "Introduction",
      "active": false
    },
    {
      "id": "Home",
      "active": true
    },
    {
      "id": "Support",
      "active": false
    }
  ]
}
[2026-06-01T15:16:45.037Z] [Router:MainRoute] currentPage getter {
  "result": "Home",
  "history": []
}
[2026-06-01T15:16:45.037Z] [Router:MainRoute] current() {
  "active": "Home",
  "available": [
    {
      "id": "Introduction",
      "active": false
    },
    {
      "id": "Home",
      "active": true
    },
    {
      "id": "Support",
      "active": false
    }
  ]
}
[2026-06-01T15:16:45.067Z] [Router:MainRoute] currentPage getter {
  "result": "Home",
  "history": []
}
[2026-06-01T15:16:45.067Z] [Router:MainRoute] current() {
  "active": "Home",
  "available": [
    {
      "id": "Introduction",
      "active": false
    },
    {
      "id": "Home",
      "active": true
    },
    {
      "id": "Support",
      "active": false
    }
  ]
}
[2026-06-01T15:16:45.098Z] [Router:MainRoute] currentPage getter {
  "result": "Home",
  "history": []
}
[2026-06-01T15:16:45.098Z] [Router:MainRoute] current() {
  "active": "Home",
  "available": [
    {
      "id": "Introduction",
      "active": false
    },
    {
      "id": "Home",
      "active": true
    },
    {
      "id": "Support",
      "active": false
    }
  ]
}
[2026-06-01T15:16:45.127Z] [Router:MainRoute] currentPage getter {
  "result": "Home",
  "history": []
}
[2026-06-01T15:16:45.127Z] [Router:MainRoute] current() {
  "active": "Home",
  "available": [
    {
      "id": "Introduction",
      "active": false
    },
    {
      "id": "Home",
      "active": true
    },
    {
      "id": "Support",
      "active": false
    }
  ]
}
[2026-06-01T15:16:45.158Z] [Router:MainRoute] currentPage getter {
  "result": "Home",
  "history": []
}
[2026-06-01T15:16:45.158Z] [Router:MainRoute] current() {
  "active": "Home",
  "available": [
    {
      "id": "Introduction",
      "active": false
    },
    {
      "id": "Home",
      "active": true
    },
    {
      "id": "Support",
      "active": false
    }
  ]
}
[2026-06-01T15:16:45.204Z] [Router:MainRoute] currentPage getter {
  "result": "Home",
  "history": []
}
[2026-06-01T15:16:45.205Z] [Router:MainRoute] current() {
  "active": "Home",
  "available": [
    {
      "id": "Introduction",
      "active": false
    },
    {
      "id": "Home",
      "active": true
    },
    {
      "id": "Support",
      "active": false
    }
  ]
}
[2026-06-01T15:16:45.327Z] [Router:MainRoute] currentPage getter {
  "result": "Home",
  "history": []
}
[2026-06-01T15:16:45.327Z] [Router:MainRoute] current() {
  "active": "Home",
  "available": [
    {
      "id": "Introduction",
      "active": false
    },
    {
      "id": "Home",
      "active": true
    },
    {
      "id": "Support",
      "active": false
    }
  ]
}
[2026-06-01T15:16:45.854Z] [Router:MainRoute] currentPage getter {
  "result": "Home",
  "history": []
}
[2026-06-01T15:16:45.854Z] [Router:MainRoute] current() {
  "active": "Home",
  "available": [
    {
      "id": "Introduction",
      "active": false
    },
    {
      "id": "Home",
      "active": true
    },
    {
      "id": "Support",
      "active": false
    }
  ]
}
[2026-06-01T15:16:45.889Z] [Router:MainRoute] currentPage getter {
  "result": "Home",
  "history": []
}
[2026-06-01T15:16:45.889Z] [Router:MainRoute] current() {
  "active": "Home",
  "available": [
    {
      "id": "Introduction",
      "active": false
    },
    {
      "id": "Home",
      "active": true
    },
    {
      "id": "Support",
      "active": false
    }
  ]
}
[2026-06-01T15:16:45.918Z] [Router:MainRoute] currentPage getter {
  "result": "Home",
  "history": []
}
[2026-06-01T15:16:45.918Z] [Router:MainRoute] current() {
  "active": "Home",
  "available": [
    {
      "id": "Introduction",
      "active": false
    },
    {
      "id": "Home",
      "active": true
    },
    {
      "id": "Support",
      "active": false
    }
  ]
}
[2026-06-01T15:16:45.945Z] [Router:MainRoute] currentPage getter {
  "result": "Home",
  "history": []
}
[2026-06-01T15:16:45.946Z] [Router:MainRoute] current() {
  "active": "Home",
  "available": [
    {
      "id": "Introduction",
      "active": false
    },
    {
      "id": "Home",
      "active": true
    },
    {
      "id": "Support",
      "active": false
    }
  ]
}
[2026-06-01T15:16:45.979Z] [Router:MainRoute] currentPage getter {
  "result": "Home",
  "history": []
}
[2026-06-01T15:16:45.979Z] [Router:MainRoute] current() {
  "active": "Home",
  "available": [
    {
      "id": "Introduction",
      "active": false
    },
    {
      "id": "Home",
      "active": true
    },
    {
      "id": "Support",
      "active": false
    }
  ]
}
[2026-06-01T15:16:46.008Z] [Router:MainRoute] currentPage getter {
  "result": "Home",
  "history": []
}
[2026-06-01T15:16:46.008Z] [Router:MainRoute] current() {
  "active": "Home",
  "available": [
    {
      "id": "Introduction",
      "active": false
    },
    {
      "id": "Home",
      "active": true
    },
    {
      "id": "Support",
      "active": false
    }
  ]
}
[2026-06-01T15:16:46.040Z] [Router:MainRoute] currentPage getter {
  "result": "Home",
  "history": []
}
[2026-06-01T15:16:46.041Z] [Router:MainRoute] current() {
  "active": "Home",
  "available": [
    {
      "id": "Introduction",
      "active": false
    },
    {
      "id": "Home",
      "active": true
    },
    {
      "id": "Support",
      "active": false
    }
  ]
}
[2026-06-01T15:16:46.085Z] [Router:MainRoute] currentPage getter {
  "result": "Home",
  "history": []
}
[2026-06-01T15:16:46.085Z] [Router:MainRoute] current() {
  "active": "Home",
  "available": [
    {
      "id": "Introduction",
      "active": false
    },
    {
      "id": "Home",
      "active": true
    },
    {
      "id": "Support",
      "active": false
    }
  ]
}
[2026-06-01T15:16:46.118Z] [Router:MainRoute] currentPage getter {
  "result": "Home",
  "history": []
}
[2026-06-01T15:16:46.124Z] [Router:MainRoute] current() {
  "active": "Home",
  "available": [
    {
      "id": "Introduction",
      "active": false
    },
    {
      "id": "Home",
      "active": true
    },
    {
      "id": "Support",
      "active": false
    }
  ]
}
[2026-06-01T15:16:46.151Z] [Router:MainRoute] currentPage getter {
  "result": "Home",
  "history": []
}
[2026-06-01T15:16:46.151Z] [Router:MainRoute] current() {
  "active": "Home",
  "available": [
    {
      "id": "Introduction",
      "active": false
    },
    {
      "id": "Home",
      "active": true
    },
    {
      "id": "Support",
      "active": false
    }
  ]
}
[2026-06-01T15:16:46.167Z] [Router:MainRoute] currentPage getter {
  "result": "Home",
  "history": []
}
[2026-06-01T15:16:46.167Z] [Router:MainRoute] current() {
  "active": "Home",
  "available": [
    {
      "id": "Introduction",
      "active": false
    },
    {
      "id": "Home",
      "active": true
    },
    {
      "id": "Support",
      "active": false
    }
  ]
}
[2026-06-01T15:16:46.207Z] [Router:MainRoute] currentPage getter {
  "result": "Home",
  "history": []
}
[2026-06-01T15:16:46.208Z] [Router:MainRoute] current() {
  "active": "Home",
  "available": [
    {
      "id": "Introduction",
      "active": false
    },
    {
      "id": "Home",
      "active": true
    },
    {
      "id": "Support",
      "active": false
    }
  ]
}
[2026-06-01T15:16:46.240Z] [Router:MainRoute] currentPage getter {
  "result": "Home",
  "history": []
}
[2026-06-01T15:16:46.240Z] [Router:MainRoute] current() {
  "active": "Home",
  "available": [
    {
      "id": "Introduction",
      "active": false
    },
    {
      "id": "Home",
      "active": true
    },
    {
      "id": "Support",
      "active": false
    }
  ]
}
[2026-06-01T15:16:46.275Z] [Router:MainRoute] currentPage getter {
  "result": "Home",
  "history": []
}
[2026-06-01T15:16:46.275Z] [Router:MainRoute] current() {
  "active": "Home",
  "available": [
    {
      "id": "Introduction",
      "active": false
    },
    {
      "id": "Home",
      "active": true
    },
    {
      "id": "Support",
      "active": false
    }
  ]
}
[2026-06-01T15:16:46.317Z] [Router:MainRoute] currentPage getter {
  "result": "Home",
  "history": []
}
[2026-06-01T15:16:46.318Z] [Router:MainRoute] current() {
  "active": "Home",
  "available": [
    {
      "id": "Introduction",
      "active": false
    },
    {
      "id": "Home",
      "active": true
    },
    {
      "id": "Support",
      "active": false
    }
  ]
}
[2026-06-01T15:16:46.350Z] [Router:MainRoute] currentPage getter {
  "result": "Home",
  "history": []
}
[2026-06-01T15:16:46.351Z] [Router:MainRoute] current() {
  "active": "Home",
  "available": [
    {
      "id": "Introduction",
      "active": false
    },
    {
      "id": "Home",
      "active": true
    },
    {
      "id": "Support",
      "active": false
    }
  ]
}
[2026-06-01T15:16:46.367Z] [Router:MainRoute] currentPage getter {
  "result": "Home",
  "history": []
}
[2026-06-01T15:16:46.368Z] [Router:MainRoute] current() {
  "active": "Home",
  "available": [
    {
      "id": "Introduction",
      "active": false
    },
    {
      "id": "Home",
      "active": true
    },
    {
      "id": "Support",
      "active": false
    }
  ]
}
[2026-06-01T15:16:46.411Z] [Router:MainRoute] currentPage getter {
  "result": "Home",
  "history": []
}
[2026-06-01T15:16:46.412Z] [Router:MainRoute] current() {
  "active": "Home",
  "available": [
    {
      "id": "Introduction",
      "active": false
    },
    {
      "id": "Home",
      "active": true
    },
    {
      "id": "Support",
      "active": false
    }
  ]
}
[2026-06-01T15:16:46.444Z] [Router:MainRoute] currentPage getter {
  "result": "Home",
  "history": []
}
[2026-06-01T15:16:46.444Z] [Router:MainRoute] current() {
  "active": "Home",
  "available": [
    {
      "id": "Introduction",
      "active": false
    },
    {
      "id": "Home",
      "active": true
    },
    {
      "id": "Support",
      "active": false
    }
  ]
}
[2026-06-01T15:16:46.460Z] [Router:MainRoute] currentPage getter {
  "result": "Home",
  "history": []
}
[2026-06-01T15:16:46.460Z] [Router:MainRoute] current() {
  "active": "Home",
  "available": [
    {
      "id": "Introduction",
      "active": false
    },
    {
      "id": "Home",
      "active": true
    },
    {
      "id": "Support",
      "active": false
    }
  ]
}
[2026-06-01T15:16:46.492Z] [Router:MainRoute] currentPage getter {
  "result": "Home",
  "history": []
}
[2026-06-01T15:16:46.493Z] [Router:MainRoute] current() {
  "active": "Home",
  "available": [
    {
      "id": "Introduction",
      "active": false
    },
    {
      "id": "Home",
      "active": true
    },
    {
      "id": "Support",
      "active": false
    }
  ]
}
[2026-06-01T15:16:46.533Z] [Router:MainRoute] currentPage getter {
  "result": "Home",
  "history": []
}
[2026-06-01T15:16:46.534Z] [Router:MainRoute] current() {
  "active": "Home",
  "available": [
    {
      "id": "Introduction",
      "active": false
    },
    {
      "id": "Home",
      "active": true
    },
    {
      "id": "Support",
      "active": false
    }
  ]
}
[2026-06-01T15:16:46.580Z] [Router:MainRoute] currentPage getter {
  "result": "Home",
  "history": []
}
[2026-06-01T15:16:46.580Z] [Router:MainRoute] current() {
  "active": "Home",
  "available": [
    {
      "id": "Introduction",
      "active": false
    },
    {
      "id": "Home",
      "active": true
    },
    {
      "id": "Support",
      "active": false
    }
  ]
}
[2026-06-01T15:16:46.613Z] [Router:MainRoute] currentPage getter {
  "result": "Home",
  "history": []
}
[2026-06-01T15:16:46.613Z] [Router:MainRoute] current() {
  "active": "Home",
  "available": [
    {
      "id": "Introduction",
      "active": false
    },
    {
      "id": "Home",
      "active": true
    },
    {
      "id": "Support",
      "active": false
    }
  ]
}
[2026-06-01T15:16:46.814Z] [Router:MainRoute] currentPage getter {
  "result": "Home",
  "history": []
}
[2026-06-01T15:16:46.814Z] [Router:MainRoute] current() {
  "active": "Home",
  "available": [
    {
      "id": "Introduction",
      "active": false
    },
    {
      "id": "Home",
      "active": true
    },
    {
      "id": "Support",
      "active": false
    }
  ]
}
[2026-06-01T15:16:46.987Z] [Router:MainRoute] currentPage getter {
  "result": "Home",
  "history": []
}
[2026-06-01T15:16:46.987Z] [Router:MainRoute] current() {
  "active": "Home",
  "available": [
    {
      "id": "Introduction",
      "active": false
    },
    {
      "id": "Home",
      "active": true
    },
    {
      "id": "Support",
      "active": false
    }
  ]
}
[2026-06-01T15:16:47.141Z] [Router:MainRoute] currentPage getter {
  "result": "Home",
  "history": []
}
[2026-06-01T15:16:47.141Z] [Router:MainRoute] current() {
  "active": "Home",
  "available": [
    {
      "id": "Introduction",
      "active": false
    },
    {
      "id": "Home",
      "active": true
    },
    {
      "id": "Support",
      "active": false
    }
  ]
}
[2026-06-01T15:16:47.264Z] [Router:MainRoute] currentPage getter {
  "result": "Home",
  "history": []
}
[2026-06-01T15:16:47.264Z] [Router:MainRoute] current() {
  "active": "Home",
  "available": [
    {
      "id": "Introduction",
      "active": false
    },
    {
      "id": "Home",
      "active": true
    },
    {
      "id": "Support",
      "active": false
    }
  ]
}
[2026-06-01T15:16:47.388Z] [Router:MainRoute] currentPage getter {
  "result": "Home",
  "history": []
}
[2026-06-01T15:16:47.389Z] [Router:MainRoute] current() {
  "active": "Home",
  "available": [
    {
      "id": "Introduction",
      "active": false
    },
    {
      "id": "Home",
      "active": true
    },
    {
      "id": "Support",
      "active": false
    }
  ]
}
[2026-06-01T15:16:47.528Z] [Router:MainRoute] currentPage getter {
  "result": "Home",
  "history": []
}
[2026-06-01T15:16:47.529Z] [Router:MainRoute] current() {
  "active": "Home",
  "available": [
    {
      "id": "Introduction",
      "active": false
    },
    {
      "id": "Home",
      "active": true
    },
    {
      "id": "Support",
      "active": false
    }
  ]
}
[2026-06-01T15:16:47.621Z] [Router:MainRoute] currentPage getter {
  "result": "Home",
  "history": []
}
[2026-06-01T15:16:47.621Z] [Router:MainRoute] current() {
  "active": "Home",
  "available": [
    {
      "id": "Introduction",
      "active": false
    },
    {
      "id": "Home",
      "active": true
    },
    {
      "id": "Support",
      "active": false
    }
  ]
}
[2026-06-01T15:16:47.759Z] [Router:MainRoute] currentPage getter {
  "result": "Home",
  "history": []
}
[2026-06-01T15:16:47.759Z] [Router:MainRoute] current() {
  "active": "Home",
  "available": [
    {
      "id": "Introduction",
      "active": false
    },
    {
      "id": "Home",
      "active": true
    },
    {
      "id": "Support",
      "active": false
    }
  ]
}
[2026-06-01T15:16:47.868Z] [Router:MainRoute] currentPage getter {
  "result": "Home",
  "history": []
}
[2026-06-01T15:16:47.869Z] [Router:MainRoute] current() {
  "active": "Home",
  "available": [
    {
      "id": "Introduction",
      "active": false
    },
    {
      "id": "Home",
      "active": true
    },
    {
      "id": "Support",
      "active": false
    }
  ]
}
[2026-06-01T15:16:48.135Z] [Router:MainRoute] currentPage getter {
  "result": "Home",
  "history": []
}
[2026-06-01T15:16:48.135Z] [Router:MainRoute] current() {
  "active": "Home",
  "available": [
    {
      "id": "Introduction",
      "active": false
    },
    {
      "id": "Home",
      "active": true
    },
    {
      "id": "Support",
      "active": false
    }
  ]
}
[2026-06-01T15:16:50.202Z] [Router:MainRoute] currentPage getter {
  "result": "Home",
  "history": []
}
[2026-06-01T15:16:50.203Z] [Router:MainRoute] current() {
  "active": "Home",
  "available": [
    {
      "id": "Introduction",
      "active": false
    },
    {
      "id": "Home",
      "active": true
    },
    {
      "id": "Support",
      "active": false
    }
  ]
}
[2026-06-01T15:16:50.435Z] [Router:MainRoute] currentPage getter {
  "result": "Home",
  "history": []
}
[2026-06-01T15:16:50.435Z] [Router:MainRoute] current() {
  "active": "Home",
  "available": [
    {
      "id": "Introduction",
      "active": false
    },
    {
      "id": "Home",
      "active": true
    },
    {
      "id": "Support",
      "active": false
    }
  ]
}
[2026-06-01T15:16:50.572Z] [Router:MainRoute] currentPage getter {
  "result": "Home",
  "history": []
}
[2026-06-01T15:16:50.573Z] [Router:MainRoute] current() {
  "active": "Home",
  "available": [
    {
      "id": "Introduction",
      "active": false
    },
    {
      "id": "Home",
      "active": true
    },
    {
      "id": "Support",
      "active": false
    }
  ]
}
[2026-06-01T15:16:50.789Z] [Router:MainRoute] currentPage getter {
  "result": "Home",
  "history": []
}
[2026-06-01T15:16:50.789Z] [Router:MainRoute] current() {
  "active": "Home",
  "available": [
    {
      "id": "Introduction",
      "active": false
    },
    {
      "id": "Home",
      "active": true
    },
    {
      "id": "Support",
      "active": false
    }
  ]
}
[2026-06-01T15:16:50.930Z] [Router:MainRoute] currentPage getter {
  "result": "Home",
  "history": []
}
[2026-06-01T15:16:50.930Z] [Router:MainRoute] current() {
  "active": "Home",
  "available": [
    {
      "id": "Introduction",
      "active": false
    },
    {
      "id": "Home",
      "active": true
    },
    {
      "id": "Support",
      "active": false
    }
  ]
}
[2026-06-01T15:16:51.119Z] [Router:MainRoute] currentPage getter {
  "result": "Home",
  "history": []
}
[2026-06-01T15:16:51.120Z] [Router:MainRoute] current() {
  "active": "Home",
  "available": [
    {
      "id": "Introduction",
      "active": false
    },
    {
      "id": "Home",
      "active": true
    },
    {
      "id": "Support",
      "active": false
    }
  ]
}
[2026-06-01T15:16:51.612Z] [Router:MainRoute] currentPage getter {
  "result": "Home",
  "history": []
}
[2026-06-01T15:16:51.612Z] [Router:MainRoute] current() {
  "active": "Home",
  "available": [
    {
      "id": "Introduction",
      "active": false
    },
    {
      "id": "Home",
      "active": true
    },
    {
      "id": "Support",
      "active": false
    }
  ]
}
[2026-06-01T15:16:51.828Z] [Router:MainRoute] currentPage getter {
  "result": "Home",
  "history": []
}
[2026-06-01T15:16:51.829Z] [Router:MainRoute] current() {
  "active": "Home",
  "available": [
    {
      "id": "Introduction",
      "active": false
    },
    {
      "id": "Home",
      "active": true
    },
    {
      "id": "Support",
      "active": false
    }
  ]
}
[2026-06-01T15:16:53.098Z] [Router:MainRoute] currentPage getter {
  "result": "Home",
  "history": []
}
[2026-06-01T15:16:53.099Z] [Router:MainRoute] currentPage getter {
  "result": "Home",
  "history": []
}
[2026-06-01T15:16:53.099Z] [Router:MainRoute] currentPage getter {
  "result": "Home",
  "history": []
}
[2026-06-01T15:16:53.099Z] [Router:MainRoute] current() {
  "active": "Home",
  "available": [
    {
      "id": "Introduction",
      "active": false
    },
    {
      "id": "Home",
      "active": true
    },
    {
      "id": "Support",
      "active": false
    }
  ]
}
[2026-06-01T15:16:54.434Z] [Router:MainRoute] current() {
  "active": "Home",
  "available": [
    {
      "id": "Introduction",
      "active": false
    },
    {
      "id": "Home",
      "active": true
    },
    {
      "id": "Support",
      "active": false
    }
  ]
}
[2026-06-01T15:16:54.774Z] [Router:MainRoute] currentPage getter {
  "result": "Home",
  "history": []
}
[2026-06-01T15:16:54.774Z] [Router:MainRoute] current() {
  "active": "Home",
  "available": [
    {
      "id": "Introduction",
      "active": false
    },
    {
      "id": "Home",
      "active": true
    },
    {
      "id": "Support",
      "active": false
    }
  ]
}
[2026-06-01T15:16:54.944Z] [Router:MainRoute] currentPage getter {
  "result": "Home",
  "history": []
}
[2026-06-01T15:16:54.944Z] [Router:MainRoute] current() {
  "active": "Home",
  "available": [
    {
      "id": "Introduction",
      "active": false
    },
    {
      "id": "Home",
      "active": true
    },
    {
      "id": "Support",
      "active": false
    }
  ]
}
[2026-06-01T15:16:55.298Z] [Router:MainRoute] currentPage getter {
  "result": "Home",
  "history": []
}
[2026-06-01T15:16:55.299Z] [Router:MainRoute] currentPage getter {
  "result": "Home",
  "history": []
}
[2026-06-01T15:16:55.299Z] [Router:MainRoute] currentPage getter {
  "result": "Home",
  "history": []
}
[2026-06-01T15:16:55.300Z] [Router:MainRoute] current() {
  "active": "Home",
  "available": [
    {
      "id": "Introduction",
      "active": false
    },
    {
      "id": "Home",
      "active": true
    },
    {
      "id": "Support",
      "active": false
    }
  ]
}
[2026-06-01T15:16:56.514Z] [Router:MainRoute] current() {
  "active": "Home",
  "available": [
    {
      "id": "Introduction",
      "active": false
    },
    {
      "id": "Home",
      "active": true
    },
    {
      "id": "Support",
      "active": false
    }
  ]
}
[2026-06-01T15:18:06.102Z] [Router:MainRoute] currentPage getter {
  "result": "Home",
  "history": []
}
[2026-06-01T15:18:06.103Z] [Router:MainRoute] current() {
  "active": "Home",
  "available": [
    {
      "id": "Introduction",
      "active": false
    },
    {
      "id": "Home",
      "active": true
    },
    {
      "id": "Support",
      "active": false
    }
  ]
}
[2026-06-01T15:18:06.397Z] [Router:MainRoute] currentPage getter {
  "result": "Home",
  "history": []
}
[2026-06-01T15:18:06.397Z] [Router:MainRoute] currentPage getter {
  "result": "Home",
  "history": []
}
[2026-06-01T15:18:06.397Z] [Router:MainRoute] currentPage getter {
  "result": "Home",
  "history": []
}
[2026-06-01T15:18:06.398Z] [Router:MainRoute] current() {
  "active": "Home",
  "available": [
    {
      "id": "Introduction",
      "active": false
    },
    {
      "id": "Home",
      "active": true
    },
    {
      "id": "Support",
      "active": false
    }
  ]
}
[2026-06-01T15:18:09.997Z] [Router:MainRoute] current() {
  "active": "Home",
  "available": [
    {
      "id": "Introduction",
      "active": false
    },
    {
      "id": "Home",
      "active": true
    },
    {
      "id": "Support",
      "active": false
    }
  ]
}
[2026-06-01T15:18:10.321Z] [Router:MainRoute] currentPage getter {
  "result": "Home",
  "history": []
}
[2026-06-01T15:18:10.322Z] [Router:MainRoute] current() {
  "active": "Home",
  "available": [
    {
      "id": "Introduction",
      "active": false
    },
    {
      "id": "Home",
      "active": true
    },
    {
      "id": "Support",
      "active": false
    }
  ]
}
[2026-06-01T15:18:10.708Z] [Router:MainRoute] currentPage getter {
  "result": "Home",
  "history": []
}
[2026-06-01T15:18:10.708Z] [Router:MainRoute] current() {
  "active": "Home",
  "available": [
    {
      "id": "Introduction",
      "active": false
    },
    {
      "id": "Home",
      "active": true
    },
    {
      "id": "Support",
      "active": false
    }
  ]
}
[2026-06-01T15:18:10.813Z] [Router:MainRoute] currentPage getter {
  "result": "Home",
  "history": []
}
[2026-06-01T15:18:10.813Z] [Router:MainRoute] current() {
  "active": "Home",
  "available": [
    {
      "id": "Introduction",
      "active": false
    },
    {
      "id": "Home",
      "active": true
    },
    {
      "id": "Support",
      "active": false
    }
  ]
}
[2026-06-01T15:18:10.906Z] [Router:MainRoute] currentPage getter {
  "result": "Home",
  "history": []
}
[2026-06-01T15:18:10.906Z] [Router:MainRoute] current() {
  "active": "Home",
  "available": [
    {
      "id": "Introduction",
      "active": false
    },
    {
      "id": "Home",
      "active": true
    },
    {
      "id": "Support",
      "active": false
    }
  ]
}
[2026-06-01T15:18:11.139Z] [Router:MainRoute] currentPage getter {
  "result": "Home",
  "history": []
}
[2026-06-01T15:18:11.139Z] [Router:MainRoute] currentPage getter {
  "result": "Home",
  "history": []
}
[2026-06-01T15:18:11.140Z] [Router:MainRoute] currentPage getter {
  "result": "Home",
  "history": []
}
[2026-06-01T15:18:11.140Z] [Router:MainRoute] current() {
  "active": "Home",
  "available": [
    {
      "id": "Introduction",
      "active": false
    },
    {
      "id": "Home",
      "active": true
    },
    {
      "id": "Support",
      "active": false
    }
  ]
}
[2026-06-01T15:18:44.400Z] [Router:MainRoute] current() {
  "active": "Home",
  "available": [
    {
      "id": "Introduction",
      "active": false
    },
    {
      "id": "Home",
      "active": true
    },
    {
      "id": "Support",
      "active": false
    }
  ]
}
[2026-06-01T15:18:44.982Z] [Router:MainRoute] currentPage getter {
  "result": "Home",
  "history": []
}
[2026-06-01T15:18:44.982Z] [Router:MainRoute] current() {
  "active": "Home",
  "available": [
    {
      "id": "Introduction",
      "active": false
    },
    {
      "id": "Home",
      "active": true
    },
    {
      "id": "Support",
      "active": false
    }
  ]
}
[2026-06-01T15:18:45.164Z] [Router:MainRoute] currentPage getter {
  "result": "Home",
  "history": []
}
[2026-06-01T15:18:45.165Z] [Router:MainRoute] current() {
  "active": "Home",
  "available": [
    {
      "id": "Introduction",
      "active": false
    },
    {
      "id": "Home",
      "active": true
    },
    {
      "id": "Support",
      "active": false
    }
  ]
}
[2026-06-01T15:18:45.724Z] [Router:MainRoute] currentPage getter {
  "result": "Home",
  "history": []
}
[2026-06-01T15:18:45.725Z] [Router:MainRoute] current() {
  "active": "Home",
  "available": [
    {
      "id": "Introduction",
      "active": false
    },
    {
      "id": "Home",
      "active": true
    },
    {
      "id": "Support",
      "active": false
    }
  ]
}
[2026-06-01T15:18:46.048Z] [Router:MainRoute] currentPage getter {
  "result": "Home",
  "history": []
}
[2026-06-01T15:18:46.048Z] [Router:MainRoute] current() {
  "active": "Home",
  "available": [
    {
      "id": "Introduction",
      "active": false
    },
    {
      "id": "Home",
      "active": true
    },
    {
      "id": "Support",
      "active": false
    }
  ]
}
[2026-06-01T15:18:46.249Z] [Router:MainRoute] currentPage getter {
  "result": "Home",
  "history": []
}
[2026-06-01T15:18:46.250Z] [Router:MainRoute] current() {
  "active": "Home",
  "available": [
    {
      "id": "Introduction",
      "active": false
    },
    {
      "id": "Home",
      "active": true
    },
    {
      "id": "Support",
      "active": false
    }
  ]
}
[2026-06-01T15:18:46.555Z] [Router:MainRoute] currentPage getter {
  "result": "Home",
  "history": []
}
[2026-06-01T15:18:46.556Z] [Router:MainRoute] currentPage getter {
  "result": "Home",
  "history": []
}
[2026-06-01T15:18:46.556Z] [Router:MainRoute] currentPage getter {
  "result": "Home",
  "history": []
}
[2026-06-01T15:18:46.556Z] [Router:MainRoute] current() {
  "active": "Home",
  "available": [
    {
      "id": "Introduction",
      "active": false
    },
    {
      "id": "Home",
      "active": true
    },
    {
      "id": "Support",
      "active": false
    }
  ]
}
[2026-06-01T15:18:46.995Z] [Router:MainRoute] current() {
  "active": "Home",
  "available": [
    {
      "id": "Introduction",
      "active": false
    },
    {
      "id": "Home",
      "active": true
    },
    {
      "id": "Support",
      "active": false
    }
  ]
}
[2026-06-01T15:18:47.220Z] [Router:MainRoute] currentPage getter {
  "result": "Home",
  "history": []
}
[2026-06-01T15:18:47.221Z] [Router:MainRoute] current() {
  "active": "Home",
  "available": [
    {
      "id": "Introduction",
      "active": false
    },
    {
      "id": "Home",
      "active": true
    },
    {
      "id": "Support",
      "active": false
    }
  ]
}
[2026-06-01T15:18:47.379Z] [Router:MainRoute] currentPage getter {
  "result": "Home",
  "history": []
}
[2026-06-01T15:18:47.379Z] [Router:MainRoute] current() {
  "active": "Home",
  "available": [
    {
      "id": "Introduction",
      "active": false
    },
    {
      "id": "Home",
      "active": true
    },
    {
      "id": "Support",
      "active": false
    }
  ]
}
[2026-06-01T15:18:47.549Z] [Router:MainRoute] currentPage getter {
  "result": "Home",
  "history": []
}
[2026-06-01T15:18:47.549Z] [Router:MainRoute] current() {
  "active": "Home",
  "available": [
    {
      "id": "Introduction",
      "active": false
    },
    {
      "id": "Home",
      "active": true
    },
    {
      "id": "Support",
      "active": false
    }
  ]
}
[2026-06-01T15:18:47.889Z] [Router:MainRoute] currentPage getter {
  "result": "Home",
  "history": []
}
[2026-06-01T15:18:47.889Z] [Router:MainRoute] current() {
  "active": "Home",
  "available": [
    {
      "id": "Introduction",
      "active": false
    },
    {
      "id": "Home",
      "active": true
    },
    {
      "id": "Support",
      "active": false
    }
  ]
}
[2026-06-01T15:18:48.443Z] [Router:MainRoute] constructor {
  "routerId": "MainRoute",
  "config": {
    "saveOrder": true
  }
}
[2026-06-01T15:18:48.443Z] [Router:MainRoute] create() called [
  "Support",
  "Introduction",
  "Home"
]
[2026-06-01T15:18:48.443Z] [Router:MainRoute] loading component Support
[2026-06-01T15:18:48.444Z] [Router:MainRoute] loading component Introduction
[2026-06-01T15:18:48.444Z] [Router:MainRoute] loading component Home
[2026-06-01T15:18:48.447Z] [Router:MainRoute] component resolved Support
[2026-06-01T15:18:48.448Z] [Router:MainRoute] create.update() error {
  "code": "ZRUI_INVALID_STATE",
  "message": "update: lifecycle operation already in flight"
}
[2026-06-01T15:18:48.448Z] [Router:MainRoute] component resolved Introduction
[2026-06-01T15:18:48.448Z] [Router:MainRoute] create.update() error {
  "code": "ZRUI_INVALID_STATE",
  "message": "update: lifecycle operation already in flight"
}
[2026-06-01T15:18:48.452Z] [Router:MainRoute] component resolved Home
[2026-06-01T15:18:48.452Z] [Router:MainRoute] create.update() error {
  "code": "ZRUI_INVALID_STATE",
  "message": "update: lifecycle operation already in flight"
}
[2026-06-01T15:18:48.458Z] [Router:MainRoute] create.update() error {
  "code": "ZRUI_INVALID_STATE",
  "message": "update: lifecycle operation already in flight"
}
[2026-06-01T15:18:48.471Z] [Router:MainRoute] create.update() error {
  "code": "ZRUI_INVALID_STATE",
  "message": "update: lifecycle operation already in flight"
}
[2026-06-01T15:18:48.471Z] [Router:MainRoute] create.update() error {
  "code": "ZRUI_INVALID_STATE",
  "message": "update: lifecycle operation already in flight"
}
[2026-06-01T15:18:48.471Z] [Router:MainRoute] create.update() error {
  "code": "ZRUI_INVALID_STATE",
  "message": "update: lifecycle operation already in flight"
}
[2026-06-01T15:18:48.490Z] [Router:MainRoute] create.update() error {
  "code": "ZRUI_INVALID_STATE",
  "message": "update: lifecycle operation already in flight"
}
[2026-06-01T15:18:48.490Z] [Router:MainRoute] create.update() error {
  "code": "ZRUI_INVALID_STATE",
  "message": "update: lifecycle operation already in flight"
}
[2026-06-01T15:18:48.490Z] [Router:MainRoute] create.update() error {
  "code": "ZRUI_INVALID_STATE",
  "message": "update: lifecycle operation already in flight"
}
[2026-06-01T15:18:48.507Z] [Router:MainRoute] create.update() error {
  "code": "ZRUI_INVALID_STATE",
  "message": "update: lifecycle operation already in flight"
}
[2026-06-01T15:18:48.508Z] [Router:MainRoute] create.update() error {
  "code": "ZRUI_INVALID_STATE",
  "message": "update: lifecycle operation already in flight"
}
[2026-06-01T15:18:48.508Z] [Router:MainRoute] create.update() error {
  "code": "ZRUI_INVALID_STATE",
  "message": "update: lifecycle operation already in flight"
}
[2026-06-01T15:18:48.513Z] [Router:MainRoute] current() -> no routerBundles 
[2026-06-01T15:18:48.528Z] [Router:MainRoute] currentPage getter -> no bundles 
[2026-06-01T15:18:48.528Z] [Router:MainRoute] currentPage getter -> no bundles 
[2026-06-01T15:18:48.528Z] [Router:MainRoute] currentPage getter -> no bundles 
[2026-06-01T15:18:48.537Z] [Router:MainRoute] create.update() before {
  "dataId": "Introduction",
  "bundleKeys": [],
  "routeBucketKeys": []
}
[2026-06-01T15:18:48.538Z] [Router:MainRoute] create.update() after {
  "dataId": "Introduction",
  "routeBucketKeys": [
    "Introduction"
  ]
}
[2026-06-01T15:18:48.538Z] [Router:MainRoute] debugBundles [
  {
    "id": "Introduction",
    "active": false
  }
]
[2026-06-01T15:18:48.538Z] [Router:MainRoute] current() {
  "active": null,
  "available": [
    {
      "id": "Introduction",
      "active": false
    }
  ]
}
[2026-06-01T15:18:48.541Z] [Router:MainRoute] create.update() before {
  "dataId": "Home",
  "bundleKeys": [
    "MainRoute"
  ],
  "routeBucketKeys": [
    "Introduction"
  ]
}
[2026-06-01T15:18:48.541Z] [Router:MainRoute] create.update() after {
  "dataId": "Home",
  "routeBucketKeys": [
    "Introduction",
    "Home"
  ]
}
[2026-06-01T15:18:48.541Z] [Router:MainRoute] debugBundles [
  {
    "id": "Introduction",
    "active": false
  },
  {
    "id": "Home",
    "active": true
  }
]
[2026-06-01T15:18:48.541Z] [Router:MainRoute] current() {
  "active": "Home",
  "available": [
    {
      "id": "Introduction",
      "active": false
    },
    {
      "id": "Home",
      "active": true
    }
  ]
}
[2026-06-01T15:18:48.551Z] [Router:MainRoute] create.update() before {
  "dataId": "Support",
  "bundleKeys": [
    "MainRoute"
  ],
  "routeBucketKeys": [
    "Introduction",
    "Home"
  ]
}
[2026-06-01T15:18:48.551Z] [Router:MainRoute] create.update() after {
  "dataId": "Support",
  "routeBucketKeys": [
    "Introduction",
    "Home",
    "Support"
  ]
}
[2026-06-01T15:18:48.551Z] [Router:MainRoute] debugBundles [
  {
    "id": "Introduction",
    "active": false
  },
  {
    "id": "Home",
    "active": true
  },
  {
    "id": "Support",
    "active": false
  }
]
[2026-06-01T15:18:48.552Z] [Router:MainRoute] current() {
  "active": "Home",
  "available": [
    {
      "id": "Introduction",
      "active": false
    },
    {
      "id": "Home",
      "active": true
    },
    {
      "id": "Support",
      "active": false
    }
  ]
}
[2026-06-01T15:18:49.002Z] [Router:MainRoute] order getter initialized history []
[2026-06-01T15:18:49.002Z] [Router:MainRoute] currentPage getter {
  "result": "Home",
  "history": []
}
[2026-06-01T15:18:49.002Z] [Router:MainRoute] currentPage getter {
  "result": "Home",
  "history": []
}
[2026-06-01T15:18:49.002Z] [Router:MainRoute] currentPage getter {
  "result": "Home",
  "history": []
}
[2026-06-01T15:18:49.002Z] [Router:MainRoute] current() {
  "active": "Home",
  "available": [
    {
      "id": "Introduction",
      "active": false
    },
    {
      "id": "Home",
      "active": true
    },
    {
      "id": "Support",
      "active": false
    }
  ]
}
[2026-06-01T15:18:50.913Z] [Router:MainRoute] current() {
  "active": "Home",
  "available": [
    {
      "id": "Introduction",
      "active": false
    },
    {
      "id": "Home",
      "active": true
    },
    {
      "id": "Support",
      "active": false
    }
  ]
}
[2026-06-01T15:18:51.235Z] [Router:MainRoute] currentPage getter {
  "result": "Home",
  "history": []
}
[2026-06-01T15:18:51.235Z] [Router:MainRoute] current() {
  "active": "Home",
  "available": [
    {
      "id": "Introduction",
      "active": false
    },
    {
      "id": "Home",
      "active": true
    },
    {
      "id": "Support",
      "active": false
    }
  ]
}
[2026-06-01T15:18:51.666Z] [Router:MainRoute] currentPage getter {
  "result": "Home",
  "history": []
}
[2026-06-01T15:18:51.667Z] [Router:MainRoute] current() {
  "active": "Home",
  "available": [
    {
      "id": "Introduction",
      "active": false
    },
    {
      "id": "Home",
      "active": true
    },
    {
      "id": "Support",
      "active": false
    }
  ]
}
[2026-06-01T15:18:51.903Z] [Router:MainRoute] currentPage getter {
  "result": "Home",
  "history": []
}
[2026-06-01T15:18:51.904Z] [Router:MainRoute] current() {
  "active": "Home",
  "available": [
    {
      "id": "Introduction",
      "active": false
    },
    {
      "id": "Home",
      "active": true
    },
    {
      "id": "Support",
      "active": false
    }
  ]
}
[2026-06-01T15:18:54.595Z] [Router:MainRoute] currentPage getter {
  "result": "Home",
  "history": []
}
[2026-06-01T15:18:54.596Z] [Router:MainRoute] current() {
  "active": "Home",
  "available": [
    {
      "id": "Introduction",
      "active": false
    },
    {
      "id": "Home",
      "active": true
    },
    {
      "id": "Support",
      "active": false
    }
  ]
}
[2026-06-01T15:18:54.810Z] [Router:MainRoute] currentPage getter {
  "result": "Home",
  "history": []
}
[2026-06-01T15:18:54.811Z] [Router:MainRoute] current() {
  "active": "Home",
  "available": [
    {
      "id": "Introduction",
      "active": false
    },
    {
      "id": "Home",
      "active": true
    },
    {
      "id": "Support",
      "active": false
    }
  ]
}
[2026-06-01T15:18:55.166Z] [Router:MainRoute] currentPage getter {
  "result": "Home",
  "history": []
}
[2026-06-01T15:18:55.167Z] [Router:MainRoute] current() {
  "active": "Home",
  "available": [
    {
      "id": "Introduction",
      "active": false
    },
    {
      "id": "Home",
      "active": true
    },
    {
      "id": "Support",
      "active": false
    }
  ]
}
[2026-06-01T15:18:55.338Z] [Router:MainRoute] currentPage getter {
  "result": "Home",
  "history": []
}
[2026-06-01T15:18:55.339Z] [Router:MainRoute] current() {
  "active": "Home",
  "available": [
    {
      "id": "Introduction",
      "active": false
    },
    {
      "id": "Home",
      "active": true
    },
    {
      "id": "Support",
      "active": false
    }
  ]
}
[2026-06-01T15:18:55.601Z] [Router:MainRoute] currentPage getter {
  "result": "Home",
  "history": []
}
[2026-06-01T15:18:55.601Z] [Router:MainRoute] currentPage getter {
  "result": "Home",
  "history": []
}
[2026-06-01T15:18:55.602Z] [Router:MainRoute] currentPage getter {
  "result": "Home",
  "history": []
}
[2026-06-01T15:18:55.602Z] [Router:MainRoute] current() {
  "active": "Home",
  "available": [
    {
      "id": "Introduction",
      "active": false
    },
    {
      "id": "Home",
      "active": true
    },
    {
      "id": "Support",
      "active": false
    }
  ]
}
[2026-06-01T15:18:56.263Z] [Router:MainRoute] current() {
  "active": "Home",
  "available": [
    {
      "id": "Introduction",
      "active": false
    },
    {
      "id": "Home",
      "active": true
    },
    {
      "id": "Support",
      "active": false
    }
  ]
}
[2026-06-01T15:18:56.775Z] [Router:MainRoute] currentPage getter {
  "result": "Home",
  "history": []
}
[2026-06-01T15:18:56.775Z] [Router:MainRoute] current() {
  "active": "Home",
  "available": [
    {
      "id": "Introduction",
      "active": false
    },
    {
      "id": "Home",
      "active": true
    },
    {
      "id": "Support",
      "active": false
    }
  ]
}
[2026-06-01T15:18:57.067Z] [Router:MainRoute] currentPage getter {
  "result": "Home",
  "history": []
}
[2026-06-01T15:18:57.116Z] [Router:MainRoute] currentPage getter {
  "result": "Home",
  "history": []
}
[2026-06-01T15:18:57.116Z] [Router:MainRoute] currentPage getter {
  "result": "Home",
  "history": []
}
[2026-06-01T15:18:57.116Z] [Router:MainRoute] current() {
  "active": "Home",
  "available": [
    {
      "id": "Introduction",
      "active": false
    },
    {
      "id": "Home",
      "active": true
    },
    {
      "id": "Support",
      "active": false
    }
  ]
}
[2026-06-01T15:18:57.483Z] [Router:MainRoute] current() {
  "active": "Home",
  "available": [
    {
      "id": "Introduction",
      "active": false
    },
    {
      "id": "Home",
      "active": true
    },
    {
      "id": "Support",
      "active": false
    }
  ]
}
[2026-06-01T15:18:57.687Z] [Router:MainRoute] currentPage getter {
  "result": "Home",
  "history": []
}
[2026-06-01T15:18:57.687Z] [Router:MainRoute] current() {
  "active": "Home",
  "available": [
    {
      "id": "Introduction",
      "active": false
    },
    {
      "id": "Home",
      "active": true
    },
    {
      "id": "Support",
      "active": false
    }
  ]
}
[2026-06-01T15:18:57.873Z] [Router:MainRoute] currentPage getter {
  "result": "Home",
  "history": []
}
[2026-06-01T15:18:57.873Z] [Router:MainRoute] currentPage getter {
  "result": "Home",
  "history": []
}
[2026-06-01T15:18:57.873Z] [Router:MainRoute] currentPage getter {
  "result": "Home",
  "history": []
}
[2026-06-01T15:18:57.874Z] [Router:MainRoute] current() {
  "active": "Home",
  "available": [
    {
      "id": "Introduction",
      "active": false
    },
    {
      "id": "Home",
      "active": true
    },
    {
      "id": "Support",
      "active": false
    }
  ]
}
[2026-06-01T15:18:58.503Z] [Router:MainRoute] current() {
  "active": "Home",
  "available": [
    {
      "id": "Introduction",
      "active": false
    },
    {
      "id": "Home",
      "active": true
    },
    {
      "id": "Support",
      "active": false
    }
  ]
}
[2026-06-01T15:18:58.657Z] [Router:MainRoute] currentPage getter {
  "result": "Home",
  "history": []
}
[2026-06-01T15:18:58.658Z] [Router:MainRoute] current() {
  "active": "Home",
  "available": [
    {
      "id": "Introduction",
      "active": false
    },
    {
      "id": "Home",
      "active": true
    },
    {
      "id": "Support",
      "active": false
    }
  ]
}
[2026-06-01T15:18:58.766Z] [Router:MainRoute] currentPage getter {
  "result": "Home",
  "history": []
}
[2026-06-01T15:18:58.766Z] [Router:MainRoute] current() {
  "active": "Home",
  "available": [
    {
      "id": "Introduction",
      "active": false
    },
    {
      "id": "Home",
      "active": true
    },
    {
      "id": "Support",
      "active": false
    }
  ]
}
[2026-06-01T15:18:58.982Z] [Router:MainRoute] currentPage getter {
  "result": "Home",
  "history": []
}
[2026-06-01T15:18:58.982Z] [Router:MainRoute] current() {
  "active": "Home",
  "available": [
    {
      "id": "Introduction",
      "active": false
    },
    {
      "id": "Home",
      "active": true
    },
    {
      "id": "Support",
      "active": false
    }
  ]
}
[2026-06-01T15:18:59.104Z] [Router:MainRoute] currentPage getter {
  "result": "Home",
  "history": []
}
[2026-06-01T15:18:59.104Z] [Router:MainRoute] current() {
  "active": "Home",
  "available": [
    {
      "id": "Introduction",
      "active": false
    },
    {
      "id": "Home",
      "active": true
    },
    {
      "id": "Support",
      "active": false
    }
  ]
}
[2026-06-01T15:18:59.319Z] [Router:MainRoute] currentPage getter {
  "result": "Home",
  "history": []
}
[2026-06-01T15:18:59.319Z] [Router:MainRoute] currentPage getter {
  "result": "Home",
  "history": []
}
[2026-06-01T15:18:59.319Z] [Router:MainRoute] currentPage getter {
  "result": "Home",
  "history": []
}
[2026-06-01T15:18:59.320Z] [Router:MainRoute] current() {
  "active": "Home",
  "available": [
    {
      "id": "Introduction",
      "active": false
    },
    {
      "id": "Home",
      "active": true
    },
    {
      "id": "Support",
      "active": false
    }
  ]
}
[2026-06-01T15:19:00.341Z] [Router:MainRoute] current() {
  "active": "Home",
  "available": [
    {
      "id": "Introduction",
      "active": false
    },
    {
      "id": "Home",
      "active": true
    },
    {
      "id": "Support",
      "active": false
    }
  ]
}
[2026-06-01T15:19:00.740Z] [Router:MainRoute] currentPage getter {
  "result": "Home",
  "history": []
}
[2026-06-01T15:19:00.740Z] [Router:MainRoute] current() {
  "active": "Home",
  "available": [
    {
      "id": "Introduction",
      "active": false
    },
    {
      "id": "Home",
      "active": true
    },
    {
      "id": "Support",
      "active": false
    }
  ]
}
[2026-06-01T15:19:01.003Z] [Router:MainRoute] currentPage getter {
  "result": "Home",
  "history": []
}
[2026-06-01T15:19:01.004Z] [Router:MainRoute] currentPage getter {
  "result": "Home",
  "history": []
}
[2026-06-01T15:19:01.004Z] [Router:MainRoute] currentPage getter {
  "result": "Home",
  "history": []
}
[2026-06-01T15:19:01.004Z] [Router:MainRoute] current() {
  "active": "Home",
  "available": [
    {
      "id": "Introduction",
      "active": false
    },
    {
      "id": "Home",
      "active": true
    },
    {
      "id": "Support",
      "active": false
    }
  ]
}
[2026-06-01T15:19:01.949Z] [Router:MainRoute] current() {
  "active": "Home",
  "available": [
    {
      "id": "Introduction",
      "active": false
    },
    {
      "id": "Home",
      "active": true
    },
    {
      "id": "Support",
      "active": false
    }
  ]
}
[2026-06-01T15:19:02.347Z] [Router:MainRoute] currentPage getter {
  "result": "Home",
  "history": []
}
[2026-06-01T15:19:02.348Z] [Router:MainRoute] current() {
  "active": "Home",
  "available": [
    {
      "id": "Introduction",
      "active": false
    },
    {
      "id": "Home",
      "active": true
    },
    {
      "id": "Support",
      "active": false
    }
  ]
}
[2026-06-01T15:19:02.670Z] [Router:MainRoute] currentPage getter {
  "result": "Home",
  "history": []
}
[2026-06-01T15:19:02.671Z] [Router:MainRoute] currentPage getter {
  "result": "Home",
  "history": []
}
[2026-06-01T15:19:02.671Z] [Router:MainRoute] currentPage getter {
  "result": "Home",
  "history": []
}
[2026-06-01T15:19:02.671Z] [Router:MainRoute] current() {
  "active": "Home",
  "available": [
    {
      "id": "Introduction",
      "active": false
    },
    {
      "id": "Home",
      "active": true
    },
    {
      "id": "Support",
      "active": false
    }
  ]
}
[2026-06-01T15:19:03.179Z] [Router:MainRoute] current() {
  "active": "Home",
  "available": [
    {
      "id": "Introduction",
      "active": false
    },
    {
      "id": "Home",
      "active": true
    },
    {
      "id": "Support",
      "active": false
    }
  ]
}
[2026-06-01T15:19:03.654Z] [Router:MainRoute] currentPage getter {
  "result": "Home",
  "history": []
}
[2026-06-01T15:19:03.654Z] [Router:MainRoute] current() {
  "active": "Home",
  "available": [
    {
      "id": "Introduction",
      "active": false
    },
    {
      "id": "Home",
      "active": true
    },
    {
      "id": "Support",
      "active": false
    }
  ]
}
[2026-06-01T15:19:03.776Z] [Router:MainRoute] currentPage getter {
  "result": "Home",
  "history": []
}
[2026-06-01T15:19:03.776Z] [Router:MainRoute] current() {
  "active": "Home",
  "available": [
    {
      "id": "Introduction",
      "active": false
    },
    {
      "id": "Home",
      "active": true
    },
    {
      "id": "Support",
      "active": false
    }
  ]
}
[2026-06-01T15:19:03.885Z] [Router:MainRoute] currentPage getter {
  "result": "Home",
  "history": []
}
[2026-06-01T15:19:03.885Z] [Router:MainRoute] current() {
  "active": "Home",
  "available": [
    {
      "id": "Introduction",
      "active": false
    },
    {
      "id": "Home",
      "active": true
    },
    {
      "id": "Support",
      "active": false
    }
  ]
}
[2026-06-01T15:19:04.087Z] [Router:MainRoute] currentPage getter {
  "result": "Home",
  "history": []
}
[2026-06-01T15:19:04.088Z] [Router:MainRoute] currentPage getter {
  "result": "Home",
  "history": []
}
[2026-06-01T15:19:04.088Z] [Router:MainRoute] currentPage getter {
  "result": "Home",
  "history": []
}
[2026-06-01T15:19:04.088Z] [Router:MainRoute] current() {
  "active": "Home",
  "available": [
    {
      "id": "Introduction",
      "active": false
    },
    {
      "id": "Home",
      "active": true
    },
    {
      "id": "Support",
      "active": false
    }
  ]
}
[2026-06-01T15:19:05.427Z] [Router:MainRoute] current() {
  "active": "Home",
  "available": [
    {
      "id": "Introduction",
      "active": false
    },
    {
      "id": "Home",
      "active": true
    },
    {
      "id": "Support",
      "active": false
    }
  ]
}
[2026-06-01T15:19:05.702Z] [Router:MainRoute] currentPage getter {
  "result": "Home",
  "history": []
}
[2026-06-01T15:19:05.702Z] [Router:MainRoute] current() {
  "active": "Home",
  "available": [
    {
      "id": "Introduction",
      "active": false
    },
    {
      "id": "Home",
      "active": true
    },
    {
      "id": "Support",
      "active": false
    }
  ]
}
[2026-06-01T15:19:06.044Z] [Router:MainRoute] currentPage getter {
  "result": "Home",
  "history": []
}
[2026-06-01T15:19:06.044Z] [Router:MainRoute] currentPage getter {
  "result": "Home",
  "history": []
}
[2026-06-01T15:19:06.045Z] [Router:MainRoute] currentPage getter {
  "result": "Home",
  "history": []
}
[2026-06-01T15:19:06.045Z] [Router:MainRoute] current() {
  "active": "Home",
  "available": [
    {
      "id": "Introduction",
      "active": false
    },
    {
      "id": "Home",
      "active": true
    },
    {
      "id": "Support",
      "active": false
    }
  ]
}
[2026-06-01T15:19:08.193Z] [Router:MainRoute] current() {
  "active": "Home",
  "available": [
    {
      "id": "Introduction",
      "active": false
    },
    {
      "id": "Home",
      "active": true
    },
    {
      "id": "Support",
      "active": false
    }
  ]
}
[2026-06-01T15:19:08.333Z] [Router:MainRoute] currentPage getter {
  "result": "Home",
  "history": []
}
[2026-06-01T15:19:08.334Z] [Router:MainRoute] current() {
  "active": "Home",
  "available": [
    {
      "id": "Introduction",
      "active": false
    },
    {
      "id": "Home",
      "active": true
    },
    {
      "id": "Support",
      "active": false
    }
  ]
}
[2026-06-01T15:19:08.578Z] [Router:MainRoute] currentPage getter {
  "result": "Home",
  "history": []
}
[2026-06-01T15:19:08.579Z] [Router:MainRoute] currentPage getter {
  "result": "Home",
  "history": []
}
[2026-06-01T15:19:08.579Z] [Router:MainRoute] currentPage getter {
  "result": "Home",
  "history": []
}
[2026-06-01T15:19:08.579Z] [Router:MainRoute] current() {
  "active": "Home",
  "available": [
    {
      "id": "Introduction",
      "active": false
    },
    {
      "id": "Home",
      "active": true
    },
    {
      "id": "Support",
      "active": false
    }
  ]
}
[2026-06-01T15:19:09.808Z] [Router:MainRoute] current() {
  "active": "Home",
  "available": [
    {
      "id": "Introduction",
      "active": false
    },
    {
      "id": "Home",
      "active": true
    },
    {
      "id": "Support",
      "active": false
    }
  ]
}
[2026-06-01T15:19:10.052Z] [Router:MainRoute] currentPage getter {
  "result": "Home",
  "history": []
}
[2026-06-01T15:19:10.052Z] [Router:MainRoute] current() {
  "active": "Home",
  "available": [
    {
      "id": "Introduction",
      "active": false
    },
    {
      "id": "Home",
      "active": true
    },
    {
      "id": "Support",
      "active": false
    }
  ]
}
[2026-06-01T15:19:10.469Z] [Router:MainRoute] currentPage getter {
  "result": "Home",
  "history": []
}
[2026-06-01T15:19:10.469Z] [Router:MainRoute] currentPage getter {
  "result": "Home",
  "history": []
}
[2026-06-01T15:19:10.470Z] [Router:MainRoute] currentPage getter {
  "result": "Home",
  "history": []
}
[2026-06-01T15:19:10.470Z] [Router:MainRoute] current() {
  "active": "Home",
  "available": [
    {
      "id": "Introduction",
      "active": false
    },
    {
      "id": "Home",
      "active": true
    },
    {
      "id": "Support",
      "active": false
    }
  ]
}
[2026-06-01T15:19:11.091Z] [Router:MainRoute] current() {
  "active": "Home",
  "available": [
    {
      "id": "Introduction",
      "active": false
    },
    {
      "id": "Home",
      "active": true
    },
    {
      "id": "Support",
      "active": false
    }
  ]
}
[2026-06-01T15:19:11.304Z] [Router:MainRoute] currentPage getter {
  "result": "Home",
  "history": []
}
[2026-06-01T15:19:11.305Z] [Router:MainRoute] current() {
  "active": "Home",
  "available": [
    {
      "id": "Introduction",
      "active": false
    },
    {
      "id": "Home",
      "active": true
    },
    {
      "id": "Support",
      "active": false
    }
  ]
}
[2026-06-01T15:19:11.507Z] [Router:MainRoute] currentPage getter {
  "result": "Home",
  "history": []
}
[2026-06-01T15:19:11.507Z] [Router:MainRoute] currentPage getter {
  "result": "Home",
  "history": []
}
[2026-06-01T15:19:11.507Z] [Router:MainRoute] currentPage getter {
  "result": "Home",
  "history": []
}
[2026-06-01T15:19:11.507Z] [Router:MainRoute] current() {
  "active": "Home",
  "available": [
    {
      "id": "Introduction",
      "active": false
    },
    {
      "id": "Home",
      "active": true
    },
    {
      "id": "Support",
      "active": false
    }
  ]
}
[2026-06-01T15:19:12.139Z] [Router:MainRoute] current() {
  "active": "Home",
  "available": [
    {
      "id": "Introduction",
      "active": false
    },
    {
      "id": "Home",
      "active": true
    },
    {
      "id": "Support",
      "active": false
    }
  ]
}
[2026-06-01T15:19:12.559Z] [Router:MainRoute] currentPage getter {
  "result": "Home",
  "history": []
}
[2026-06-01T15:19:12.560Z] [Router:MainRoute] current() {
  "active": "Home",
  "available": [
    {
      "id": "Introduction",
      "active": false
    },
    {
      "id": "Home",
      "active": true
    },
    {
      "id": "Support",
      "active": false
    }
  ]
}
[2026-06-01T15:19:12.807Z] [Router:MainRoute] currentPage getter {
  "result": "Home",
  "history": []
}
[2026-06-01T15:19:12.807Z] [Router:MainRoute] currentPage getter {
  "result": "Home",
  "history": []
}
[2026-06-01T15:19:12.808Z] [Router:MainRoute] currentPage getter {
  "result": "Home",
  "history": []
}
[2026-06-01T15:19:12.808Z] [Router:MainRoute] current() {
  "active": "Home",
  "available": [
    {
      "id": "Introduction",
      "active": false
    },
    {
      "id": "Home",
      "active": true
    },
    {
      "id": "Support",
      "active": false
    }
  ]
}
[2026-06-01T15:19:13.229Z] [Router:MainRoute] current() {
  "active": "Home",
  "available": [
    {
      "id": "Introduction",
      "active": false
    },
    {
      "id": "Home",
      "active": true
    },
    {
      "id": "Support",
      "active": false
    }
  ]
}
[2026-06-01T15:19:13.568Z] [Router:MainRoute] currentPage getter {
  "result": "Home",
  "history": []
}
[2026-06-01T15:19:13.569Z] [Router:MainRoute] current() {
  "active": "Home",
  "available": [
    {
      "id": "Introduction",
      "active": false
    },
    {
      "id": "Home",
      "active": true
    },
    {
      "id": "Support",
      "active": false
    }
  ]
}
[2026-06-01T15:19:14.092Z] [Router:MainRoute] currentPage getter {
  "result": "Home",
  "history": []
}
[2026-06-01T15:19:14.092Z] [Router:MainRoute] current() {
  "active": "Home",
  "available": [
    {
      "id": "Introduction",
      "active": false
    },
    {
      "id": "Home",
      "active": true
    },
    {
      "id": "Support",
      "active": false
    }
  ]
}
[2026-06-01T15:19:14.124Z] [Router:MainRoute] currentPage getter {
  "result": "Home",
  "history": []
}
[2026-06-01T15:19:14.124Z] [Router:MainRoute] current() {
  "active": "Home",
  "available": [
    {
      "id": "Introduction",
      "active": false
    },
    {
      "id": "Home",
      "active": true
    },
    {
      "id": "Support",
      "active": false
    }
  ]
}
[2026-06-01T15:19:14.156Z] [Router:MainRoute] currentPage getter {
  "result": "Home",
  "history": []
}
[2026-06-01T15:19:14.156Z] [Router:MainRoute] current() {
  "active": "Home",
  "available": [
    {
      "id": "Introduction",
      "active": false
    },
    {
      "id": "Home",
      "active": true
    },
    {
      "id": "Support",
      "active": false
    }
  ]
}
[2026-06-01T15:19:14.187Z] [Router:MainRoute] currentPage getter {
  "result": "Home",
  "history": []
}
[2026-06-01T15:19:14.187Z] [Router:MainRoute] current() {
  "active": "Home",
  "available": [
    {
      "id": "Introduction",
      "active": false
    },
    {
      "id": "Home",
      "active": true
    },
    {
      "id": "Support",
      "active": false
    }
  ]
}
[2026-06-01T15:19:14.220Z] [Router:MainRoute] currentPage getter {
  "result": "Home",
  "history": []
}
[2026-06-01T15:19:14.220Z] [Router:MainRoute] current() {
  "active": "Home",
  "available": [
    {
      "id": "Introduction",
      "active": false
    },
    {
      "id": "Home",
      "active": true
    },
    {
      "id": "Support",
      "active": false
    }
  ]
}
[2026-06-01T15:19:14.233Z] [Router:MainRoute] currentPage getter {
  "result": "Home",
  "history": []
}
[2026-06-01T15:19:14.233Z] [Router:MainRoute] current() {
  "active": "Home",
  "available": [
    {
      "id": "Introduction",
      "active": false
    },
    {
      "id": "Home",
      "active": true
    },
    {
      "id": "Support",
      "active": false
    }
  ]
}
[2026-06-01T15:19:14.279Z] [Router:MainRoute] currentPage getter {
  "result": "Home",
  "history": []
}
[2026-06-01T15:19:14.279Z] [Router:MainRoute] current() {
  "active": "Home",
  "available": [
    {
      "id": "Introduction",
      "active": false
    },
    {
      "id": "Home",
      "active": true
    },
    {
      "id": "Support",
      "active": false
    }
  ]
}
[2026-06-01T15:19:14.314Z] [Router:MainRoute] currentPage getter {
  "result": "Home",
  "history": []
}
[2026-06-01T15:19:14.315Z] [Router:MainRoute] current() {
  "active": "Home",
  "available": [
    {
      "id": "Introduction",
      "active": false
    },
    {
      "id": "Home",
      "active": true
    },
    {
      "id": "Support",
      "active": false
    }
  ]
}
[2026-06-01T15:19:14.344Z] [Router:MainRoute] currentPage getter {
  "result": "Home",
  "history": []
}
[2026-06-01T15:19:14.345Z] [Router:MainRoute] current() {
  "active": "Home",
  "available": [
    {
      "id": "Introduction",
      "active": false
    },
    {
      "id": "Home",
      "active": true
    },
    {
      "id": "Support",
      "active": false
    }
  ]
}
[2026-06-01T15:19:14.375Z] [Router:MainRoute] currentPage getter {
  "result": "Home",
  "history": []
}
[2026-06-01T15:19:14.422Z] [Router:MainRoute] current() {
  "active": "Home",
  "available": [
    {
      "id": "Introduction",
      "active": false
    },
    {
      "id": "Home",
      "active": true
    },
    {
      "id": "Support",
      "active": false
    }
  ]
}
[2026-06-01T15:19:14.424Z] [Router:MainRoute] currentPage getter {
  "result": "Home",
  "history": []
}
[2026-06-01T15:19:14.424Z] [Router:MainRoute] current() {
  "active": "Home",
  "available": [
    {
      "id": "Introduction",
      "active": false
    },
    {
      "id": "Home",
      "active": true
    },
    {
      "id": "Support",
      "active": false
    }
  ]
}
[2026-06-01T15:19:14.453Z] [Router:MainRoute] currentPage getter {
  "result": "Home",
  "history": []
}
[2026-06-01T15:19:14.453Z] [Router:MainRoute] current() {
  "active": "Home",
  "available": [
    {
      "id": "Introduction",
      "active": false
    },
    {
      "id": "Home",
      "active": true
    },
    {
      "id": "Support",
      "active": false
    }
  ]
}
[2026-06-01T15:19:14.484Z] [Router:MainRoute] currentPage getter {
  "result": "Home",
  "history": []
}
[2026-06-01T15:19:14.485Z] [Router:MainRoute] current() {
  "active": "Home",
  "available": [
    {
      "id": "Introduction",
      "active": false
    },
    {
      "id": "Home",
      "active": true
    },
    {
      "id": "Support",
      "active": false
    }
  ]
}
[2026-06-01T15:19:14.500Z] [Router:MainRoute] currentPage getter {
  "result": "Home",
  "history": []
}
[2026-06-01T15:19:14.500Z] [Router:MainRoute] current() {
  "active": "Home",
  "available": [
    {
      "id": "Introduction",
      "active": false
    },
    {
      "id": "Home",
      "active": true
    },
    {
      "id": "Support",
      "active": false
    }
  ]
}
[2026-06-01T15:19:14.544Z] [Router:MainRoute] currentPage getter {
  "result": "Home",
  "history": []
}
[2026-06-01T15:19:14.544Z] [Router:MainRoute] current() {
  "active": "Home",
  "available": [
    {
      "id": "Introduction",
      "active": false
    },
    {
      "id": "Home",
      "active": true
    },
    {
      "id": "Support",
      "active": false
    }
  ]
}
[2026-06-01T15:19:14.589Z] [Router:MainRoute] currentPage getter {
  "result": "Home",
  "history": []
}
[2026-06-01T15:19:14.590Z] [Router:MainRoute] current() {
  "active": "Home",
  "available": [
    {
      "id": "Introduction",
      "active": false
    },
    {
      "id": "Home",
      "active": true
    },
    {
      "id": "Support",
      "active": false
    }
  ]
}
[2026-06-01T15:19:14.619Z] [Router:MainRoute] currentPage getter {
  "result": "Home",
  "history": []
}
[2026-06-01T15:19:14.620Z] [Router:MainRoute] current() {
  "active": "Home",
  "available": [
    {
      "id": "Introduction",
      "active": false
    },
    {
      "id": "Home",
      "active": true
    },
    {
      "id": "Support",
      "active": false
    }
  ]
}
[2026-06-01T15:19:14.653Z] [Router:MainRoute] currentPage getter {
  "result": "Home",
  "history": []
}
[2026-06-01T15:19:14.653Z] [Router:MainRoute] current() {
  "active": "Home",
  "available": [
    {
      "id": "Introduction",
      "active": false
    },
    {
      "id": "Home",
      "active": true
    },
    {
      "id": "Support",
      "active": false
    }
  ]
}
[2026-06-01T15:19:14.685Z] [Router:MainRoute] currentPage getter {
  "result": "Home",
  "history": []
}
[2026-06-01T15:19:14.712Z] [Router:MainRoute] current() {
  "active": "Home",
  "available": [
    {
      "id": "Introduction",
      "active": false
    },
    {
      "id": "Home",
      "active": true
    },
    {
      "id": "Support",
      "active": false
    }
  ]
}
[2026-06-01T15:19:14.714Z] [Router:MainRoute] currentPage getter {
  "result": "Home",
  "history": []
}
[2026-06-01T15:19:14.715Z] [Router:MainRoute] current() {
  "active": "Home",
  "available": [
    {
      "id": "Introduction",
      "active": false
    },
    {
      "id": "Home",
      "active": true
    },
    {
      "id": "Support",
      "active": false
    }
  ]
}
[2026-06-01T15:19:14.749Z] [Router:MainRoute] currentPage getter {
  "result": "Home",
  "history": []
}
[2026-06-01T15:19:14.749Z] [Router:MainRoute] current() {
  "active": "Home",
  "available": [
    {
      "id": "Introduction",
      "active": false
    },
    {
      "id": "Home",
      "active": true
    },
    {
      "id": "Support",
      "active": false
    }
  ]
}
[2026-06-01T15:19:14.780Z] [Router:MainRoute] currentPage getter {
  "result": "Home",
  "history": []
}
[2026-06-01T15:19:14.780Z] [Router:MainRoute] current() {
  "active": "Home",
  "available": [
    {
      "id": "Introduction",
      "active": false
    },
    {
      "id": "Home",
      "active": true
    },
    {
      "id": "Support",
      "active": false
    }
  ]
}
[2026-06-01T15:19:14.823Z] [Router:MainRoute] currentPage getter {
  "result": "Home",
  "history": []
}
[2026-06-01T15:19:14.823Z] [Router:MainRoute] current() {
  "active": "Home",
  "available": [
    {
      "id": "Introduction",
      "active": false
    },
    {
      "id": "Home",
      "active": true
    },
    {
      "id": "Support",
      "active": false
    }
  ]
}
[2026-06-01T15:19:14.854Z] [Router:MainRoute] currentPage getter {
  "result": "Home",
  "history": []
}
[2026-06-01T15:19:14.854Z] [Router:MainRoute] current() {
  "active": "Home",
  "available": [
    {
      "id": "Introduction",
      "active": false
    },
    {
      "id": "Home",
      "active": true
    },
    {
      "id": "Support",
      "active": false
    }
  ]
}
[2026-06-01T15:19:14.887Z] [Router:MainRoute] currentPage getter {
  "result": "Home",
  "history": []
}
[2026-06-01T15:19:14.887Z] [Router:MainRoute] current() {
  "active": "Home",
  "available": [
    {
      "id": "Introduction",
      "active": false
    },
    {
      "id": "Home",
      "active": true
    },
    {
      "id": "Support",
      "active": false
    }
  ]
}
[2026-06-01T15:19:15.086Z] [Router:MainRoute] currentPage getter {
  "result": "Home",
  "history": []
}
[2026-06-01T15:19:15.087Z] [Router:MainRoute] current() {
  "active": "Home",
  "available": [
    {
      "id": "Introduction",
      "active": false
    },
    {
      "id": "Home",
      "active": true
    },
    {
      "id": "Support",
      "active": false
    }
  ]
}
[2026-06-01T15:19:15.227Z] [Router:MainRoute] currentPage getter {
  "result": "Home",
  "history": []
}
[2026-06-01T15:19:15.228Z] [Router:MainRoute] current() {
  "active": "Home",
  "available": [
    {
      "id": "Introduction",
      "active": false
    },
    {
      "id": "Home",
      "active": true
    },
    {
      "id": "Support",
      "active": false
    }
  ]
}
[2026-06-01T15:19:15.368Z] [Router:MainRoute] currentPage getter {
  "result": "Home",
  "history": []
}
[2026-06-01T15:19:15.368Z] [Router:MainRoute] current() {
  "active": "Home",
  "available": [
    {
      "id": "Introduction",
      "active": false
    },
    {
      "id": "Home",
      "active": true
    },
    {
      "id": "Support",
      "active": false
    }
  ]
}
[2026-06-01T15:19:15.604Z] [Router:MainRoute] currentPage getter {
  "result": "Home",
  "history": []
}
[2026-06-01T15:19:15.604Z] [Router:MainRoute] currentPage getter {
  "result": "Home",
  "history": []
}
[2026-06-01T15:19:15.605Z] [Router:MainRoute] currentPage getter {
  "result": "Home",
  "history": []
}
[2026-06-01T15:19:15.605Z] [Router:MainRoute] current() {
  "active": "Home",
  "available": [
    {
      "id": "Introduction",
      "active": false
    },
    {
      "id": "Home",
      "active": true
    },
    {
      "id": "Support",
      "active": false
    }
  ]
}
[2026-06-01T15:19:43.249Z] [Router:MainRoute] constructor {
  "routerId": "MainRoute",
  "config": {
    "saveOrder": true
  }
}
[2026-06-01T15:19:43.250Z] [Router:MainRoute] create() called [
  "Support",
  "Introduction",
  "Home"
]
[2026-06-01T15:19:43.250Z] [Router:MainRoute] loading component Support
[2026-06-01T15:19:43.251Z] [Router:MainRoute] loading component Introduction
[2026-06-01T15:19:43.251Z] [Router:MainRoute] loading component Home
[2026-06-01T15:19:43.256Z] [Router:MainRoute] component resolved Support
[2026-06-01T15:19:43.256Z] [Router:MainRoute] create.update() error {
  "code": "ZRUI_INVALID_STATE",
  "message": "update: lifecycle operation already in flight"
}
[2026-06-01T15:19:43.257Z] [Router:MainRoute] component resolved Introduction
[2026-06-01T15:19:43.257Z] [Router:MainRoute] create.update() error {
  "code": "ZRUI_INVALID_STATE",
  "message": "update: lifecycle operation already in flight"
}
[2026-06-01T15:19:43.263Z] [Router:MainRoute] component resolved Home
[2026-06-01T15:19:43.263Z] [Router:MainRoute] create.update() error {
  "code": "ZRUI_INVALID_STATE",
  "message": "update: lifecycle operation already in flight"
}
[2026-06-01T15:19:43.280Z] [Router:MainRoute] create.update() error {
  "code": "ZRUI_INVALID_STATE",
  "message": "update: lifecycle operation already in flight"
}
[2026-06-01T15:19:43.280Z] [Router:MainRoute] create.update() error {
  "code": "ZRUI_INVALID_STATE",
  "message": "update: lifecycle operation already in flight"
}
[2026-06-01T15:19:43.280Z] [Router:MainRoute] create.update() error {
  "code": "ZRUI_INVALID_STATE",
  "message": "update: lifecycle operation already in flight"
}
[2026-06-01T15:19:43.296Z] [Router:MainRoute] create.update() error {
  "code": "ZRUI_INVALID_STATE",
  "message": "update: lifecycle operation already in flight"
}
[2026-06-01T15:19:43.296Z] [Router:MainRoute] create.update() error {
  "code": "ZRUI_INVALID_STATE",
  "message": "update: lifecycle operation already in flight"
}
[2026-06-01T15:19:43.296Z] [Router:MainRoute] create.update() error {
  "code": "ZRUI_INVALID_STATE",
  "message": "update: lifecycle operation already in flight"
}
[2026-06-01T15:19:43.313Z] [Router:MainRoute] create.update() error {
  "code": "ZRUI_INVALID_STATE",
  "message": "update: lifecycle operation already in flight"
}
[2026-06-01T15:19:43.313Z] [Router:MainRoute] create.update() error {
  "code": "ZRUI_INVALID_STATE",
  "message": "update: lifecycle operation already in flight"
}
[2026-06-01T15:19:43.313Z] [Router:MainRoute] create.update() error {
  "code": "ZRUI_INVALID_STATE",
  "message": "update: lifecycle operation already in flight"
}
[2026-06-01T15:19:43.320Z] [Router:MainRoute] current() -> no routerBundles 
[2026-06-01T15:19:43.344Z] [Router:MainRoute] create.update() before {
  "dataId": "Support",
  "bundleKeys": [],
  "routeBucketKeys": []
}
[2026-06-01T15:19:43.345Z] [Router:MainRoute] create.update() after {
  "dataId": "Support",
  "routeBucketKeys": [
    "Support"
  ]
}
[2026-06-01T15:19:43.345Z] [Router:MainRoute] debugBundles [
  {
    "id": "Support",
    "active": false
  }
]
[2026-06-01T15:19:43.346Z] [Router:MainRoute] current() {
  "active": null,
  "available": [
    {
      "id": "Support",
      "active": false
    }
  ]
}
[2026-06-01T15:19:43.348Z] [Router:MainRoute] create.update() before {
  "dataId": "Introduction",
  "bundleKeys": [
    "MainRoute"
  ],
  "routeBucketKeys": [
    "Support"
  ]
}
[2026-06-01T15:19:43.349Z] [Router:MainRoute] create.update() after {
  "dataId": "Introduction",
  "routeBucketKeys": [
    "Support",
    "Introduction"
  ]
}
[2026-06-01T15:19:43.349Z] [Router:MainRoute] debugBundles [
  {
    "id": "Support",
    "active": false
  },
  {
    "id": "Introduction",
    "active": false
  }
]
[2026-06-01T15:19:43.349Z] [Router:MainRoute] current() {
  "active": null,
  "available": [
    {
      "id": "Support",
      "active": false
    },
    {
      "id": "Introduction",
      "active": false
    }
  ]
}
[2026-06-01T15:19:43.351Z] [Router:MainRoute] create.update() before {
  "dataId": "Home",
  "bundleKeys": [
    "MainRoute"
  ],
  "routeBucketKeys": [
    "Support",
    "Introduction"
  ]
}
[2026-06-01T15:19:43.351Z] [Router:MainRoute] create.update() after {
  "dataId": "Home",
  "routeBucketKeys": [
    "Support",
    "Introduction",
    "Home"
  ]
}
[2026-06-01T15:19:43.351Z] [Router:MainRoute] debugBundles [
  {
    "id": "Support",
    "active": false
  },
  {
    "id": "Introduction",
    "active": false
  },
  {
    "id": "Home",
    "active": true
  }
]
[2026-06-01T15:19:43.354Z] [Router:MainRoute] current() {
  "active": "Home",
  "available": [
    {
      "id": "Support",
      "active": false
    },
    {
      "id": "Introduction",
      "active": false
    },
    {
      "id": "Home",
      "active": true
    }
  ]
}
[2026-06-01T15:19:44.848Z] [Router:MainRoute] order getter initialized history []
[2026-06-01T15:19:44.848Z] [Router:MainRoute] currentPage getter {
  "result": "Home",
  "history": []
}
[2026-06-01T15:19:44.849Z] [Router:MainRoute] current() {
  "active": "Home",
  "available": [
    {
      "id": "Support",
      "active": false
    },
    {
      "id": "Introduction",
      "active": false
    },
    {
      "id": "Home",
      "active": true
    }
  ]
}
[2026-06-01T15:19:46.191Z] [Router:MainRoute] currentPage getter {
  "result": "Home",
  "history": []
}
[2026-06-01T15:19:46.191Z] [Router:MainRoute] current() {
  "active": "Home",
  "available": [
    {
      "id": "Support",
      "active": false
    },
    {
      "id": "Introduction",
      "active": false
    },
    {
      "id": "Home",
      "active": true
    }
  ]
}
[2026-06-01T15:19:46.532Z] [Router:MainRoute] currentPage getter {
  "result": "Home",
  "history": []
}
[2026-06-01T15:19:46.532Z] [Router:MainRoute] current() {
  "active": "Home",
  "available": [
    {
      "id": "Support",
      "active": false
    },
    {
      "id": "Introduction",
      "active": false
    },
    {
      "id": "Home",
      "active": true
    }
  ]
}
[2026-06-01T15:19:46.747Z] [Router:MainRoute] currentPage getter {
  "result": "Home",
  "history": []
}
[2026-06-01T15:19:46.747Z] [Router:MainRoute] current() {
  "active": "Home",
  "available": [
    {
      "id": "Support",
      "active": false
    },
    {
      "id": "Introduction",
      "active": false
    },
    {
      "id": "Home",
      "active": true
    }
  ]
}
[2026-06-01T15:19:47.349Z] [Router:MainRoute] currentPage getter {
  "result": "Home",
  "history": []
}
[2026-06-01T15:19:47.349Z] [Router:MainRoute] currentPage getter {
  "result": "Home",
  "history": []
}
[2026-06-01T15:19:47.350Z] [Router:MainRoute] currentPage getter {
  "result": "Home",
  "history": []
}
[2026-06-01T15:19:47.350Z] [Router:MainRoute] current() {
  "active": "Home",
  "available": [
    {
      "id": "Support",
      "active": false
    },
    {
      "id": "Introduction",
      "active": false
    },
    {
      "id": "Home",
      "active": true
    }
  ]
}
[2026-06-01T15:19:49.043Z] [Router:MainRoute] current() {
  "active": "Home",
  "available": [
    {
      "id": "Support",
      "active": false
    },
    {
      "id": "Introduction",
      "active": false
    },
    {
      "id": "Home",
      "active": true
    }
  ]
}
[2026-06-01T15:19:49.478Z] [Router:MainRoute] currentPage getter {
  "result": "Home",
  "history": []
}
[2026-06-01T15:19:49.479Z] [Router:MainRoute] current() {
  "active": "Home",
  "available": [
    {
      "id": "Support",
      "active": false
    },
    {
      "id": "Introduction",
      "active": false
    },
    {
      "id": "Home",
      "active": true
    }
  ]
}
[2026-06-01T15:19:49.738Z] [Router:MainRoute] currentPage getter {
  "result": "Home",
  "history": []
}
[2026-06-01T15:19:49.738Z] [Router:MainRoute] currentPage getter {
  "result": "Home",
  "history": []
}
[2026-06-01T15:19:49.739Z] [Router:MainRoute] currentPage getter {
  "result": "Home",
  "history": []
}
[2026-06-01T15:19:49.741Z] [Router:MainRoute] current() {
  "active": "Home",
  "available": [
    {
      "id": "Support",
      "active": false
    },
    {
      "id": "Introduction",
      "active": false
    },
    {
      "id": "Home",
      "active": true
    }
  ]
}
[2026-06-01T15:19:50.820Z] [Router:MainRoute] current() {
  "active": "Home",
  "available": [
    {
      "id": "Support",
      "active": false
    },
    {
      "id": "Introduction",
      "active": false
    },
    {
      "id": "Home",
      "active": true
    }
  ]
}
[2026-06-01T15:19:51.395Z] [Router:MainRoute] currentPage getter {
  "result": "Home",
  "history": []
}
[2026-06-01T15:19:51.395Z] [Router:MainRoute] current() {
  "active": "Home",
  "available": [
    {
      "id": "Support",
      "active": false
    },
    {
      "id": "Introduction",
      "active": false
    },
    {
      "id": "Home",
      "active": true
    }
  ]
}
[2026-06-01T15:19:51.706Z] [Router:MainRoute] currentPage getter {
  "result": "Home",
  "history": []
}
[2026-06-01T15:19:51.706Z] [Router:MainRoute] current() {
  "active": "Home",
  "available": [
    {
      "id": "Support",
      "active": false
    },
    {
      "id": "Introduction",
      "active": false
    },
    {
      "id": "Home",
      "active": true
    }
  ]
}
[2026-06-01T15:19:51.877Z] [Router:MainRoute] currentPage getter {
  "result": "Home",
  "history": []
}
[2026-06-01T15:19:51.877Z] [Router:MainRoute] current() {
  "active": "Home",
  "available": [
    {
      "id": "Support",
      "active": false
    },
    {
      "id": "Introduction",
      "active": false
    },
    {
      "id": "Home",
      "active": true
    }
  ]
}
[2026-06-01T15:19:54.260Z] [Router:MainRoute] currentPage getter {
  "result": "Home",
  "history": []
}
[2026-06-01T15:19:54.260Z] [Router:MainRoute] current() {
  "active": "Home",
  "available": [
    {
      "id": "Support",
      "active": false
    },
    {
      "id": "Introduction",
      "active": false
    },
    {
      "id": "Home",
      "active": true
    }
  ]
}
[2026-06-01T15:19:54.493Z] [Router:MainRoute] currentPage getter {
  "result": "Home",
  "history": []
}
[2026-06-01T15:19:54.493Z] [Router:MainRoute] current() {
  "active": "Home",
  "available": [
    {
      "id": "Support",
      "active": false
    },
    {
      "id": "Introduction",
      "active": false
    },
    {
      "id": "Home",
      "active": true
    }
  ]
}
[2026-06-01T15:19:54.771Z] [Router:MainRoute] currentPage getter {
  "result": "Home",
  "history": []
}
[2026-06-01T15:19:54.771Z] [Router:MainRoute] currentPage getter {
  "result": "Home",
  "history": []
}
[2026-06-01T15:19:54.771Z] [Router:MainRoute] currentPage getter {
  "result": "Home",
  "history": []
}
[2026-06-01T15:19:54.771Z] [Router:MainRoute] current() {
  "active": "Home",
  "available": [
    {
      "id": "Support",
      "active": false
    },
    {
      "id": "Introduction",
      "active": false
    },
    {
      "id": "Home",
      "active": true
    }
  ]
}
[2026-06-01T15:19:55.911Z] [Router:MainRoute] current() {
  "active": "Home",
  "available": [
    {
      "id": "Support",
      "active": false
    },
    {
      "id": "Introduction",
      "active": false
    },
    {
      "id": "Home",
      "active": true
    }
  ]
}
[2026-06-01T15:19:56.204Z] [Router:MainRoute] currentPage getter {
  "result": "Home",
  "history": []
}
[2026-06-01T15:19:56.205Z] [Router:MainRoute] current() {
  "active": "Home",
  "available": [
    {
      "id": "Support",
      "active": false
    },
    {
      "id": "Introduction",
      "active": false
    },
    {
      "id": "Home",
      "active": true
    }
  ]
}
[2026-06-01T15:19:56.373Z] [Router:MainRoute] currentPage getter {
  "result": "Home",
  "history": []
}
[2026-06-01T15:19:56.374Z] [Router:MainRoute] current() {
  "active": "Home",
  "available": [
    {
      "id": "Support",
      "active": false
    },
    {
      "id": "Introduction",
      "active": false
    },
    {
      "id": "Home",
      "active": true
    }
  ]
}
[2026-06-01T15:19:57.025Z] [Router:MainRoute] currentPage getter {
  "result": "Home",
  "history": []
}
[2026-06-01T15:19:57.026Z] [Router:MainRoute] current() {
  "active": "Home",
  "available": [
    {
      "id": "Support",
      "active": false
    },
    {
      "id": "Introduction",
      "active": false
    },
    {
      "id": "Home",
      "active": true
    }
  ]
}
[2026-06-01T15:19:57.335Z] [Router:MainRoute] currentPage getter {
  "result": "Home",
  "history": []
}
[2026-06-01T15:19:57.335Z] [Router:MainRoute] current() {
  "active": "Home",
  "available": [
    {
      "id": "Support",
      "active": false
    },
    {
      "id": "Introduction",
      "active": false
    },
    {
      "id": "Home",
      "active": true
    }
  ]
}
[2026-06-01T15:19:57.490Z] [Router:MainRoute] currentPage getter {
  "result": "Home",
  "history": []
}
[2026-06-01T15:19:57.490Z] [Router:MainRoute] current() {
  "active": "Home",
  "available": [
    {
      "id": "Support",
      "active": false
    },
    {
      "id": "Introduction",
      "active": false
    },
    {
      "id": "Home",
      "active": true
    }
  ]
}
[2026-06-01T15:19:57.694Z] [Router:MainRoute] currentPage getter {
  "result": "Home",
  "history": []
}
[2026-06-01T15:19:57.694Z] [Router:MainRoute] current() {
  "active": "Home",
  "available": [
    {
      "id": "Support",
      "active": false
    },
    {
      "id": "Introduction",
      "active": false
    },
    {
      "id": "Home",
      "active": true
    }
  ]
}
[2026-06-01T15:20:21.371Z] [Router:MainRoute] currentPage getter {
  "result": "Home",
  "history": []
}
[2026-06-01T15:20:21.372Z] [Router:MainRoute] current() {
  "active": "Home",
  "available": [
    {
      "id": "Support",
      "active": false
    },
    {
      "id": "Introduction",
      "active": false
    },
    {
      "id": "Home",
      "active": true
    }
  ]
}
[2026-06-01T15:20:21.605Z] [Router:MainRoute] currentPage getter {
  "result": "Home",
  "history": []
}
[2026-06-01T15:20:21.606Z] [Router:MainRoute] current() {
  "active": "Home",
  "available": [
    {
      "id": "Support",
      "active": false
    },
    {
      "id": "Introduction",
      "active": false
    },
    {
      "id": "Home",
      "active": true
    }
  ]
}
[2026-06-01T15:20:21.745Z] [Router:MainRoute] currentPage getter {
  "result": "Home",
  "history": []
}
[2026-06-01T15:20:21.746Z] [Router:MainRoute] current() {
  "active": "Home",
  "available": [
    {
      "id": "Support",
      "active": false
    },
    {
      "id": "Introduction",
      "active": false
    },
    {
      "id": "Home",
      "active": true
    }
  ]
}
[2026-06-01T15:20:21.898Z] [Router:MainRoute] currentPage getter {
  "result": "Home",
  "history": []
}
[2026-06-01T15:20:21.899Z] [Router:MainRoute] current() {
  "active": "Home",
  "available": [
    {
      "id": "Support",
      "active": false
    },
    {
      "id": "Introduction",
      "active": false
    },
    {
      "id": "Home",
      "active": true
    }
  ]
}
[2026-06-01T15:20:22.037Z] [Router:MainRoute] currentPage getter {
  "result": "Home",
  "history": []
}
[2026-06-01T15:20:22.037Z] [Router:MainRoute] current() {
  "active": "Home",
  "available": [
    {
      "id": "Support",
      "active": false
    },
    {
      "id": "Introduction",
      "active": false
    },
    {
      "id": "Home",
      "active": true
    }
  ]
}
[2026-06-01T15:20:22.252Z] [Router:MainRoute] currentPage getter {
  "result": "Home",
  "history": []
}
[2026-06-01T15:20:22.253Z] [Router:MainRoute] current() {
  "active": "Home",
  "available": [
    {
      "id": "Support",
      "active": false
    },
    {
      "id": "Introduction",
      "active": false
    },
    {
      "id": "Home",
      "active": true
    }
  ]
}
[2026-06-01T15:20:22.624Z] [Router:MainRoute] currentPage getter {
  "result": "Home",
  "history": []
}
[2026-06-01T15:20:22.625Z] [Router:MainRoute] current() {
  "active": "Home",
  "available": [
    {
      "id": "Support",
      "active": false
    },
    {
      "id": "Introduction",
      "active": false
    },
    {
      "id": "Home",
      "active": true
    }
  ]
}
[2026-06-01T15:20:22.916Z] [Router:MainRoute] currentPage getter {
  "result": "Home",
  "history": []
}
[2026-06-01T15:20:22.916Z] [Router:MainRoute] current() {
  "active": "Home",
  "available": [
    {
      "id": "Support",
      "active": false
    },
    {
      "id": "Introduction",
      "active": false
    },
    {
      "id": "Home",
      "active": true
    }
  ]
}
[2026-06-01T15:20:23.058Z] [Router:MainRoute] currentPage getter {
  "result": "Home",
  "history": []
}
[2026-06-01T15:20:23.059Z] [Router:MainRoute] current() {
  "active": "Home",
  "available": [
    {
      "id": "Support",
      "active": false
    },
    {
      "id": "Introduction",
      "active": false
    },
    {
      "id": "Home",
      "active": true
    }
  ]
}
[2026-06-01T15:20:23.196Z] [Router:MainRoute] currentPage getter {
  "result": "Home",
  "history": []
}
[2026-06-01T15:20:23.197Z] [Router:MainRoute] current() {
  "active": "Home",
  "available": [
    {
      "id": "Support",
      "active": false
    },
    {
      "id": "Introduction",
      "active": false
    },
    {
      "id": "Home",
      "active": true
    }
  ]
}
[2026-06-01T15:20:23.984Z] [Router:MainRoute] currentPage getter {
  "result": "Home",
  "history": []
}
[2026-06-01T15:20:23.984Z] [Router:MainRoute] current() {
  "active": "Home",
  "available": [
    {
      "id": "Support",
      "active": false
    },
    {
      "id": "Introduction",
      "active": false
    },
    {
      "id": "Home",
      "active": true
    }
  ]
}
[2026-06-01T15:20:24.643Z] [Router:MainRoute] current() {
  "active": "Home",
  "available": [
    {
      "id": "Support",
      "active": false
    },
    {
      "id": "Introduction",
      "active": false
    },
    {
      "id": "Home",
      "active": true
    }
  ]
}
[2026-06-01T15:20:25.000Z] [Router:MainRoute] current() {
  "active": "Home",
  "available": [
    {
      "id": "Support",
      "active": false
    },
    {
      "id": "Introduction",
      "active": false
    },
    {
      "id": "Home",
      "active": true
    }
  ]
}
[2026-06-01T15:20:25.290Z] [Router:MainRoute] currentPage getter {
  "result": "Home",
  "history": []
}
[2026-06-01T15:20:25.290Z] [Router:MainRoute] current() {
  "active": "Home",
  "available": [
    {
      "id": "Support",
      "active": false
    },
    {
      "id": "Introduction",
      "active": false
    },
    {
      "id": "Home",
      "active": true
    }
  ]
}
[2026-06-01T15:20:25.662Z] [Router:MainRoute] currentPage getter {
  "result": "Home",
  "history": []
}
[2026-06-01T15:20:25.662Z] [Router:MainRoute] current() {
  "active": "Home",
  "available": [
    {
      "id": "Support",
      "active": false
    },
    {
      "id": "Introduction",
      "active": false
    },
    {
      "id": "Home",
      "active": true
    }
  ]
}
[2026-06-01T15:20:25.801Z] [Router:MainRoute] currentPage getter {
  "result": "Home",
  "history": []
}
[2026-06-01T15:20:25.801Z] [Router:MainRoute] current() {
  "active": "Home",
  "available": [
    {
      "id": "Support",
      "active": false
    },
    {
      "id": "Introduction",
      "active": false
    },
    {
      "id": "Home",
      "active": true
    }
  ]
}
[2026-06-01T15:20:25.985Z] [Router:MainRoute] current() {
  "active": "Home",
  "available": [
    {
      "id": "Support",
      "active": false
    },
    {
      "id": "Introduction",
      "active": false
    },
    {
      "id": "Home",
      "active": true
    }
  ]
}
[2026-06-01T15:20:26.385Z] [Router:MainRoute] constructor {
  "routerId": "MainRoute",
  "config": {
    "saveOrder": true
  }
}
[2026-06-01T15:20:26.385Z] [Router:MainRoute] create() called [
  "Support",
  "Introduction",
  "Home"
]
[2026-06-01T15:20:26.385Z] [Router:MainRoute] loading component Support
[2026-06-01T15:20:26.386Z] [Router:MainRoute] loading component Introduction
[2026-06-01T15:20:26.386Z] [Router:MainRoute] loading component Home
[2026-06-01T15:20:26.390Z] [Router:MainRoute] component resolved Support
[2026-06-01T15:20:26.390Z] [Router:MainRoute] create.update() error {
  "code": "ZRUI_INVALID_STATE",
  "message": "update: lifecycle operation already in flight"
}
[2026-06-01T15:20:26.391Z] [Router:MainRoute] component resolved Introduction
[2026-06-01T15:20:26.391Z] [Router:MainRoute] create.update() error {
  "code": "ZRUI_INVALID_STATE",
  "message": "update: lifecycle operation already in flight"
}
[2026-06-01T15:20:26.395Z] [Router:MainRoute] component resolved Home
[2026-06-01T15:20:26.395Z] [Router:MainRoute] create.update() error {
  "code": "ZRUI_INVALID_STATE",
  "message": "update: lifecycle operation already in flight"
}
[2026-06-01T15:20:26.412Z] [Router:MainRoute] create.update() error {
  "code": "ZRUI_INVALID_STATE",
  "message": "update: lifecycle operation already in flight"
}
[2026-06-01T15:20:26.412Z] [Router:MainRoute] create.update() error {
  "code": "ZRUI_INVALID_STATE",
  "message": "update: lifecycle operation already in flight"
}
[2026-06-01T15:20:26.412Z] [Router:MainRoute] create.update() error {
  "code": "ZRUI_INVALID_STATE",
  "message": "update: lifecycle operation already in flight"
}
[2026-06-01T15:20:26.428Z] [Router:MainRoute] create.update() error {
  "code": "ZRUI_INVALID_STATE",
  "message": "update: lifecycle operation already in flight"
}
[2026-06-01T15:20:26.429Z] [Router:MainRoute] create.update() error {
  "code": "ZRUI_INVALID_STATE",
  "message": "update: lifecycle operation already in flight"
}
[2026-06-01T15:20:26.429Z] [Router:MainRoute] create.update() error {
  "code": "ZRUI_INVALID_STATE",
  "message": "update: lifecycle operation already in flight"
}
[2026-06-01T15:20:26.445Z] [Router:MainRoute] create.update() error {
  "code": "ZRUI_INVALID_STATE",
  "message": "update: lifecycle operation already in flight"
}
[2026-06-01T15:20:26.445Z] [Router:MainRoute] create.update() error {
  "code": "ZRUI_INVALID_STATE",
  "message": "update: lifecycle operation already in flight"
}
[2026-06-01T15:20:26.445Z] [Router:MainRoute] create.update() error {
  "code": "ZRUI_INVALID_STATE",
  "message": "update: lifecycle operation already in flight"
}
[2026-06-01T15:20:26.453Z] [Router:MainRoute] current() -> no routerBundles 
[2026-06-01T15:20:26.475Z] [Router:MainRoute] create.update() before {
  "dataId": "Support",
  "bundleKeys": [],
  "routeBucketKeys": []
}
[2026-06-01T15:20:26.476Z] [Router:MainRoute] create.update() after {
  "dataId": "Support",
  "routeBucketKeys": [
    "Support"
  ]
}
[2026-06-01T15:20:26.476Z] [Router:MainRoute] debugBundles [
  {
    "id": "Support",
    "active": false
  }
]
[2026-06-01T15:20:26.477Z] [Router:MainRoute] current() {
  "active": null,
  "available": [
    {
      "id": "Support",
      "active": false
    }
  ]
}
[2026-06-01T15:20:26.479Z] [Router:MainRoute] create.update() before {
  "dataId": "Introduction",
  "bundleKeys": [
    "MainRoute"
  ],
  "routeBucketKeys": [
    "Support"
  ]
}
[2026-06-01T15:20:26.479Z] [Router:MainRoute] create.update() after {
  "dataId": "Introduction",
  "routeBucketKeys": [
    "Support",
    "Introduction"
  ]
}
[2026-06-01T15:20:26.480Z] [Router:MainRoute] debugBundles [
  {
    "id": "Support",
    "active": false
  },
  {
    "id": "Introduction",
    "active": false
  }
]
[2026-06-01T15:20:26.480Z] [Router:MainRoute] create.update() before {
  "dataId": "Home",
  "bundleKeys": [
    "MainRoute"
  ],
  "routeBucketKeys": [
    "Support",
    "Introduction"
  ]
}
[2026-06-01T15:20:26.480Z] [Router:MainRoute] create.update() after {
  "dataId": "Home",
  "routeBucketKeys": [
    "Support",
    "Introduction",
    "Home"
  ]
}
[2026-06-01T15:20:26.480Z] [Router:MainRoute] debugBundles [
  {
    "id": "Support",
    "active": false
  },
  {
    "id": "Introduction",
    "active": false
  },
  {
    "id": "Home",
    "active": true
  }
]
[2026-06-01T15:20:26.480Z] [Router:MainRoute] current() {
  "active": "Home",
  "available": [
    {
      "id": "Support",
      "active": false
    },
    {
      "id": "Introduction",
      "active": false
    },
    {
      "id": "Home",
      "active": true
    }
  ]
}
[2026-06-01T15:20:27.095Z] [Router:MainRoute] current() {
  "active": "Home",
  "available": [
    {
      "id": "Support",
      "active": false
    },
    {
      "id": "Introduction",
      "active": false
    },
    {
      "id": "Home",
      "active": true
    }
  ]
}
[2026-06-01T15:20:27.533Z] [Router:MainRoute] order getter initialized history []
[2026-06-01T15:20:27.533Z] [Router:MainRoute] currentPage getter {
  "result": "Home",
  "history": []
}
[2026-06-01T15:20:27.685Z] [Router:MainRoute] currentPage getter {
  "result": "Home",
  "history": []
}
[2026-06-01T15:20:27.870Z] [Router:MainRoute] current() {
  "active": "Home",
  "available": [
    {
      "id": "Support",
      "active": false
    },
    {
      "id": "Introduction",
      "active": false
    },
    {
      "id": "Home",
      "active": true
    }
  ]
}
[2026-06-01T15:20:28.566Z] [Router:MainRoute] currentPage getter {
  "result": "Home",
  "history": []
}
[2026-06-01T15:20:28.567Z] [Router:MainRoute] current() {
  "active": "Home",
  "available": [
    {
      "id": "Support",
      "active": false
    },
    {
      "id": "Introduction",
      "active": false
    },
    {
      "id": "Home",
      "active": true
    }
  ]
}
[2026-06-01T15:20:28.705Z] [Router:MainRoute] currentPage getter {
  "result": "Home",
  "history": []
}
[2026-06-01T15:20:28.706Z] [Router:MainRoute] current() {
  "active": "Home",
  "available": [
    {
      "id": "Support",
      "active": false
    },
    {
      "id": "Introduction",
      "active": false
    },
    {
      "id": "Home",
      "active": true
    }
  ]
}
[2026-06-01T15:20:29.044Z] [Router:MainRoute] current() {
  "active": "Home",
  "available": [
    {
      "id": "Support",
      "active": false
    },
    {
      "id": "Introduction",
      "active": false
    },
    {
      "id": "Home",
      "active": true
    }
  ]
}
[2026-06-01T15:20:29.275Z] [Router:MainRoute] currentPage getter {
  "result": "Home",
  "history": []
}
[2026-06-01T15:20:29.399Z] [Router:MainRoute] currentPage getter {
  "result": "Home",
  "history": []
}
[2026-06-01T15:20:29.645Z] [Router:MainRoute] current() {
  "active": "Home",
  "available": [
    {
      "id": "Support",
      "active": false
    },
    {
      "id": "Introduction",
      "active": false
    },
    {
      "id": "Home",
      "active": true
    }
  ]
}
[2026-06-01T15:20:30.417Z] [Router:MainRoute] currentPage getter {
  "result": "Home",
  "history": []
}
[2026-06-01T15:20:30.418Z] [Router:MainRoute] current() {
  "active": "Home",
  "available": [
    {
      "id": "Support",
      "active": false
    },
    {
      "id": "Introduction",
      "active": false
    },
    {
      "id": "Home",
      "active": true
    }
  ]
}
[2026-06-01T15:20:30.560Z] [Router:MainRoute] currentPage getter {
  "result": "Home",
  "history": []
}
[2026-06-01T15:20:30.561Z] [Router:MainRoute] current() {
  "active": "Home",
  "available": [
    {
      "id": "Support",
      "active": false
    },
    {
      "id": "Introduction",
      "active": false
    },
    {
      "id": "Home",
      "active": true
    }
  ]
}
[2026-06-01T15:20:30.702Z] [Router:MainRoute] currentPage getter {
  "result": "Home",
  "history": []
}
[2026-06-01T15:20:30.703Z] [Router:MainRoute] current() {
  "active": "Home",
  "available": [
    {
      "id": "Support",
      "active": false
    },
    {
      "id": "Introduction",
      "active": false
    },
    {
      "id": "Home",
      "active": true
    }
  ]
}
[2026-06-01T15:20:30.916Z] [Router:MainRoute] currentPage getter {
  "result": "Home",
  "history": []
}
[2026-06-01T15:20:30.916Z] [Router:MainRoute] current() {
  "active": "Home",
  "available": [
    {
      "id": "Support",
      "active": false
    },
    {
      "id": "Introduction",
      "active": false
    },
    {
      "id": "Home",
      "active": true
    }
  ]
}
[2026-06-01T15:20:31.055Z] [Router:MainRoute] currentPage getter {
  "result": "Home",
  "history": []
}
[2026-06-01T15:20:31.055Z] [Router:MainRoute] current() {
  "active": "Home",
  "available": [
    {
      "id": "Support",
      "active": false
    },
    {
      "id": "Introduction",
      "active": false
    },
    {
      "id": "Home",
      "active": true
    }
  ]
}
[2026-06-01T15:20:31.213Z] [Router:MainRoute] currentPage getter {
  "result": "Home",
  "history": []
}
[2026-06-01T15:20:31.214Z] [Router:MainRoute] current() {
  "active": "Home",
  "available": [
    {
      "id": "Support",
      "active": false
    },
    {
      "id": "Introduction",
      "active": false
    },
    {
      "id": "Home",
      "active": true
    }
  ]
}
[2026-06-01T15:20:31.672Z] [Router:MainRoute] currentPage getter {
  "result": "Home",
  "history": []
}
[2026-06-01T15:20:31.673Z] [Router:MainRoute] current() {
  "active": "Home",
  "available": [
    {
      "id": "Support",
      "active": false
    },
    {
      "id": "Introduction",
      "active": false
    },
    {
      "id": "Home",
      "active": true
    }
  ]
}
[2026-06-01T15:20:42.989Z] [Router:MainRoute] currentPage getter {
  "result": "Home",
  "history": []
}
[2026-06-01T15:20:42.990Z] [Router:MainRoute] current() {
  "active": "Home",
  "available": [
    {
      "id": "Support",
      "active": false
    },
    {
      "id": "Introduction",
      "active": false
    },
    {
      "id": "Home",
      "active": true
    }
  ]
}
[2026-06-01T15:20:43.209Z] [Router:MainRoute] currentPage getter {
  "result": "Home",
  "history": []
}
[2026-06-01T15:20:43.210Z] [Router:MainRoute] current() {
  "active": "Home",
  "available": [
    {
      "id": "Support",
      "active": false
    },
    {
      "id": "Introduction",
      "active": false
    },
    {
      "id": "Home",
      "active": true
    }
  ]
}
[2026-06-01T15:20:43.456Z] [Router:MainRoute] currentPage getter {
  "result": "Home",
  "history": []
}
[2026-06-01T15:20:43.457Z] [Router:MainRoute] current() {
  "active": "Home",
  "available": [
    {
      "id": "Support",
      "active": false
    },
    {
      "id": "Introduction",
      "active": false
    },
    {
      "id": "Home",
      "active": true
    }
  ]
}
[2026-06-01T15:20:43.901Z] [Router:MainRoute] currentPage getter {
  "result": "Home",
  "history": []
}
[2026-06-01T15:20:43.901Z] [Router:MainRoute] current() {
  "active": "Home",
  "available": [
    {
      "id": "Support",
      "active": false
    },
    {
      "id": "Introduction",
      "active": false
    },
    {
      "id": "Home",
      "active": true
    }
  ]
}
[2026-06-01T15:20:44.489Z] [Router:MainRoute] currentPage getter {
  "result": "Home",
  "history": []
}
[2026-06-01T15:20:44.489Z] [Router:MainRoute] current() {
  "active": "Home",
  "available": [
    {
      "id": "Support",
      "active": false
    },
    {
      "id": "Introduction",
      "active": false
    },
    {
      "id": "Home",
      "active": true
    }
  ]
}
[2026-06-01T15:20:44.580Z] [Router:MainRoute] currentPage getter {
  "result": "Home",
  "history": []
}
[2026-06-01T15:20:44.580Z] [Router:MainRoute] current() {
  "active": "Home",
  "available": [
    {
      "id": "Support",
      "active": false
    },
    {
      "id": "Introduction",
      "active": false
    },
    {
      "id": "Home",
      "active": true
    }
  ]
}
[2026-06-01T15:20:44.718Z] [Router:MainRoute] currentPage getter {
  "result": "Home",
  "history": []
}
[2026-06-01T15:20:44.718Z] [Router:MainRoute] current() {
  "active": "Home",
  "available": [
    {
      "id": "Support",
      "active": false
    },
    {
      "id": "Introduction",
      "active": false
    },
    {
      "id": "Home",
      "active": true
    }
  ]
}
[2026-06-01T15:21:11.340Z] [Router:MainRoute] currentPage getter {
  "result": "Home",
  "history": []
}
[2026-06-01T15:21:11.341Z] [Router:MainRoute] current() {
  "active": "Home",
  "available": [
    {
      "id": "Support",
      "active": false
    },
    {
      "id": "Introduction",
      "active": false
    },
    {
      "id": "Home",
      "active": true
    }
  ]
}
[2026-06-01T15:21:11.789Z] [Router:MainRoute] currentPage getter {
  "result": "Home",
  "history": []
}
[2026-06-01T15:21:11.789Z] [Router:MainRoute] current() {
  "active": "Home",
  "available": [
    {
      "id": "Support",
      "active": false
    },
    {
      "id": "Introduction",
      "active": false
    },
    {
      "id": "Home",
      "active": true
    }
  ]
}
[2026-06-01T15:21:11.991Z] [Router:MainRoute] currentPage getter {
  "result": "Home",
  "history": []
}
[2026-06-01T15:21:11.991Z] [Router:MainRoute] current() {
  "active": "Home",
  "available": [
    {
      "id": "Support",
      "active": false
    },
    {
      "id": "Introduction",
      "active": false
    },
    {
      "id": "Home",
      "active": true
    }
  ]
}
[2026-06-01T15:21:12.235Z] [Router:MainRoute] currentPage getter {
  "result": "Home",
  "history": []
}
[2026-06-01T15:21:12.235Z] [Router:MainRoute] currentPage getter {
  "result": "Home",
  "history": []
}
[2026-06-01T15:21:12.236Z] [Router:MainRoute] currentPage getter {
  "result": "Home",
  "history": []
}
[2026-06-01T15:21:12.236Z] [Router:MainRoute] current() {
  "active": "Home",
  "available": [
    {
      "id": "Support",
      "active": false
    },
    {
      "id": "Introduction",
      "active": false
    },
    {
      "id": "Home",
      "active": true
    }
  ]
}
[2026-06-01T15:21:13.044Z] [Router:MainRoute] current() {
  "active": "Home",
  "available": [
    {
      "id": "Support",
      "active": false
    },
    {
      "id": "Introduction",
      "active": false
    },
    {
      "id": "Home",
      "active": true
    }
  ]
}
[2026-06-01T15:21:13.477Z] [Router:MainRoute] currentPage getter {
  "result": "Home",
  "history": []
}
[2026-06-01T15:21:13.478Z] [Router:MainRoute] current() {
  "active": "Home",
  "available": [
    {
      "id": "Support",
      "active": false
    },
    {
      "id": "Introduction",
      "active": false
    },
    {
      "id": "Home",
      "active": true
    }
  ]
}
[2026-06-01T15:21:13.649Z] [Router:MainRoute] currentPage getter {
  "result": "Home",
  "history": []
}
[2026-06-01T15:21:13.649Z] [Router:MainRoute] current() {
  "active": "Home",
  "available": [
    {
      "id": "Support",
      "active": false
    },
    {
      "id": "Introduction",
      "active": false
    },
    {
      "id": "Home",
      "active": true
    }
  ]
}
[2026-06-01T15:21:13.869Z] [Router:MainRoute] currentPage getter {
  "result": "Home",
  "history": []
}
[2026-06-01T15:21:13.869Z] [Router:MainRoute] current() {
  "active": "Home",
  "available": [
    {
      "id": "Support",
      "active": false
    },
    {
      "id": "Introduction",
      "active": false
    },
    {
      "id": "Home",
      "active": true
    }
  ]
}
[2026-06-01T15:21:14.096Z] [Router:MainRoute] currentPage getter {
  "result": "Home",
  "history": []
}
[2026-06-01T15:21:14.097Z] [Router:MainRoute] current() {
  "active": "Home",
  "available": [
    {
      "id": "Support",
      "active": false
    },
    {
      "id": "Introduction",
      "active": false
    },
    {
      "id": "Home",
      "active": true
    }
  ]
}
[2026-06-01T15:21:14.297Z] [Router:MainRoute] currentPage getter {
  "result": "Home",
  "history": []
}
[2026-06-01T15:21:14.298Z] [Router:MainRoute] current() {
  "active": "Home",
  "available": [
    {
      "id": "Support",
      "active": false
    },
    {
      "id": "Introduction",
      "active": false
    },
    {
      "id": "Home",
      "active": true
    }
  ]
}
[2026-06-01T15:21:14.512Z] [Router:MainRoute] currentPage getter {
  "result": "Home",
  "history": []
}
[2026-06-01T15:21:14.513Z] [Router:MainRoute] current() {
  "active": "Home",
  "available": [
    {
      "id": "Support",
      "active": false
    },
    {
      "id": "Introduction",
      "active": false
    },
    {
      "id": "Home",
      "active": true
    }
  ]
}
[2026-06-01T15:21:14.653Z] [Router:MainRoute] currentPage getter {
  "result": "Home",
  "history": []
}
[2026-06-01T15:21:14.654Z] [Router:MainRoute] current() {
  "active": "Home",
  "available": [
    {
      "id": "Support",
      "active": false
    },
    {
      "id": "Introduction",
      "active": false
    },
    {
      "id": "Home",
      "active": true
    }
  ]
}
[2026-06-01T15:21:14.794Z] [Router:MainRoute] currentPage getter {
  "result": "Home",
  "history": []
}
[2026-06-01T15:21:14.795Z] [Router:MainRoute] current() {
  "active": "Home",
  "available": [
    {
      "id": "Support",
      "active": false
    },
    {
      "id": "Introduction",
      "active": false
    },
    {
      "id": "Home",
      "active": true
    }
  ]
}
[2026-06-01T15:21:14.903Z] [Router:MainRoute] currentPage getter {
  "result": "Home",
  "history": []
}
[2026-06-01T15:21:14.903Z] [Router:MainRoute] current() {
  "active": "Home",
  "available": [
    {
      "id": "Support",
      "active": false
    },
    {
      "id": "Introduction",
      "active": false
    },
    {
      "id": "Home",
      "active": true
    }
  ]
}
[2026-06-01T15:21:15.429Z] [Router:MainRoute] currentPage getter {
  "result": "Home",
  "history": []
}
[2026-06-01T15:21:15.430Z] [Router:MainRoute] current() {
  "active": "Home",
  "available": [
    {
      "id": "Support",
      "active": false
    },
    {
      "id": "Introduction",
      "active": false
    },
    {
      "id": "Home",
      "active": true
    }
  ]
}
[2026-06-01T15:21:15.463Z] [Router:MainRoute] currentPage getter {
  "result": "Home",
  "history": []
}
[2026-06-01T15:21:15.463Z] [Router:MainRoute] current() {
  "active": "Home",
  "available": [
    {
      "id": "Support",
      "active": false
    },
    {
      "id": "Introduction",
      "active": false
    },
    {
      "id": "Home",
      "active": true
    }
  ]
}
[2026-06-01T15:21:15.493Z] [Router:MainRoute] currentPage getter {
  "result": "Home",
  "history": []
}
[2026-06-01T15:21:15.494Z] [Router:MainRoute] current() {
  "active": "Home",
  "available": [
    {
      "id": "Support",
      "active": false
    },
    {
      "id": "Introduction",
      "active": false
    },
    {
      "id": "Home",
      "active": true
    }
  ]
}
[2026-06-01T15:21:15.523Z] [Router:MainRoute] currentPage getter {
  "result": "Home",
  "history": []
}
[2026-06-01T15:21:15.523Z] [Router:MainRoute] current() {
  "active": "Home",
  "available": [
    {
      "id": "Support",
      "active": false
    },
    {
      "id": "Introduction",
      "active": false
    },
    {
      "id": "Home",
      "active": true
    }
  ]
}
[2026-06-01T15:21:15.553Z] [Router:MainRoute] currentPage getter {
  "result": "Home",
  "history": []
}
[2026-06-01T15:21:15.554Z] [Router:MainRoute] current() {
  "active": "Home",
  "available": [
    {
      "id": "Support",
      "active": false
    },
    {
      "id": "Introduction",
      "active": false
    },
    {
      "id": "Home",
      "active": true
    }
  ]
}
[2026-06-01T15:21:15.586Z] [Router:MainRoute] currentPage getter {
  "result": "Home",
  "history": []
}
[2026-06-01T15:21:15.586Z] [Router:MainRoute] current() {
  "active": "Home",
  "available": [
    {
      "id": "Support",
      "active": false
    },
    {
      "id": "Introduction",
      "active": false
    },
    {
      "id": "Home",
      "active": true
    }
  ]
}
[2026-06-01T15:21:15.618Z] [Router:MainRoute] currentPage getter {
  "result": "Home",
  "history": []
}
[2026-06-01T15:21:15.619Z] [Router:MainRoute] current() {
  "active": "Home",
  "available": [
    {
      "id": "Support",
      "active": false
    },
    {
      "id": "Introduction",
      "active": false
    },
    {
      "id": "Home",
      "active": true
    }
  ]
}
[2026-06-01T15:21:15.660Z] [Router:MainRoute] currentPage getter {
  "result": "Home",
  "history": []
}
[2026-06-01T15:21:15.660Z] [Router:MainRoute] current() {
  "active": "Home",
  "available": [
    {
      "id": "Support",
      "active": false
    },
    {
      "id": "Introduction",
      "active": false
    },
    {
      "id": "Home",
      "active": true
    }
  ]
}
[2026-06-01T15:21:15.691Z] [Router:MainRoute] currentPage getter {
  "result": "Home",
  "history": []
}
[2026-06-01T15:21:15.692Z] [Router:MainRoute] current() {
  "active": "Home",
  "available": [
    {
      "id": "Support",
      "active": false
    },
    {
      "id": "Introduction",
      "active": false
    },
    {
      "id": "Home",
      "active": true
    }
  ]
}
[2026-06-01T15:21:15.725Z] [Router:MainRoute] currentPage getter {
  "result": "Home",
  "history": []
}
[2026-06-01T15:21:15.725Z] [Router:MainRoute] current() {
  "active": "Home",
  "available": [
    {
      "id": "Support",
      "active": false
    },
    {
      "id": "Introduction",
      "active": false
    },
    {
      "id": "Home",
      "active": true
    }
  ]
}
[2026-06-01T15:21:15.753Z] [Router:MainRoute] currentPage getter {
  "result": "Home",
  "history": []
}
[2026-06-01T15:21:15.754Z] [Router:MainRoute] current() {
  "active": "Home",
  "available": [
    {
      "id": "Support",
      "active": false
    },
    {
      "id": "Introduction",
      "active": false
    },
    {
      "id": "Home",
      "active": true
    }
  ]
}
[2026-06-01T15:21:15.787Z] [Router:MainRoute] currentPage getter {
  "result": "Home",
  "history": []
}
[2026-06-01T15:21:15.787Z] [Router:MainRoute] current() {
  "active": "Home",
  "available": [
    {
      "id": "Support",
      "active": false
    },
    {
      "id": "Introduction",
      "active": false
    },
    {
      "id": "Home",
      "active": true
    }
  ]
}
[2026-06-01T15:21:24.098Z] [Router:MainRoute] currentPage getter {
  "result": "Home",
  "history": []
}
[2026-06-01T15:21:24.098Z] [Router:MainRoute] current() {
  "active": "Home",
  "available": [
    {
      "id": "Support",
      "active": false
    },
    {
      "id": "Introduction",
      "active": false
    },
    {
      "id": "Home",
      "active": true
    }
  ]
}
[2026-06-01T15:21:24.604Z] [Router:MainRoute] currentPage getter {
  "result": "Home",
  "history": []
}
[2026-06-01T15:21:24.605Z] [Router:MainRoute] current() {
  "active": "Home",
  "available": [
    {
      "id": "Support",
      "active": false
    },
    {
      "id": "Introduction",
      "active": false
    },
    {
      "id": "Home",
      "active": true
    }
  ]
}
[2026-06-01T15:21:24.638Z] [Router:MainRoute] currentPage getter {
  "result": "Home",
  "history": []
}
[2026-06-01T15:21:24.638Z] [Router:MainRoute] current() {
  "active": "Home",
  "available": [
    {
      "id": "Support",
      "active": false
    },
    {
      "id": "Introduction",
      "active": false
    },
    {
      "id": "Home",
      "active": true
    }
  ]
}
[2026-06-01T15:21:24.654Z] [Router:MainRoute] currentPage getter {
  "result": "Home",
  "history": []
}
[2026-06-01T15:21:24.654Z] [Router:MainRoute] current() {
  "active": "Home",
  "available": [
    {
      "id": "Support",
      "active": false
    },
    {
      "id": "Introduction",
      "active": false
    },
    {
      "id": "Home",
      "active": true
    }
  ]
}
[2026-06-01T15:21:24.686Z] [Router:MainRoute] currentPage getter {
  "result": "Home",
  "history": []
}
[2026-06-01T15:21:24.687Z] [Router:MainRoute] current() {
  "active": "Home",
  "available": [
    {
      "id": "Support",
      "active": false
    },
    {
      "id": "Introduction",
      "active": false
    },
    {
      "id": "Home",
      "active": true
    }
  ]
}
[2026-06-01T15:21:24.744Z] [Router:MainRoute] currentPage getter {
  "result": "Home",
  "history": []
}
[2026-06-01T15:21:24.745Z] [Router:MainRoute] current() {
  "active": "Home",
  "available": [
    {
      "id": "Support",
      "active": false
    },
    {
      "id": "Introduction",
      "active": false
    },
    {
      "id": "Home",
      "active": true
    }
  ]
}
[2026-06-01T15:21:24.779Z] [Router:MainRoute] currentPage getter {
  "result": "Home",
  "history": []
}
[2026-06-01T15:21:24.779Z] [Router:MainRoute] current() {
  "active": "Home",
  "available": [
    {
      "id": "Support",
      "active": false
    },
    {
      "id": "Introduction",
      "active": false
    },
    {
      "id": "Home",
      "active": true
    }
  ]
}
[2026-06-01T15:21:24.809Z] [Router:MainRoute] currentPage getter {
  "result": "Home",
  "history": []
}
[2026-06-01T15:21:24.810Z] [Router:MainRoute] current() {
  "active": "Home",
  "available": [
    {
      "id": "Support",
      "active": false
    },
    {
      "id": "Introduction",
      "active": false
    },
    {
      "id": "Home",
      "active": true
    }
  ]
}
[2026-06-01T15:21:24.841Z] [Router:MainRoute] currentPage getter {
  "result": "Home",
  "history": []
}
[2026-06-01T15:21:24.841Z] [Router:MainRoute] current() {
  "active": "Home",
  "available": [
    {
      "id": "Support",
      "active": false
    },
    {
      "id": "Introduction",
      "active": false
    },
    {
      "id": "Home",
      "active": true
    }
  ]
}
[2026-06-01T15:21:24.872Z] [Router:MainRoute] currentPage getter {
  "result": "Home",
  "history": []
}
[2026-06-01T15:21:24.872Z] [Router:MainRoute] current() {
  "active": "Home",
  "available": [
    {
      "id": "Support",
      "active": false
    },
    {
      "id": "Introduction",
      "active": false
    },
    {
      "id": "Home",
      "active": true
    }
  ]
}
[2026-06-01T15:21:24.900Z] [Router:MainRoute] currentPage getter {
  "result": "Home",
  "history": []
}
[2026-06-01T15:21:24.905Z] [Router:MainRoute] current() {
  "active": "Home",
  "available": [
    {
      "id": "Support",
      "active": false
    },
    {
      "id": "Introduction",
      "active": false
    },
    {
      "id": "Home",
      "active": true
    }
  ]
}
[2026-06-01T15:21:24.934Z] [Router:MainRoute] currentPage getter {
  "result": "Home",
  "history": []
}
[2026-06-01T15:21:24.935Z] [Router:MainRoute] current() {
  "active": "Home",
  "available": [
    {
      "id": "Support",
      "active": false
    },
    {
      "id": "Introduction",
      "active": false
    },
    {
      "id": "Home",
      "active": true
    }
  ]
}
[2026-06-01T15:21:24.967Z] [Router:MainRoute] currentPage getter {
  "result": "Home",
  "history": []
}
[2026-06-01T15:21:24.968Z] [Router:MainRoute] current() {
  "active": "Home",
  "available": [
    {
      "id": "Support",
      "active": false
    },
    {
      "id": "Introduction",
      "active": false
    },
    {
      "id": "Home",
      "active": true
    }
  ]
}
[2026-06-01T15:21:25.006Z] [Router:MainRoute] currentPage getter {
  "result": "Home",
  "history": []
}
[2026-06-01T15:21:25.007Z] [Router:MainRoute] current() {
  "active": "Home",
  "available": [
    {
      "id": "Support",
      "active": false
    },
    {
      "id": "Introduction",
      "active": false
    },
    {
      "id": "Home",
      "active": true
    }
  ]
}
[2026-06-01T15:21:25.039Z] [Router:MainRoute] currentPage getter {
  "result": "Home",
  "history": []
}
[2026-06-01T15:21:25.039Z] [Router:MainRoute] current() {
  "active": "Home",
  "available": [
    {
      "id": "Support",
      "active": false
    },
    {
      "id": "Introduction",
      "active": false
    },
    {
      "id": "Home",
      "active": true
    }
  ]
}
[2026-06-01T15:21:25.070Z] [Router:MainRoute] currentPage getter {
  "result": "Home",
  "history": []
}
[2026-06-01T15:21:25.070Z] [Router:MainRoute] current() {
  "active": "Home",
  "available": [
    {
      "id": "Support",
      "active": false
    },
    {
      "id": "Introduction",
      "active": false
    },
    {
      "id": "Home",
      "active": true
    }
  ]
}
[2026-06-01T15:21:25.104Z] [Router:MainRoute] currentPage getter {
  "result": "Home",
  "history": []
}
[2026-06-01T15:21:25.104Z] [Router:MainRoute] current() {
  "active": "Home",
  "available": [
    {
      "id": "Support",
      "active": false
    },
    {
      "id": "Introduction",
      "active": false
    },
    {
      "id": "Home",
      "active": true
    }
  ]
}
[2026-06-01T15:21:25.121Z] [Router:MainRoute] currentPage getter {
  "result": "Home",
  "history": []
}
[2026-06-01T15:21:25.121Z] [Router:MainRoute] current() {
  "active": "Home",
  "available": [
    {
      "id": "Support",
      "active": false
    },
    {
      "id": "Introduction",
      "active": false
    },
    {
      "id": "Home",
      "active": true
    }
  ]
}
[2026-06-01T15:21:25.163Z] [Router:MainRoute] currentPage getter {
  "result": "Home",
  "history": []
}
[2026-06-01T15:21:25.164Z] [Router:MainRoute] current() {
  "active": "Home",
  "available": [
    {
      "id": "Support",
      "active": false
    },
    {
      "id": "Introduction",
      "active": false
    },
    {
      "id": "Home",
      "active": true
    }
  ]
}
[2026-06-01T15:21:25.197Z] [Router:MainRoute] currentPage getter {
  "result": "Home",
  "history": []
}
[2026-06-01T15:21:25.197Z] [Router:MainRoute] current() {
  "active": "Home",
  "available": [
    {
      "id": "Support",
      "active": false
    },
    {
      "id": "Introduction",
      "active": false
    },
    {
      "id": "Home",
      "active": true
    }
  ]
}
[2026-06-01T15:21:25.230Z] [Router:MainRoute] currentPage getter {
  "result": "Home",
  "history": []
}
[2026-06-01T15:21:25.230Z] [Router:MainRoute] current() {
  "active": "Home",
  "available": [
    {
      "id": "Support",
      "active": false
    },
    {
      "id": "Introduction",
      "active": false
    },
    {
      "id": "Home",
      "active": true
    }
  ]
}
[2026-06-01T15:21:25.273Z] [Router:MainRoute] currentPage getter {
  "result": "Home",
  "history": []
}
[2026-06-01T15:21:25.273Z] [Router:MainRoute] current() {
  "active": "Home",
  "available": [
    {
      "id": "Support",
      "active": false
    },
    {
      "id": "Introduction",
      "active": false
    },
    {
      "id": "Home",
      "active": true
    }
  ]
}
[2026-06-01T15:21:25.304Z] [Router:MainRoute] currentPage getter {
  "result": "Home",
  "history": []
}
[2026-06-01T15:21:25.305Z] [Router:MainRoute] current() {
  "active": "Home",
  "available": [
    {
      "id": "Support",
      "active": false
    },
    {
      "id": "Introduction",
      "active": false
    },
    {
      "id": "Home",
      "active": true
    }
  ]
}
[2026-06-01T15:21:25.334Z] [Router:MainRoute] currentPage getter {
  "result": "Home",
  "history": []
}
[2026-06-01T15:21:25.335Z] [Router:MainRoute] current() {
  "active": "Home",
  "available": [
    {
      "id": "Support",
      "active": false
    },
    {
      "id": "Introduction",
      "active": false
    },
    {
      "id": "Home",
      "active": true
    }
  ]
}
[2026-06-01T15:21:25.365Z] [Router:MainRoute] currentPage getter {
  "result": "Home",
  "history": []
}
[2026-06-01T15:21:25.365Z] [Router:MainRoute] current() {
  "active": "Home",
  "available": [
    {
      "id": "Support",
      "active": false
    },
    {
      "id": "Introduction",
      "active": false
    },
    {
      "id": "Home",
      "active": true
    }
  ]
}
[2026-06-01T15:21:25.397Z] [Router:MainRoute] currentPage getter {
  "result": "Home",
  "history": []
}
[2026-06-01T15:21:25.397Z] [Router:MainRoute] current() {
  "active": "Home",
  "available": [
    {
      "id": "Support",
      "active": false
    },
    {
      "id": "Introduction",
      "active": false
    },
    {
      "id": "Home",
      "active": true
    }
  ]
}
[2026-06-01T15:21:25.426Z] [Router:MainRoute] currentPage getter {
  "result": "Home",
  "history": []
}
[2026-06-01T15:21:25.426Z] [Router:MainRoute] current() {
  "active": "Home",
  "available": [
    {
      "id": "Support",
      "active": false
    },
    {
      "id": "Introduction",
      "active": false
    },
    {
      "id": "Home",
      "active": true
    }
  ]
}
[2026-06-01T15:21:25.886Z] [Router:MainRoute] constructor {
  "routerId": "MainRoute",
  "config": {
    "saveOrder": true
  }
}
[2026-06-01T15:21:25.886Z] [Router:MainRoute] create() called [
  "Support",
  "Introduction",
  "Home"
]
[2026-06-01T15:21:25.886Z] [Router:MainRoute] loading component Support
[2026-06-01T15:21:25.886Z] [Router:MainRoute] loading component Introduction
[2026-06-01T15:21:25.887Z] [Router:MainRoute] loading component Home
[2026-06-01T15:21:25.890Z] [Router:MainRoute] component resolved Support
[2026-06-01T15:21:25.890Z] [Router:MainRoute] create.update() error {
  "code": "ZRUI_INVALID_STATE",
  "message": "update: lifecycle operation already in flight"
}
[2026-06-01T15:21:25.890Z] [Router:MainRoute] component resolved Introduction
[2026-06-01T15:21:25.891Z] [Router:MainRoute] create.update() error {
  "code": "ZRUI_INVALID_STATE",
  "message": "update: lifecycle operation already in flight"
}
[2026-06-01T15:21:25.896Z] [Router:MainRoute] component resolved Home
[2026-06-01T15:21:25.896Z] [Router:MainRoute] create.update() error {
  "code": "ZRUI_INVALID_STATE",
  "message": "update: lifecycle operation already in flight"
}
[2026-06-01T15:21:25.906Z] [Router:MainRoute] create.update() error {
  "code": "ZRUI_INVALID_STATE",
  "message": "update: lifecycle operation already in flight"
}
[2026-06-01T15:21:25.906Z] [Router:MainRoute] create.update() error {
  "code": "ZRUI_INVALID_STATE",
  "message": "update: lifecycle operation already in flight"
}
[2026-06-01T15:21:25.917Z] [Router:MainRoute] create.update() error {
  "code": "ZRUI_INVALID_STATE",
  "message": "update: lifecycle operation already in flight"
}
[2026-06-01T15:21:25.917Z] [Router:MainRoute] create.update() error {
  "code": "ZRUI_INVALID_STATE",
  "message": "update: lifecycle operation already in flight"
}
[2026-06-01T15:21:25.918Z] [Router:MainRoute] create.update() error {
  "code": "ZRUI_INVALID_STATE",
  "message": "update: lifecycle operation already in flight"
}
[2026-06-01T15:21:25.937Z] [Router:MainRoute] create.update() error {
  "code": "ZRUI_INVALID_STATE",
  "message": "update: lifecycle operation already in flight"
}
[2026-06-01T15:21:25.938Z] [Router:MainRoute] create.update() error {
  "code": "ZRUI_INVALID_STATE",
  "message": "update: lifecycle operation already in flight"
}
[2026-06-01T15:21:25.938Z] [Router:MainRoute] create.update() error {
  "code": "ZRUI_INVALID_STATE",
  "message": "update: lifecycle operation already in flight"
}
[2026-06-01T15:21:25.953Z] [Router:MainRoute] create.update() error {
  "code": "ZRUI_INVALID_STATE",
  "message": "update: lifecycle operation already in flight"
}
[2026-06-01T15:21:25.954Z] [Router:MainRoute] create.update() error {
  "code": "ZRUI_INVALID_STATE",
  "message": "update: lifecycle operation already in flight"
}
[2026-06-01T15:21:25.954Z] [Router:MainRoute] create.update() error {
  "code": "ZRUI_INVALID_STATE",
  "message": "update: lifecycle operation already in flight"
}
[2026-06-01T15:21:25.961Z] [Router:MainRoute] current() -> no routerBundles 
[2026-06-01T15:21:25.986Z] [Router:MainRoute] create.update() before {
  "dataId": "Home",
  "bundleKeys": [],
  "routeBucketKeys": []
}
[2026-06-01T15:21:25.986Z] [Router:MainRoute] create.update() after {
  "dataId": "Home",
  "routeBucketKeys": [
    "Home"
  ]
}
[2026-06-01T15:21:25.987Z] [Router:MainRoute] debugBundles [
  {
    "id": "Home",
    "active": true
  }
]
[2026-06-01T15:21:25.987Z] [Router:MainRoute] current() {
  "active": "Home",
  "available": [
    {
      "id": "Home",
      "active": true
    }
  ]
}
[2026-06-01T15:21:25.997Z] [Router:MainRoute] create.update() before {
  "dataId": "Support",
  "bundleKeys": [
    "MainRoute"
  ],
  "routeBucketKeys": [
    "Home"
  ]
}
[2026-06-01T15:21:25.998Z] [Router:MainRoute] create.update() after {
  "dataId": "Support",
  "routeBucketKeys": [
    "Home",
    "Support"
  ]
}
[2026-06-01T15:21:25.998Z] [Router:MainRoute] debugBundles [
  {
    "id": "Home",
    "active": true
  },
  {
    "id": "Support",
    "active": false
  }
]
[2026-06-01T15:21:25.998Z] [Router:MainRoute] current() {
  "active": "Home",
  "available": [
    {
      "id": "Home",
      "active": true
    },
    {
      "id": "Support",
      "active": false
    }
  ]
}
[2026-06-01T15:21:26.003Z] [Router:MainRoute] create.update() before {
  "dataId": "Introduction",
  "bundleKeys": [
    "MainRoute"
  ],
  "routeBucketKeys": [
    "Home",
    "Support"
  ]
}
[2026-06-01T15:21:26.003Z] [Router:MainRoute] create.update() after {
  "dataId": "Introduction",
  "routeBucketKeys": [
    "Home",
    "Support",
    "Introduction"
  ]
}
[2026-06-01T15:21:26.004Z] [Router:MainRoute] debugBundles [
  {
    "id": "Home",
    "active": true
  },
  {
    "id": "Support",
    "active": false
  },
  {
    "id": "Introduction",
    "active": false
  }
]
[2026-06-01T15:21:26.006Z] [Router:MainRoute] current() {
  "active": "Home",
  "available": [
    {
      "id": "Home",
      "active": true
    },
    {
      "id": "Support",
      "active": false
    },
    {
      "id": "Introduction",
      "active": false
    }
  ]
}
[2026-06-01T15:21:27.532Z] [Router:MainRoute] order getter initialized history []
[2026-06-01T15:21:27.532Z] [Router:MainRoute] currentPage getter {
  "result": "Home",
  "history": []
}
[2026-06-01T15:21:27.533Z] [Router:MainRoute] current() {
  "active": "Home",
  "available": [
    {
      "id": "Home",
      "active": true
    },
    {
      "id": "Support",
      "active": false
    },
    {
      "id": "Introduction",
      "active": false
    }
  ]
}
[2026-06-01T15:21:27.547Z] [Router:MainRoute] current() {
  "active": "Home",
  "available": [
    {
      "id": "Home",
      "active": true
    },
    {
      "id": "Support",
      "active": false
    },
    {
      "id": "Introduction",
      "active": false
    }
  ]
}
[2026-06-01T15:21:27.555Z] [Router:MainRoute] currentPage getter {
  "result": "Home",
  "history": []
}
[2026-06-01T15:21:27.624Z] [Router:MainRoute] currentPage getter {
  "result": "Home",
  "history": []
}
[2026-06-01T15:21:28.074Z] [Router:MainRoute] current() {
  "active": "Home",
  "available": [
    {
      "id": "Home",
      "active": true
    },
    {
      "id": "Support",
      "active": false
    },
    {
      "id": "Introduction",
      "active": false
    }
  ]
}
[2026-06-01T15:21:28.474Z] [Router:MainRoute] currentPage getter {
  "result": "Home",
  "history": []
}
[2026-06-01T15:21:28.475Z] [Router:MainRoute] current() {
  "active": "Home",
  "available": [
    {
      "id": "Home",
      "active": true
    },
    {
      "id": "Support",
      "active": false
    },
    {
      "id": "Introduction",
      "active": false
    }
  ]
}
[2026-06-01T15:21:28.983Z] [Router:MainRoute] currentPage getter {
  "result": "Home",
  "history": []
}
[2026-06-01T15:21:28.983Z] [Router:MainRoute] current() {
  "active": "Home",
  "available": [
    {
      "id": "Home",
      "active": true
    },
    {
      "id": "Support",
      "active": false
    },
    {
      "id": "Introduction",
      "active": false
    }
  ]
}
[2026-06-01T15:21:29.016Z] [Router:MainRoute] currentPage getter {
  "result": "Home",
  "history": []
}
[2026-06-01T15:21:29.016Z] [Router:MainRoute] current() {
  "active": "Home",
  "available": [
    {
      "id": "Home",
      "active": true
    },
    {
      "id": "Support",
      "active": false
    },
    {
      "id": "Introduction",
      "active": false
    }
  ]
}
[2026-06-01T15:21:29.045Z] [Router:MainRoute] currentPage getter {
  "result": "Home",
  "history": []
}
[2026-06-01T15:21:29.046Z] [Router:MainRoute] current() {
  "active": "Home",
  "available": [
    {
      "id": "Home",
      "active": true
    },
    {
      "id": "Support",
      "active": false
    },
    {
      "id": "Introduction",
      "active": false
    }
  ]
}
[2026-06-01T15:21:29.077Z] [Router:MainRoute] currentPage getter {
  "result": "Home",
  "history": []
}
[2026-06-01T15:21:29.077Z] [Router:MainRoute] current() {
  "active": "Home",
  "available": [
    {
      "id": "Home",
      "active": true
    },
    {
      "id": "Support",
      "active": false
    },
    {
      "id": "Introduction",
      "active": false
    }
  ]
}
[2026-06-01T15:21:29.109Z] [Router:MainRoute] currentPage getter {
  "result": "Home",
  "history": []
}
[2026-06-01T15:21:29.109Z] [Router:MainRoute] current() {
  "active": "Home",
  "available": [
    {
      "id": "Home",
      "active": true
    },
    {
      "id": "Support",
      "active": false
    },
    {
      "id": "Introduction",
      "active": false
    }
  ]
}
[2026-06-01T15:21:29.151Z] [Router:MainRoute] currentPage getter {
  "result": "Home",
  "history": []
}
[2026-06-01T15:21:29.151Z] [Router:MainRoute] current() {
  "active": "Home",
  "available": [
    {
      "id": "Home",
      "active": true
    },
    {
      "id": "Support",
      "active": false
    },
    {
      "id": "Introduction",
      "active": false
    }
  ]
}
[2026-06-01T15:21:29.185Z] [Router:MainRoute] currentPage getter {
  "result": "Home",
  "history": []
}
[2026-06-01T15:21:29.185Z] [Router:MainRoute] current() {
  "active": "Home",
  "available": [
    {
      "id": "Home",
      "active": true
    },
    {
      "id": "Support",
      "active": false
    },
    {
      "id": "Introduction",
      "active": false
    }
  ]
}
[2026-06-01T15:21:29.202Z] [Router:MainRoute] currentPage getter {
  "result": "Home",
  "history": []
}
[2026-06-01T15:21:29.203Z] [Router:MainRoute] current() {
  "active": "Home",
  "available": [
    {
      "id": "Home",
      "active": true
    },
    {
      "id": "Support",
      "active": false
    },
    {
      "id": "Introduction",
      "active": false
    }
  ]
}
[2026-06-01T15:21:29.234Z] [Router:MainRoute] currentPage getter {
  "result": "Home",
  "history": []
}
[2026-06-01T15:21:29.234Z] [Router:MainRoute] current() {
  "active": "Home",
  "available": [
    {
      "id": "Home",
      "active": true
    },
    {
      "id": "Support",
      "active": false
    },
    {
      "id": "Introduction",
      "active": false
    }
  ]
}
[2026-06-01T15:21:29.275Z] [Router:MainRoute] currentPage getter {
  "result": "Home",
  "history": []
}
[2026-06-01T15:21:29.276Z] [Router:MainRoute] current() {
  "active": "Home",
  "available": [
    {
      "id": "Home",
      "active": true
    },
    {
      "id": "Support",
      "active": false
    },
    {
      "id": "Introduction",
      "active": false
    }
  ]
}
[2026-06-01T15:21:29.298Z] [Router:MainRoute] currentPage getter {
  "result": "Home",
  "history": []
}
[2026-06-01T15:21:29.298Z] [Router:MainRoute] current() {
  "active": "Home",
  "available": [
    {
      "id": "Home",
      "active": true
    },
    {
      "id": "Support",
      "active": false
    },
    {
      "id": "Introduction",
      "active": false
    }
  ]
}
[2026-06-01T15:21:29.340Z] [Router:MainRoute] currentPage getter {
  "result": "Home",
  "history": []
}
[2026-06-01T15:21:29.341Z] [Router:MainRoute] current() {
  "active": "Home",
  "available": [
    {
      "id": "Home",
      "active": true
    },
    {
      "id": "Support",
      "active": false
    },
    {
      "id": "Introduction",
      "active": false
    }
  ]
}
[2026-06-01T15:21:29.385Z] [Router:MainRoute] currentPage getter {
  "result": "Home",
  "history": []
}
[2026-06-01T15:21:29.385Z] [Router:MainRoute] current() {
  "active": "Home",
  "available": [
    {
      "id": "Home",
      "active": true
    },
    {
      "id": "Support",
      "active": false
    },
    {
      "id": "Introduction",
      "active": false
    }
  ]
}
[2026-06-01T15:21:29.418Z] [Router:MainRoute] currentPage getter {
  "result": "Home",
  "history": []
}
[2026-06-01T15:21:29.418Z] [Router:MainRoute] current() {
  "active": "Home",
  "available": [
    {
      "id": "Home",
      "active": true
    },
    {
      "id": "Support",
      "active": false
    },
    {
      "id": "Introduction",
      "active": false
    }
  ]
}
[2026-06-01T15:21:29.447Z] [Router:MainRoute] currentPage getter {
  "result": "Home",
  "history": []
}
[2026-06-01T15:21:29.447Z] [Router:MainRoute] current() {
  "active": "Home",
  "available": [
    {
      "id": "Home",
      "active": true
    },
    {
      "id": "Support",
      "active": false
    },
    {
      "id": "Introduction",
      "active": false
    }
  ]
}
[2026-06-01T15:21:31.959Z] [Router:MainRoute] currentPage getter {
  "result": "Home",
  "history": []
}
[2026-06-01T15:21:31.960Z] [Router:MainRoute] current() {
  "active": "Home",
  "available": [
    {
      "id": "Home",
      "active": true
    },
    {
      "id": "Support",
      "active": false
    },
    {
      "id": "Introduction",
      "active": false
    }
  ]
}
[2026-06-01T15:21:32.480Z] [Router:MainRoute] currentPage getter {
  "result": "Home",
  "history": []
}
[2026-06-01T15:21:32.480Z] [Router:MainRoute] current() {
  "active": "Home",
  "available": [
    {
      "id": "Home",
      "active": true
    },
    {
      "id": "Support",
      "active": false
    },
    {
      "id": "Introduction",
      "active": false
    }
  ]
}
[2026-06-01T15:21:32.513Z] [Router:MainRoute] currentPage getter {
  "result": "Home",
  "history": []
}
[2026-06-01T15:21:32.513Z] [Router:MainRoute] current() {
  "active": "Home",
  "available": [
    {
      "id": "Home",
      "active": true
    },
    {
      "id": "Support",
      "active": false
    },
    {
      "id": "Introduction",
      "active": false
    }
  ]
}
[2026-06-01T15:21:32.545Z] [Router:MainRoute] currentPage getter {
  "result": "Home",
  "history": []
}
[2026-06-01T15:21:32.546Z] [Router:MainRoute] current() {
  "active": "Home",
  "available": [
    {
      "id": "Home",
      "active": true
    },
    {
      "id": "Support",
      "active": false
    },
    {
      "id": "Introduction",
      "active": false
    }
  ]
}
[2026-06-01T15:21:32.576Z] [Router:MainRoute] currentPage getter {
  "result": "Home",
  "history": []
}
[2026-06-01T15:21:32.577Z] [Router:MainRoute] current() {
  "active": "Home",
  "available": [
    {
      "id": "Home",
      "active": true
    },
    {
      "id": "Support",
      "active": false
    },
    {
      "id": "Introduction",
      "active": false
    }
  ]
}
[2026-06-01T15:21:32.609Z] [Router:MainRoute] currentPage getter {
  "result": "Home",
  "history": []
}
[2026-06-01T15:21:32.609Z] [Router:MainRoute] current() {
  "active": "Home",
  "available": [
    {
      "id": "Home",
      "active": true
    },
    {
      "id": "Support",
      "active": false
    },
    {
      "id": "Introduction",
      "active": false
    }
  ]
}
[2026-06-01T15:21:32.635Z] [Router:MainRoute] currentPage getter {
  "result": "Home",
  "history": []
}
[2026-06-01T15:21:32.636Z] [Router:MainRoute] current() {
  "active": "Home",
  "available": [
    {
      "id": "Home",
      "active": true
    },
    {
      "id": "Support",
      "active": false
    },
    {
      "id": "Introduction",
      "active": false
    }
  ]
}
[2026-06-01T15:21:32.668Z] [Router:MainRoute] currentPage getter {
  "result": "Home",
  "history": []
}
[2026-06-01T15:21:32.668Z] [Router:MainRoute] current() {
  "active": "Home",
  "available": [
    {
      "id": "Home",
      "active": true
    },
    {
      "id": "Support",
      "active": false
    },
    {
      "id": "Introduction",
      "active": false
    }
  ]
}
[2026-06-01T15:21:32.697Z] [Router:MainRoute] currentPage getter {
  "result": "Home",
  "history": []
}
[2026-06-01T15:21:32.698Z] [Router:MainRoute] current() {
  "active": "Home",
  "available": [
    {
      "id": "Home",
      "active": true
    },
    {
      "id": "Support",
      "active": false
    },
    {
      "id": "Introduction",
      "active": false
    }
  ]
}
[2026-06-01T15:21:32.746Z] [Router:MainRoute] currentPage getter {
  "result": "Home",
  "history": []
}
[2026-06-01T15:21:32.747Z] [Router:MainRoute] current() {
  "active": "Home",
  "available": [
    {
      "id": "Home",
      "active": true
    },
    {
      "id": "Support",
      "active": false
    },
    {
      "id": "Introduction",
      "active": false
    }
  ]
}
[2026-06-01T15:21:32.915Z] [Router:MainRoute] currentPage getter {
  "result": "Home",
  "history": []
}
[2026-06-01T15:21:32.915Z] [Router:MainRoute] current() {
  "active": "Home",
  "available": [
    {
      "id": "Home",
      "active": true
    },
    {
      "id": "Support",
      "active": false
    },
    {
      "id": "Introduction",
      "active": false
    }
  ]
}
[2026-06-01T15:21:33.438Z] [Router:MainRoute] currentPage getter {
  "result": "Home",
  "history": []
}
[2026-06-01T15:21:33.438Z] [Router:MainRoute] current() {
  "active": "Home",
  "available": [
    {
      "id": "Home",
      "active": true
    },
    {
      "id": "Support",
      "active": false
    },
    {
      "id": "Introduction",
      "active": false
    }
  ]
}
[2026-06-01T15:21:33.471Z] [Router:MainRoute] currentPage getter {
  "result": "Home",
  "history": []
}
[2026-06-01T15:21:33.472Z] [Router:MainRoute] current() {
  "active": "Home",
  "available": [
    {
      "id": "Home",
      "active": true
    },
    {
      "id": "Support",
      "active": false
    },
    {
      "id": "Introduction",
      "active": false
    }
  ]
}
[2026-06-01T15:21:33.504Z] [Router:MainRoute] currentPage getter {
  "result": "Home",
  "history": []
}
[2026-06-01T15:21:33.504Z] [Router:MainRoute] current() {
  "active": "Home",
  "available": [
    {
      "id": "Home",
      "active": true
    },
    {
      "id": "Support",
      "active": false
    },
    {
      "id": "Introduction",
      "active": false
    }
  ]
}
[2026-06-01T15:21:33.534Z] [Router:MainRoute] currentPage getter {
  "result": "Home",
  "history": []
}
[2026-06-01T15:21:33.535Z] [Router:MainRoute] current() {
  "active": "Home",
  "available": [
    {
      "id": "Home",
      "active": true
    },
    {
      "id": "Support",
      "active": false
    },
    {
      "id": "Introduction",
      "active": false
    }
  ]
}
[2026-06-01T15:21:33.551Z] [Router:MainRoute] currentPage getter {
  "result": "Home",
  "history": []
}
[2026-06-01T15:21:33.551Z] [Router:MainRoute] current() {
  "active": "Home",
  "available": [
    {
      "id": "Home",
      "active": true
    },
    {
      "id": "Support",
      "active": false
    },
    {
      "id": "Introduction",
      "active": false
    }
  ]
}
[2026-06-01T15:21:33.583Z] [Router:MainRoute] currentPage getter {
  "result": "Home",
  "history": []
}
[2026-06-01T15:21:33.583Z] [Router:MainRoute] current() {
  "active": "Home",
  "available": [
    {
      "id": "Home",
      "active": true
    },
    {
      "id": "Support",
      "active": false
    },
    {
      "id": "Introduction",
      "active": false
    }
  ]
}
[2026-06-01T15:21:33.627Z] [Router:MainRoute] currentPage getter {
  "result": "Home",
  "history": []
}
[2026-06-01T15:21:33.627Z] [Router:MainRoute] current() {
  "active": "Home",
  "available": [
    {
      "id": "Home",
      "active": true
    },
    {
      "id": "Support",
      "active": false
    },
    {
      "id": "Introduction",
      "active": false
    }
  ]
}
[2026-06-01T15:21:33.673Z] [Router:MainRoute] currentPage getter {
  "result": "Home",
  "history": []
}
[2026-06-01T15:21:33.673Z] [Router:MainRoute] current() {
  "active": "Home",
  "available": [
    {
      "id": "Home",
      "active": true
    },
    {
      "id": "Support",
      "active": false
    },
    {
      "id": "Introduction",
      "active": false
    }
  ]
}
[2026-06-01T15:21:33.705Z] [Router:MainRoute] currentPage getter {
  "result": "Home",
  "history": []
}
[2026-06-01T15:21:33.705Z] [Router:MainRoute] current() {
  "active": "Home",
  "available": [
    {
      "id": "Home",
      "active": true
    },
    {
      "id": "Support",
      "active": false
    },
    {
      "id": "Introduction",
      "active": false
    }
  ]
}
[2026-06-01T15:21:33.737Z] [Router:MainRoute] currentPage getter {
  "result": "Home",
  "history": []
}
[2026-06-01T15:21:33.738Z] [Router:MainRoute] current() {
  "active": "Home",
  "available": [
    {
      "id": "Home",
      "active": true
    },
    {
      "id": "Support",
      "active": false
    },
    {
      "id": "Introduction",
      "active": false
    }
  ]
}
[2026-06-01T15:21:33.768Z] [Router:MainRoute] currentPage getter {
  "result": "Home",
  "history": []
}
[2026-06-01T15:21:33.769Z] [Router:MainRoute] current() {
  "active": "Home",
  "available": [
    {
      "id": "Home",
      "active": true
    },
    {
      "id": "Support",
      "active": false
    },
    {
      "id": "Introduction",
      "active": false
    }
  ]
}
[2026-06-01T15:21:33.800Z] [Router:MainRoute] currentPage getter {
  "result": "Home",
  "history": []
}
[2026-06-01T15:21:33.801Z] [Router:MainRoute] current() {
  "active": "Home",
  "available": [
    {
      "id": "Home",
      "active": true
    },
    {
      "id": "Support",
      "active": false
    },
    {
      "id": "Introduction",
      "active": false
    }
  ]
}
[2026-06-01T15:21:33.832Z] [Router:MainRoute] currentPage getter {
  "result": "Home",
  "history": []
}
[2026-06-01T15:21:33.832Z] [Router:MainRoute] current() {
  "active": "Home",
  "available": [
    {
      "id": "Home",
      "active": true
    },
    {
      "id": "Support",
      "active": false
    },
    {
      "id": "Introduction",
      "active": false
    }
  ]
}
[2026-06-01T15:21:33.848Z] [Router:MainRoute] currentPage getter {
  "result": "Home",
  "history": []
}
[2026-06-01T15:21:33.849Z] [Router:MainRoute] current() {
  "active": "Home",
  "available": [
    {
      "id": "Home",
      "active": true
    },
    {
      "id": "Support",
      "active": false
    },
    {
      "id": "Introduction",
      "active": false
    }
  ]
}
[2026-06-01T15:21:33.879Z] [Router:MainRoute] currentPage getter {
  "result": "Home",
  "history": []
}
[2026-06-01T15:21:33.879Z] [Router:MainRoute] current() {
  "active": "Home",
  "available": [
    {
      "id": "Home",
      "active": true
    },
    {
      "id": "Support",
      "active": false
    },
    {
      "id": "Introduction",
      "active": false
    }
  ]
}
[2026-06-01T15:21:33.938Z] [Router:MainRoute] currentPage getter {
  "result": "Home",
  "history": []
}
[2026-06-01T15:21:33.938Z] [Router:MainRoute] current() {
  "active": "Home",
  "available": [
    {
      "id": "Home",
      "active": true
    },
    {
      "id": "Support",
      "active": false
    },
    {
      "id": "Introduction",
      "active": false
    }
  ]
}
[2026-06-01T15:21:33.972Z] [Router:MainRoute] currentPage getter {
  "result": "Home",
  "history": []
}
[2026-06-01T15:21:33.972Z] [Router:MainRoute] current() {
  "active": "Home",
  "available": [
    {
      "id": "Home",
      "active": true
    },
    {
      "id": "Support",
      "active": false
    },
    {
      "id": "Introduction",
      "active": false
    }
  ]
}
[2026-06-01T15:21:34.002Z] [Router:MainRoute] currentPage getter {
  "result": "Home",
  "history": []
}
[2026-06-01T15:21:34.002Z] [Router:MainRoute] current() {
  "active": "Home",
  "available": [
    {
      "id": "Home",
      "active": true
    },
    {
      "id": "Support",
      "active": false
    },
    {
      "id": "Introduction",
      "active": false
    }
  ]
}
[2026-06-01T15:21:34.034Z] [Router:MainRoute] currentPage getter {
  "result": "Home",
  "history": []
}
[2026-06-01T15:21:34.034Z] [Router:MainRoute] current() {
  "active": "Home",
  "available": [
    {
      "id": "Home",
      "active": true
    },
    {
      "id": "Support",
      "active": false
    },
    {
      "id": "Introduction",
      "active": false
    }
  ]
}
[2026-06-01T15:21:34.050Z] [Router:MainRoute] currentPage getter {
  "result": "Home",
  "history": []
}
[2026-06-01T15:21:34.050Z] [Router:MainRoute] current() {
  "active": "Home",
  "available": [
    {
      "id": "Home",
      "active": true
    },
    {
      "id": "Support",
      "active": false
    },
    {
      "id": "Introduction",
      "active": false
    }
  ]
}
[2026-06-01T15:21:34.084Z] [Router:MainRoute] currentPage getter {
  "result": "Home",
  "history": []
}
[2026-06-01T15:21:34.085Z] [Router:MainRoute] current() {
  "active": "Home",
  "available": [
    {
      "id": "Home",
      "active": true
    },
    {
      "id": "Support",
      "active": false
    },
    {
      "id": "Introduction",
      "active": false
    }
  ]
}
[2026-06-01T15:21:34.112Z] [Router:MainRoute] currentPage getter {
  "result": "Home",
  "history": []
}
[2026-06-01T15:21:34.112Z] [Router:MainRoute] current() {
  "active": "Home",
  "available": [
    {
      "id": "Home",
      "active": true
    },
    {
      "id": "Support",
      "active": false
    },
    {
      "id": "Introduction",
      "active": false
    }
  ]
}
[2026-06-01T15:21:34.143Z] [Router:MainRoute] currentPage getter {
  "result": "Home",
  "history": []
}
[2026-06-01T15:21:34.143Z] [Router:MainRoute] current() {
  "active": "Home",
  "available": [
    {
      "id": "Home",
      "active": true
    },
    {
      "id": "Support",
      "active": false
    },
    {
      "id": "Introduction",
      "active": false
    }
  ]
}
[2026-06-01T15:21:34.209Z] [Router:MainRoute] currentPage getter {
  "result": "Home",
  "history": []
}
[2026-06-01T15:21:34.209Z] [Router:MainRoute] current() {
  "active": "Home",
  "available": [
    {
      "id": "Home",
      "active": true
    },
    {
      "id": "Support",
      "active": false
    },
    {
      "id": "Introduction",
      "active": false
    }
  ]
}
[2026-06-01T15:21:34.235Z] [Router:MainRoute] currentPage getter {
  "result": "Home",
  "history": []
}
[2026-06-01T15:21:34.236Z] [Router:MainRoute] current() {
  "active": "Home",
  "available": [
    {
      "id": "Home",
      "active": true
    },
    {
      "id": "Support",
      "active": false
    },
    {
      "id": "Introduction",
      "active": false
    }
  ]
}
[2026-06-01T15:21:34.268Z] [Router:MainRoute] currentPage getter {
  "result": "Home",
  "history": []
}
[2026-06-01T15:21:34.268Z] [Router:MainRoute] current() {
  "active": "Home",
  "available": [
    {
      "id": "Home",
      "active": true
    },
    {
      "id": "Support",
      "active": false
    },
    {
      "id": "Introduction",
      "active": false
    }
  ]
}
[2026-06-01T15:21:34.299Z] [Router:MainRoute] currentPage getter {
  "result": "Home",
  "history": []
}
[2026-06-01T15:21:34.299Z] [Router:MainRoute] current() {
  "active": "Home",
  "available": [
    {
      "id": "Home",
      "active": true
    },
    {
      "id": "Support",
      "active": false
    },
    {
      "id": "Introduction",
      "active": false
    }
  ]
}
[2026-06-01T15:21:36.806Z] [Router:MainRoute] currentPage getter {
  "result": "Home",
  "history": []
}
[2026-06-01T15:21:36.806Z] [Router:MainRoute] current() {
  "active": "Home",
  "available": [
    {
      "id": "Home",
      "active": true
    },
    {
      "id": "Support",
      "active": false
    },
    {
      "id": "Introduction",
      "active": false
    }
  ]
}
[2026-06-01T15:21:37.312Z] [Router:MainRoute] currentPage getter {
  "result": "Home",
  "history": []
}
[2026-06-01T15:21:37.313Z] [Router:MainRoute] current() {
  "active": "Home",
  "available": [
    {
      "id": "Home",
      "active": true
    },
    {
      "id": "Support",
      "active": false
    },
    {
      "id": "Introduction",
      "active": false
    }
  ]
}
[2026-06-01T15:21:37.345Z] [Router:MainRoute] currentPage getter {
  "result": "Home",
  "history": []
}
[2026-06-01T15:21:37.346Z] [Router:MainRoute] current() {
  "active": "Home",
  "available": [
    {
      "id": "Home",
      "active": true
    },
    {
      "id": "Support",
      "active": false
    },
    {
      "id": "Introduction",
      "active": false
    }
  ]
}
[2026-06-01T15:21:37.390Z] [Router:MainRoute] currentPage getter {
  "result": "Home",
  "history": []
}
[2026-06-01T15:21:37.390Z] [Router:MainRoute] current() {
  "active": "Home",
  "available": [
    {
      "id": "Home",
      "active": true
    },
    {
      "id": "Support",
      "active": false
    },
    {
      "id": "Introduction",
      "active": false
    }
  ]
}
[2026-06-01T15:21:37.423Z] [Router:MainRoute] currentPage getter {
  "result": "Home",
  "history": []
}
[2026-06-01T15:21:37.423Z] [Router:MainRoute] current() {
  "active": "Home",
  "available": [
    {
      "id": "Home",
      "active": true
    },
    {
      "id": "Support",
      "active": false
    },
    {
      "id": "Introduction",
      "active": false
    }
  ]
}
[2026-06-01T15:21:37.453Z] [Router:MainRoute] currentPage getter {
  "result": "Home",
  "history": []
}
[2026-06-01T15:21:37.454Z] [Router:MainRoute] current() {
  "active": "Home",
  "available": [
    {
      "id": "Home",
      "active": true
    },
    {
      "id": "Support",
      "active": false
    },
    {
      "id": "Introduction",
      "active": false
    }
  ]
}
[2026-06-01T15:21:37.484Z] [Router:MainRoute] currentPage getter {
  "result": "Home",
  "history": []
}
[2026-06-01T15:21:37.484Z] [Router:MainRoute] current() {
  "active": "Home",
  "available": [
    {
      "id": "Home",
      "active": true
    },
    {
      "id": "Support",
      "active": false
    },
    {
      "id": "Introduction",
      "active": false
    }
  ]
}
[2026-06-01T15:21:37.515Z] [Router:MainRoute] currentPage getter {
  "result": "Home",
  "history": []
}
[2026-06-01T15:21:37.516Z] [Router:MainRoute] current() {
  "active": "Home",
  "available": [
    {
      "id": "Home",
      "active": true
    },
    {
      "id": "Support",
      "active": false
    },
    {
      "id": "Introduction",
      "active": false
    }
  ]
}
[2026-06-01T15:21:37.547Z] [Router:MainRoute] currentPage getter {
  "result": "Home",
  "history": []
}
[2026-06-01T15:21:37.548Z] [Router:MainRoute] current() {
  "active": "Home",
  "available": [
    {
      "id": "Home",
      "active": true
    },
    {
      "id": "Support",
      "active": false
    },
    {
      "id": "Introduction",
      "active": false
    }
  ]
}
[2026-06-01T15:21:37.578Z] [Router:MainRoute] currentPage getter {
  "result": "Home",
  "history": []
}
[2026-06-01T15:21:37.578Z] [Router:MainRoute] current() {
  "active": "Home",
  "available": [
    {
      "id": "Home",
      "active": true
    },
    {
      "id": "Support",
      "active": false
    },
    {
      "id": "Introduction",
      "active": false
    }
  ]
}
[2026-06-01T15:21:37.623Z] [Router:MainRoute] currentPage getter {
  "result": "Home",
  "history": []
}
[2026-06-01T15:21:37.623Z] [Router:MainRoute] current() {
  "active": "Home",
  "available": [
    {
      "id": "Home",
      "active": true
    },
    {
      "id": "Support",
      "active": false
    },
    {
      "id": "Introduction",
      "active": false
    }
  ]
}
[2026-06-01T15:21:37.656Z] [Router:MainRoute] currentPage getter {
  "result": "Home",
  "history": []
}
[2026-06-01T15:21:37.656Z] [Router:MainRoute] current() {
  "active": "Home",
  "available": [
    {
      "id": "Home",
      "active": true
    },
    {
      "id": "Support",
      "active": false
    },
    {
      "id": "Introduction",
      "active": false
    }
  ]
}
[2026-06-01T15:21:37.689Z] [Router:MainRoute] currentPage getter {
  "result": "Home",
  "history": []
}
[2026-06-01T15:21:37.689Z] [Router:MainRoute] current() {
  "active": "Home",
  "available": [
    {
      "id": "Home",
      "active": true
    },
    {
      "id": "Support",
      "active": false
    },
    {
      "id": "Introduction",
      "active": false
    }
  ]
}
[2026-06-01T15:21:37.719Z] [Router:MainRoute] currentPage getter {
  "result": "Home",
  "history": []
}
[2026-06-01T15:21:37.719Z] [Router:MainRoute] current() {
  "active": "Home",
  "available": [
    {
      "id": "Home",
      "active": true
    },
    {
      "id": "Support",
      "active": false
    },
    {
      "id": "Introduction",
      "active": false
    }
  ]
}
[2026-06-01T15:21:37.752Z] [Router:MainRoute] currentPage getter {
  "result": "Home",
  "history": []
}
[2026-06-01T15:21:37.752Z] [Router:MainRoute] current() {
  "active": "Home",
  "available": [
    {
      "id": "Home",
      "active": true
    },
    {
      "id": "Support",
      "active": false
    },
    {
      "id": "Introduction",
      "active": false
    }
  ]
}
[2026-06-01T15:21:37.780Z] [Router:MainRoute] currentPage getter {
  "result": "Home",
  "history": []
}
[2026-06-01T15:21:37.780Z] [Router:MainRoute] current() {
  "active": "Home",
  "available": [
    {
      "id": "Home",
      "active": true
    },
    {
      "id": "Support",
      "active": false
    },
    {
      "id": "Introduction",
      "active": false
    }
  ]
}
[2026-06-01T15:21:37.809Z] [Router:MainRoute] currentPage getter {
  "result": "Home",
  "history": []
}
[2026-06-01T15:21:37.809Z] [Router:MainRoute] current() {
  "active": "Home",
  "available": [
    {
      "id": "Home",
      "active": true
    },
    {
      "id": "Support",
      "active": false
    },
    {
      "id": "Introduction",
      "active": false
    }
  ]
}
[2026-06-01T15:21:37.840Z] [Router:MainRoute] currentPage getter {
  "result": "Home",
  "history": []
}
[2026-06-01T15:21:37.840Z] [Router:MainRoute] current() {
  "active": "Home",
  "available": [
    {
      "id": "Home",
      "active": true
    },
    {
      "id": "Support",
      "active": false
    },
    {
      "id": "Introduction",
      "active": false
    }
  ]
}
[2026-06-01T15:21:37.885Z] [Router:MainRoute] currentPage getter {
  "result": "Home",
  "history": []
}
[2026-06-01T15:21:37.885Z] [Router:MainRoute] current() {
  "active": "Home",
  "available": [
    {
      "id": "Home",
      "active": true
    },
    {
      "id": "Support",
      "active": false
    },
    {
      "id": "Introduction",
      "active": false
    }
  ]
}
[2026-06-01T15:21:37.916Z] [Router:MainRoute] currentPage getter {
  "result": "Home",
  "history": []
}
[2026-06-01T15:21:37.916Z] [Router:MainRoute] current() {
  "active": "Home",
  "available": [
    {
      "id": "Home",
      "active": true
    },
    {
      "id": "Support",
      "active": false
    },
    {
      "id": "Introduction",
      "active": false
    }
  ]
}
[2026-06-01T15:21:37.949Z] [Router:MainRoute] currentPage getter {
  "result": "Home",
  "history": []
}
[2026-06-01T15:21:37.950Z] [Router:MainRoute] current() {
  "active": "Home",
  "available": [
    {
      "id": "Home",
      "active": true
    },
    {
      "id": "Support",
      "active": false
    },
    {
      "id": "Introduction",
      "active": false
    }
  ]
}
[2026-06-01T15:21:37.981Z] [Router:MainRoute] currentPage getter {
  "result": "Home",
  "history": []
}
[2026-06-01T15:21:37.981Z] [Router:MainRoute] current() {
  "active": "Home",
  "available": [
    {
      "id": "Home",
      "active": true
    },
    {
      "id": "Support",
      "active": false
    },
    {
      "id": "Introduction",
      "active": false
    }
  ]
}
[2026-06-01T15:21:38.009Z] [Router:MainRoute] currentPage getter {
  "result": "Home",
  "history": []
}
[2026-06-01T15:21:38.009Z] [Router:MainRoute] current() {
  "active": "Home",
  "available": [
    {
      "id": "Home",
      "active": true
    },
    {
      "id": "Support",
      "active": false
    },
    {
      "id": "Introduction",
      "active": false
    }
  ]
}
[2026-06-01T15:21:38.040Z] [Router:MainRoute] currentPage getter {
  "result": "Home",
  "history": []
}
[2026-06-01T15:21:38.040Z] [Router:MainRoute] current() {
  "active": "Home",
  "available": [
    {
      "id": "Home",
      "active": true
    },
    {
      "id": "Support",
      "active": false
    },
    {
      "id": "Introduction",
      "active": false
    }
  ]
}
[2026-06-01T15:21:38.084Z] [Router:MainRoute] currentPage getter {
  "result": "Home",
  "history": []
}
[2026-06-01T15:21:38.084Z] [Router:MainRoute] current() {
  "active": "Home",
  "available": [
    {
      "id": "Home",
      "active": true
    },
    {
      "id": "Support",
      "active": false
    },
    {
      "id": "Introduction",
      "active": false
    }
  ]
}
[2026-06-01T15:21:38.116Z] [Router:MainRoute] currentPage getter {
  "result": "Home",
  "history": []
}
[2026-06-01T15:21:38.116Z] [Router:MainRoute] current() {
  "active": "Home",
  "available": [
    {
      "id": "Home",
      "active": true
    },
    {
      "id": "Support",
      "active": false
    },
    {
      "id": "Introduction",
      "active": false
    }
  ]
}
[2026-06-01T15:21:38.149Z] [Router:MainRoute] currentPage getter {
  "result": "Home",
  "history": []
}
[2026-06-01T15:21:38.149Z] [Router:MainRoute] current() {
  "active": "Home",
  "available": [
    {
      "id": "Home",
      "active": true
    },
    {
      "id": "Support",
      "active": false
    },
    {
      "id": "Introduction",
      "active": false
    }
  ]
}
[2026-06-01T15:21:38.180Z] [Router:MainRoute] currentPage getter {
  "result": "Home",
  "history": []
}
[2026-06-01T15:21:38.180Z] [Router:MainRoute] current() {
  "active": "Home",
  "available": [
    {
      "id": "Home",
      "active": true
    },
    {
      "id": "Support",
      "active": false
    },
    {
      "id": "Introduction",
      "active": false
    }
  ]
}
[2026-06-01T15:21:38.439Z] [Router:MainRoute] currentPage getter {
  "result": "Home",
  "history": []
}
[2026-06-01T15:21:38.440Z] [Router:MainRoute] current() {
  "active": "Home",
  "available": [
    {
      "id": "Home",
      "active": true
    },
    {
      "id": "Support",
      "active": false
    },
    {
      "id": "Introduction",
      "active": false
    }
  ]
}
[2026-06-01T15:21:38.963Z] [Router:MainRoute] currentPage getter {
  "result": "Home",
  "history": []
}
[2026-06-01T15:21:38.964Z] [Router:MainRoute] current() {
  "active": "Home",
  "available": [
    {
      "id": "Home",
      "active": true
    },
    {
      "id": "Support",
      "active": false
    },
    {
      "id": "Introduction",
      "active": false
    }
  ]
}
[2026-06-01T15:21:38.996Z] [Router:MainRoute] currentPage getter {
  "result": "Home",
  "history": []
}
[2026-06-01T15:21:38.997Z] [Router:MainRoute] current() {
  "active": "Home",
  "available": [
    {
      "id": "Home",
      "active": true
    },
    {
      "id": "Support",
      "active": false
    },
    {
      "id": "Introduction",
      "active": false
    }
  ]
}
[2026-06-01T15:21:39.028Z] [Router:MainRoute] currentPage getter {
  "result": "Home",
  "history": []
}
[2026-06-01T15:21:39.029Z] [Router:MainRoute] current() {
  "active": "Home",
  "available": [
    {
      "id": "Home",
      "active": true
    },
    {
      "id": "Support",
      "active": false
    },
    {
      "id": "Introduction",
      "active": false
    }
  ]
}
[2026-06-01T15:21:39.060Z] [Router:MainRoute] currentPage getter {
  "result": "Home",
  "history": []
}
[2026-06-01T15:21:39.060Z] [Router:MainRoute] current() {
  "active": "Home",
  "available": [
    {
      "id": "Home",
      "active": true
    },
    {
      "id": "Support",
      "active": false
    },
    {
      "id": "Introduction",
      "active": false
    }
  ]
}
[2026-06-01T15:21:39.089Z] [Router:MainRoute] currentPage getter {
  "result": "Home",
  "history": []
}
[2026-06-01T15:21:39.089Z] [Router:MainRoute] current() {
  "active": "Home",
  "available": [
    {
      "id": "Home",
      "active": true
    },
    {
      "id": "Support",
      "active": false
    },
    {
      "id": "Introduction",
      "active": false
    }
  ]
}
[2026-06-01T15:21:39.137Z] [Router:MainRoute] currentPage getter {
  "result": "Home",
  "history": []
}
[2026-06-01T15:21:39.137Z] [Router:MainRoute] current() {
  "active": "Home",
  "available": [
    {
      "id": "Home",
      "active": true
    },
    {
      "id": "Support",
      "active": false
    },
    {
      "id": "Introduction",
      "active": false
    }
  ]
}
[2026-06-01T15:21:39.167Z] [Router:MainRoute] currentPage getter {
  "result": "Home",
  "history": []
}
[2026-06-01T15:21:39.168Z] [Router:MainRoute] current() {
  "active": "Home",
  "available": [
    {
      "id": "Home",
      "active": true
    },
    {
      "id": "Support",
      "active": false
    },
    {
      "id": "Introduction",
      "active": false
    }
  ]
}
[2026-06-01T15:21:39.195Z] [Router:MainRoute] currentPage getter {
  "result": "Home",
  "history": []
}
[2026-06-01T15:21:39.195Z] [Router:MainRoute] current() {
  "active": "Home",
  "available": [
    {
      "id": "Home",
      "active": true
    },
    {
      "id": "Support",
      "active": false
    },
    {
      "id": "Introduction",
      "active": false
    }
  ]
}
[2026-06-01T15:21:39.227Z] [Router:MainRoute] currentPage getter {
  "result": "Home",
  "history": []
}
[2026-06-01T15:21:39.227Z] [Router:MainRoute] current() {
  "active": "Home",
  "available": [
    {
      "id": "Home",
      "active": true
    },
    {
      "id": "Support",
      "active": false
    },
    {
      "id": "Introduction",
      "active": false
    }
  ]
}
[2026-06-01T15:21:39.242Z] [Router:MainRoute] currentPage getter {
  "result": "Home",
  "history": []
}
[2026-06-01T15:21:39.242Z] [Router:MainRoute] current() {
  "active": "Home",
  "available": [
    {
      "id": "Home",
      "active": true
    },
    {
      "id": "Support",
      "active": false
    },
    {
      "id": "Introduction",
      "active": false
    }
  ]
}
[2026-06-01T15:21:39.289Z] [Router:MainRoute] currentPage getter {
  "result": "Home",
  "history": []
}
[2026-06-01T15:21:39.289Z] [Router:MainRoute] current() {
  "active": "Home",
  "available": [
    {
      "id": "Home",
      "active": true
    },
    {
      "id": "Support",
      "active": false
    },
    {
      "id": "Introduction",
      "active": false
    }
  ]
}
[2026-06-01T15:21:39.321Z] [Router:MainRoute] currentPage getter {
  "result": "Home",
  "history": []
}
[2026-06-01T15:21:39.321Z] [Router:MainRoute] current() {
  "active": "Home",
  "available": [
    {
      "id": "Home",
      "active": true
    },
    {
      "id": "Support",
      "active": false
    },
    {
      "id": "Introduction",
      "active": false
    }
  ]
}
[2026-06-01T15:21:39.354Z] [Router:MainRoute] currentPage getter {
  "result": "Home",
  "history": []
}
[2026-06-01T15:21:39.354Z] [Router:MainRoute] current() {
  "active": "Home",
  "available": [
    {
      "id": "Home",
      "active": true
    },
    {
      "id": "Support",
      "active": false
    },
    {
      "id": "Introduction",
      "active": false
    }
  ]
}
[2026-06-01T15:21:39.386Z] [Router:MainRoute] currentPage getter {
  "result": "Home",
  "history": []
}
[2026-06-01T15:21:39.386Z] [Router:MainRoute] current() {
  "active": "Home",
  "available": [
    {
      "id": "Home",
      "active": true
    },
    {
      "id": "Support",
      "active": false
    },
    {
      "id": "Introduction",
      "active": false
    }
  ]
}
[2026-06-01T15:21:39.430Z] [Router:MainRoute] currentPage getter {
  "result": "Home",
  "history": []
}
[2026-06-01T15:21:39.430Z] [Router:MainRoute] current() {
  "active": "Home",
  "available": [
    {
      "id": "Home",
      "active": true
    },
    {
      "id": "Support",
      "active": false
    },
    {
      "id": "Introduction",
      "active": false
    }
  ]
}
[2026-06-01T15:21:39.463Z] [Router:MainRoute] currentPage getter {
  "result": "Home",
  "history": []
}
[2026-06-01T15:21:39.464Z] [Router:MainRoute] current() {
  "active": "Home",
  "available": [
    {
      "id": "Home",
      "active": true
    },
    {
      "id": "Support",
      "active": false
    },
    {
      "id": "Introduction",
      "active": false
    }
  ]
}
[2026-06-01T15:21:39.493Z] [Router:MainRoute] currentPage getter {
  "result": "Home",
  "history": []
}
[2026-06-01T15:21:39.494Z] [Router:MainRoute] current() {
  "active": "Home",
  "available": [
    {
      "id": "Home",
      "active": true
    },
    {
      "id": "Support",
      "active": false
    },
    {
      "id": "Introduction",
      "active": false
    }
  ]
}
[2026-06-01T15:21:39.511Z] [Router:MainRoute] currentPage getter {
  "result": "Home",
  "history": []
}
[2026-06-01T15:21:39.511Z] [Router:MainRoute] current() {
  "active": "Home",
  "available": [
    {
      "id": "Home",
      "active": true
    },
    {
      "id": "Support",
      "active": false
    },
    {
      "id": "Introduction",
      "active": false
    }
  ]
}
[2026-06-01T15:21:39.553Z] [Router:MainRoute] currentPage getter {
  "result": "Home",
  "history": []
}
[2026-06-01T15:21:39.553Z] [Router:MainRoute] current() {
  "active": "Home",
  "available": [
    {
      "id": "Home",
      "active": true
    },
    {
      "id": "Support",
      "active": false
    },
    {
      "id": "Introduction",
      "active": false
    }
  ]
}
[2026-06-01T15:21:39.585Z] [Router:MainRoute] currentPage getter {
  "result": "Home",
  "history": []
}
[2026-06-01T15:21:39.586Z] [Router:MainRoute] current() {
  "active": "Home",
  "available": [
    {
      "id": "Home",
      "active": true
    },
    {
      "id": "Support",
      "active": false
    },
    {
      "id": "Introduction",
      "active": false
    }
  ]
}
[2026-06-01T15:21:39.617Z] [Router:MainRoute] currentPage getter {
  "result": "Home",
  "history": []
}
[2026-06-01T15:21:39.617Z] [Router:MainRoute] current() {
  "active": "Home",
  "available": [
    {
      "id": "Home",
      "active": true
    },
    {
      "id": "Support",
      "active": false
    },
    {
      "id": "Introduction",
      "active": false
    }
  ]
}
[2026-06-01T15:21:39.650Z] [Router:MainRoute] currentPage getter {
  "result": "Home",
  "history": []
}
[2026-06-01T15:21:39.650Z] [Router:MainRoute] current() {
  "active": "Home",
  "available": [
    {
      "id": "Home",
      "active": true
    },
    {
      "id": "Support",
      "active": false
    },
    {
      "id": "Introduction",
      "active": false
    }
  ]
}
[2026-06-01T15:21:39.692Z] [Router:MainRoute] currentPage getter {
  "result": "Home",
  "history": []
}
[2026-06-01T15:21:39.692Z] [Router:MainRoute] current() {
  "active": "Home",
  "available": [
    {
      "id": "Home",
      "active": true
    },
    {
      "id": "Support",
      "active": false
    },
    {
      "id": "Introduction",
      "active": false
    }
  ]
}
[2026-06-01T15:21:39.800Z] [Router:MainRoute] current() {
  "active": "Home",
  "available": [
    {
      "id": "Home",
      "active": true
    },
    {
      "id": "Support",
      "active": false
    },
    {
      "id": "Introduction",
      "active": false
    }
  ]
}
[2026-06-01T15:21:40.065Z] [Router:MainRoute] current() {
  "active": "Home",
  "available": [
    {
      "id": "Home",
      "active": true
    },
    {
      "id": "Support",
      "active": false
    },
    {
      "id": "Introduction",
      "active": false
    }
  ]
}
[2026-06-01T15:21:40.341Z] [Router:MainRoute] currentPage getter {
  "result": "Home",
  "history": []
}
[2026-06-01T15:21:40.341Z] [Router:MainRoute] current() {
  "active": "Home",
  "available": [
    {
      "id": "Home",
      "active": true
    },
    {
      "id": "Support",
      "active": false
    },
    {
      "id": "Introduction",
      "active": false
    }
  ]
}
[2026-06-01T15:21:40.847Z] [Router:MainRoute] currentPage getter {
  "result": "Home",
  "history": []
}
[2026-06-01T15:21:40.847Z] [Router:MainRoute] current() {
  "active": "Home",
  "available": [
    {
      "id": "Home",
      "active": true
    },
    {
      "id": "Support",
      "active": false
    },
    {
      "id": "Introduction",
      "active": false
    }
  ]
}
[2026-06-01T15:21:40.895Z] [Router:MainRoute] currentPage getter {
  "result": "Home",
  "history": []
}
[2026-06-01T15:21:40.895Z] [Router:MainRoute] current() {
  "active": "Home",
  "available": [
    {
      "id": "Home",
      "active": true
    },
    {
      "id": "Support",
      "active": false
    },
    {
      "id": "Introduction",
      "active": false
    }
  ]
}
[2026-06-01T15:21:40.929Z] [Router:MainRoute] currentPage getter {
  "result": "Home",
  "history": []
}
[2026-06-01T15:21:40.930Z] [Router:MainRoute] current() {
  "active": "Home",
  "available": [
    {
      "id": "Home",
      "active": true
    },
    {
      "id": "Support",
      "active": false
    },
    {
      "id": "Introduction",
      "active": false
    }
  ]
}
[2026-06-01T15:21:40.958Z] [Router:MainRoute] currentPage getter {
  "result": "Home",
  "history": []
}
[2026-06-01T15:21:40.958Z] [Router:MainRoute] current() {
  "active": "Home",
  "available": [
    {
      "id": "Home",
      "active": true
    },
    {
      "id": "Support",
      "active": false
    },
    {
      "id": "Introduction",
      "active": false
    }
  ]
}
[2026-06-01T15:21:40.976Z] [Router:MainRoute] currentPage getter {
  "result": "Home",
  "history": []
}
[2026-06-01T15:21:40.977Z] [Router:MainRoute] current() {
  "active": "Home",
  "available": [
    {
      "id": "Home",
      "active": true
    },
    {
      "id": "Support",
      "active": false
    },
    {
      "id": "Introduction",
      "active": false
    }
  ]
}
[2026-06-01T15:21:41.006Z] [Router:MainRoute] currentPage getter {
  "result": "Home",
  "history": []
}
[2026-06-01T15:21:41.007Z] [Router:MainRoute] current() {
  "active": "Home",
  "available": [
    {
      "id": "Home",
      "active": true
    },
    {
      "id": "Support",
      "active": false
    },
    {
      "id": "Introduction",
      "active": false
    }
  ]
}
[2026-06-01T15:21:41.035Z] [Router:MainRoute] currentPage getter {
  "result": "Home",
  "history": []
}
[2026-06-01T15:21:41.035Z] [Router:MainRoute] current() {
  "active": "Home",
  "available": [
    {
      "id": "Home",
      "active": true
    },
    {
      "id": "Support",
      "active": false
    },
    {
      "id": "Introduction",
      "active": false
    }
  ]
}
[2026-06-01T15:21:41.069Z] [Router:MainRoute] currentPage getter {
  "result": "Home",
  "history": []
}
[2026-06-01T15:21:41.070Z] [Router:MainRoute] current() {
  "active": "Home",
  "available": [
    {
      "id": "Home",
      "active": true
    },
    {
      "id": "Support",
      "active": false
    },
    {
      "id": "Introduction",
      "active": false
    }
  ]
}
[2026-06-01T15:21:41.126Z] [Router:MainRoute] currentPage getter {
  "result": "Home",
  "history": []
}
[2026-06-01T15:21:41.126Z] [Router:MainRoute] current() {
  "active": "Home",
  "available": [
    {
      "id": "Home",
      "active": true
    },
    {
      "id": "Support",
      "active": false
    },
    {
      "id": "Introduction",
      "active": false
    }
  ]
}
[2026-06-01T15:21:41.158Z] [Router:MainRoute] currentPage getter {
  "result": "Home",
  "history": []
}
[2026-06-01T15:21:41.158Z] [Router:MainRoute] current() {
  "active": "Home",
  "available": [
    {
      "id": "Home",
      "active": true
    },
    {
      "id": "Support",
      "active": false
    },
    {
      "id": "Introduction",
      "active": false
    }
  ]
}
[2026-06-01T15:21:41.187Z] [Router:MainRoute] currentPage getter {
  "result": "Home",
  "history": []
}
[2026-06-01T15:21:41.188Z] [Router:MainRoute] current() {
  "active": "Home",
  "available": [
    {
      "id": "Home",
      "active": true
    },
    {
      "id": "Support",
      "active": false
    },
    {
      "id": "Introduction",
      "active": false
    }
  ]
}
[2026-06-01T15:21:41.218Z] [Router:MainRoute] currentPage getter {
  "result": "Home",
  "history": []
}
[2026-06-01T15:21:41.218Z] [Router:MainRoute] current() {
  "active": "Home",
  "available": [
    {
      "id": "Home",
      "active": true
    },
    {
      "id": "Support",
      "active": false
    },
    {
      "id": "Introduction",
      "active": false
    }
  ]
}
[2026-06-01T15:21:41.250Z] [Router:MainRoute] currentPage getter {
  "result": "Home",
  "history": []
}
[2026-06-01T15:21:41.250Z] [Router:MainRoute] current() {
  "active": "Home",
  "available": [
    {
      "id": "Home",
      "active": true
    },
    {
      "id": "Support",
      "active": false
    },
    {
      "id": "Introduction",
      "active": false
    }
  ]
}
[2026-06-01T15:21:41.281Z] [Router:MainRoute] currentPage getter {
  "result": "Home",
  "history": []
}
[2026-06-01T15:21:41.282Z] [Router:MainRoute] current() {
  "active": "Home",
  "available": [
    {
      "id": "Home",
      "active": true
    },
    {
      "id": "Support",
      "active": false
    },
    {
      "id": "Introduction",
      "active": false
    }
  ]
}
[2026-06-01T15:21:41.314Z] [Router:MainRoute] currentPage getter {
  "result": "Home",
  "history": []
}
[2026-06-01T15:21:41.314Z] [Router:MainRoute] current() {
  "active": "Home",
  "available": [
    {
      "id": "Home",
      "active": true
    },
    {
      "id": "Support",
      "active": false
    },
    {
      "id": "Introduction",
      "active": false
    }
  ]
}
[2026-06-01T15:21:41.356Z] [Router:MainRoute] currentPage getter {
  "result": "Home",
  "history": []
}
[2026-06-01T15:21:41.356Z] [Router:MainRoute] current() {
  "active": "Home",
  "available": [
    {
      "id": "Home",
      "active": true
    },
    {
      "id": "Support",
      "active": false
    },
    {
      "id": "Introduction",
      "active": false
    }
  ]
}
[2026-06-01T15:21:41.389Z] [Router:MainRoute] currentPage getter {
  "result": "Home",
  "history": []
}
[2026-06-01T15:21:41.390Z] [Router:MainRoute] current() {
  "active": "Home",
  "available": [
    {
      "id": "Home",
      "active": true
    },
    {
      "id": "Support",
      "active": false
    },
    {
      "id": "Introduction",
      "active": false
    }
  ]
}
[2026-06-01T15:21:41.417Z] [Router:MainRoute] currentPage getter {
  "result": "Home",
  "history": []
}
[2026-06-01T15:21:41.417Z] [Router:MainRoute] current() {
  "active": "Home",
  "available": [
    {
      "id": "Home",
      "active": true
    },
    {
      "id": "Support",
      "active": false
    },
    {
      "id": "Introduction",
      "active": false
    }
  ]
}
[2026-06-01T15:21:41.448Z] [Router:MainRoute] currentPage getter {
  "result": "Home",
  "history": []
}
[2026-06-01T15:21:41.448Z] [Router:MainRoute] current() {
  "active": "Home",
  "available": [
    {
      "id": "Home",
      "active": true
    },
    {
      "id": "Support",
      "active": false
    },
    {
      "id": "Introduction",
      "active": false
    }
  ]
}
[2026-06-01T15:21:41.482Z] [Router:MainRoute] currentPage getter {
  "result": "Home",
  "history": []
}
[2026-06-01T15:21:41.483Z] [Router:MainRoute] current() {
  "active": "Home",
  "available": [
    {
      "id": "Home",
      "active": true
    },
    {
      "id": "Support",
      "active": false
    },
    {
      "id": "Introduction",
      "active": false
    }
  ]
}
[2026-06-01T15:21:41.512Z] [Router:MainRoute] currentPage getter {
  "result": "Home",
  "history": []
}
[2026-06-01T15:21:41.513Z] [Router:MainRoute] current() {
  "active": "Home",
  "available": [
    {
      "id": "Home",
      "active": true
    },
    {
      "id": "Support",
      "active": false
    },
    {
      "id": "Introduction",
      "active": false
    }
  ]
}
[2026-06-01T15:21:41.543Z] [Router:MainRoute] currentPage getter {
  "result": "Home",
  "history": []
}
[2026-06-01T15:21:41.543Z] [Router:MainRoute] current() {
  "active": "Home",
  "available": [
    {
      "id": "Home",
      "active": true
    },
    {
      "id": "Support",
      "active": false
    },
    {
      "id": "Introduction",
      "active": false
    }
  ]
}
[2026-06-01T15:21:41.589Z] [Router:MainRoute] currentPage getter {
  "result": "Home",
  "history": []
}
[2026-06-01T15:21:41.589Z] [Router:MainRoute] current() {
  "active": "Home",
  "available": [
    {
      "id": "Home",
      "active": true
    },
    {
      "id": "Support",
      "active": false
    },
    {
      "id": "Introduction",
      "active": false
    }
  ]
}
[2026-06-01T15:21:41.622Z] [Router:MainRoute] currentPage getter {
  "result": "Home",
  "history": []
}
[2026-06-01T15:21:41.622Z] [Router:MainRoute] current() {
  "active": "Home",
  "available": [
    {
      "id": "Home",
      "active": true
    },
    {
      "id": "Support",
      "active": false
    },
    {
      "id": "Introduction",
      "active": false
    }
  ]
}
[2026-06-01T15:21:41.651Z] [Router:MainRoute] currentPage getter {
  "result": "Home",
  "history": []
}
[2026-06-01T15:21:41.651Z] [Router:MainRoute] current() {
  "active": "Home",
  "available": [
    {
      "id": "Home",
      "active": true
    },
    {
      "id": "Support",
      "active": false
    },
    {
      "id": "Introduction",
      "active": false
    }
  ]
}
[2026-06-01T15:21:41.865Z] [Router:MainRoute] currentPage getter {
  "result": "Home",
  "history": []
}
[2026-06-01T15:21:41.867Z] [Router:MainRoute] current() {
  "active": "Home",
  "available": [
    {
      "id": "Home",
      "active": true
    },
    {
      "id": "Support",
      "active": false
    },
    {
      "id": "Introduction",
      "active": false
    }
  ]
}
[2026-06-01T15:21:42.019Z] [Router:MainRoute] currentPage getter {
  "result": "Home",
  "history": []
}
[2026-06-01T15:21:42.019Z] [Router:MainRoute] current() {
  "active": "Home",
  "available": [
    {
      "id": "Home",
      "active": true
    },
    {
      "id": "Support",
      "active": false
    },
    {
      "id": "Introduction",
      "active": false
    }
  ]
}
[2026-06-01T15:21:42.421Z] [Router:MainRoute] currentPage getter {
  "result": "Home",
  "history": []
}
[2026-06-01T15:21:42.422Z] [Router:MainRoute] current() {
  "active": "Home",
  "available": [
    {
      "id": "Home",
      "active": true
    },
    {
      "id": "Support",
      "active": false
    },
    {
      "id": "Introduction",
      "active": false
    }
  ]
}
[2026-06-01T15:21:42.872Z] [Router:MainRoute] currentPage getter {
  "result": "Home",
  "history": []
}
[2026-06-01T15:21:42.873Z] [Router:MainRoute] currentPage getter {
  "result": "Home",
  "history": []
}
[2026-06-01T15:21:42.873Z] [Router:MainRoute] currentPage getter {
  "result": "Home",
  "history": []
}
[2026-06-01T15:21:42.873Z] [Router:MainRoute] current() {
  "active": "Home",
  "available": [
    {
      "id": "Home",
      "active": true
    },
    {
      "id": "Support",
      "active": false
    },
    {
      "id": "Introduction",
      "active": false
    }
  ]
}
[2026-06-01T15:21:43.635Z] [Router:MainRoute] current() {
  "active": "Home",
  "available": [
    {
      "id": "Home",
      "active": true
    },
    {
      "id": "Support",
      "active": false
    },
    {
      "id": "Introduction",
      "active": false
    }
  ]
}
[2026-06-01T15:21:43.916Z] [Router:MainRoute] currentPage getter {
  "result": "Home",
  "history": []
}
[2026-06-01T15:21:43.916Z] [Router:MainRoute] current() {
  "active": "Home",
  "available": [
    {
      "id": "Home",
      "active": true
    },
    {
      "id": "Support",
      "active": false
    },
    {
      "id": "Introduction",
      "active": false
    }
  ]
}
[2026-06-01T15:21:44.036Z] [Router:MainRoute] currentPage getter {
  "result": "Home",
  "history": []
}
[2026-06-01T15:21:44.036Z] [Router:MainRoute] current() {
  "active": "Home",
  "available": [
    {
      "id": "Home",
      "active": true
    },
    {
      "id": "Support",
      "active": false
    },
    {
      "id": "Introduction",
      "active": false
    }
  ]
}
[2026-06-01T15:21:44.361Z] [Router:MainRoute] currentPage getter {
  "result": "Home",
  "history": []
}
[2026-06-01T15:21:44.361Z] [Router:MainRoute] current() {
  "active": "Home",
  "available": [
    {
      "id": "Home",
      "active": true
    },
    {
      "id": "Support",
      "active": false
    },
    {
      "id": "Introduction",
      "active": false
    }
  ]
}
[2026-06-01T15:21:44.582Z] [Router:MainRoute] currentPage getter {
  "result": "Home",
  "history": []
}
[2026-06-01T15:21:44.582Z] [Router:MainRoute] currentPage getter {
  "result": "Home",
  "history": []
}
[2026-06-01T15:21:44.582Z] [Router:MainRoute] currentPage getter {
  "result": "Home",
  "history": []
}
[2026-06-01T15:21:44.582Z] [Router:MainRoute] current() {
  "active": "Home",
  "available": [
    {
      "id": "Home",
      "active": true
    },
    {
      "id": "Support",
      "active": false
    },
    {
      "id": "Introduction",
      "active": false
    }
  ]
}
[2026-06-01T15:21:45.682Z] [Router:MainRoute] current() {
  "active": "Home",
  "available": [
    {
      "id": "Home",
      "active": true
    },
    {
      "id": "Support",
      "active": false
    },
    {
      "id": "Introduction",
      "active": false
    }
  ]
}
[2026-06-01T15:21:45.867Z] [Router:MainRoute] currentPage getter {
  "result": "Home",
  "history": []
}
[2026-06-01T15:21:45.868Z] [Router:MainRoute] current() {
  "active": "Home",
  "available": [
    {
      "id": "Home",
      "active": true
    },
    {
      "id": "Support",
      "active": false
    },
    {
      "id": "Introduction",
      "active": false
    }
  ]
}
[2026-06-01T15:21:46.284Z] [Router:MainRoute] currentPage getter {
  "result": "Home",
  "history": []
}
[2026-06-01T15:21:46.285Z] [Router:MainRoute] currentPage getter {
  "result": "Home",
  "history": []
}
[2026-06-01T15:21:46.285Z] [Router:MainRoute] currentPage getter {
  "result": "Home",
  "history": []
}
[2026-06-01T15:21:46.285Z] [Router:MainRoute] current() {
  "active": "Home",
  "available": [
    {
      "id": "Home",
      "active": true
    },
    {
      "id": "Support",
      "active": false
    },
    {
      "id": "Introduction",
      "active": false
    }
  ]
}
[2026-06-01T15:21:46.766Z] [Router:MainRoute] current() {
  "active": "Home",
  "available": [
    {
      "id": "Home",
      "active": true
    },
    {
      "id": "Support",
      "active": false
    },
    {
      "id": "Introduction",
      "active": false
    }
  ]
}
[2026-06-01T15:21:47.005Z] [Router:MainRoute] currentPage getter {
  "result": "Home",
  "history": []
}
[2026-06-01T15:21:47.005Z] [Router:MainRoute] current() {
  "active": "Home",
  "available": [
    {
      "id": "Home",
      "active": true
    },
    {
      "id": "Support",
      "active": false
    },
    {
      "id": "Introduction",
      "active": false
    }
  ]
}
[2026-06-01T15:21:47.269Z] [Router:MainRoute] currentPage getter {
  "result": "Home",
  "history": []
}
[2026-06-01T15:21:47.269Z] [Router:MainRoute] currentPage getter {
  "result": "Home",
  "history": []
}
[2026-06-01T15:21:47.269Z] [Router:MainRoute] currentPage getter {
  "result": "Home",
  "history": []
}
[2026-06-01T15:21:47.269Z] [Router:MainRoute] current() {
  "active": "Home",
  "available": [
    {
      "id": "Home",
      "active": true
    },
    {
      "id": "Support",
      "active": false
    },
    {
      "id": "Introduction",
      "active": false
    }
  ]
}
[2026-06-01T15:21:47.594Z] [Router:MainRoute] current() {
  "active": "Home",
  "available": [
    {
      "id": "Home",
      "active": true
    },
    {
      "id": "Support",
      "active": false
    },
    {
      "id": "Introduction",
      "active": false
    }
  ]
}
[2026-06-01T15:21:47.765Z] [Router:MainRoute] currentPage getter {
  "result": "Home",
  "history": []
}
[2026-06-01T15:21:47.766Z] [Router:MainRoute] current() {
  "active": "Home",
  "available": [
    {
      "id": "Home",
      "active": true
    },
    {
      "id": "Support",
      "active": false
    },
    {
      "id": "Introduction",
      "active": false
    }
  ]
}
[2026-06-01T15:21:47.890Z] [Router:MainRoute] currentPage getter {
  "result": "Home",
  "history": []
}
[2026-06-01T15:21:47.891Z] [Router:MainRoute] current() {
  "active": "Home",
  "available": [
    {
      "id": "Home",
      "active": true
    },
    {
      "id": "Support",
      "active": false
    },
    {
      "id": "Introduction",
      "active": false
    }
  ]
}
[2026-06-01T15:21:48.015Z] [Router:MainRoute] currentPage getter {
  "result": "Home",
  "history": []
}
[2026-06-01T15:21:48.016Z] [Router:MainRoute] current() {
  "active": "Home",
  "available": [
    {
      "id": "Home",
      "active": true
    },
    {
      "id": "Support",
      "active": false
    },
    {
      "id": "Introduction",
      "active": false
    }
  ]
}
[2026-06-01T15:21:48.139Z] [Router:MainRoute] currentPage getter {
  "result": "Home",
  "history": []
}
[2026-06-01T15:21:48.139Z] [Router:MainRoute] current() {
  "active": "Home",
  "available": [
    {
      "id": "Home",
      "active": true
    },
    {
      "id": "Support",
      "active": false
    },
    {
      "id": "Introduction",
      "active": false
    }
  ]
}
[2026-06-01T15:21:48.264Z] [Router:MainRoute] currentPage getter {
  "result": "Home",
  "history": []
}
[2026-06-01T15:21:48.264Z] [Router:MainRoute] current() {
  "active": "Home",
  "available": [
    {
      "id": "Home",
      "active": true
    },
    {
      "id": "Support",
      "active": false
    },
    {
      "id": "Introduction",
      "active": false
    }
  ]
}
[2026-06-01T15:21:48.617Z] [Router:MainRoute] currentPage getter {
  "result": "Home",
  "history": []
}
[2026-06-01T15:21:48.617Z] [Router:MainRoute] currentPage getter {
  "result": "Home",
  "history": []
}
[2026-06-01T15:21:48.617Z] [Router:MainRoute] currentPage getter {
  "result": "Home",
  "history": []
}
[2026-06-01T15:21:48.618Z] [Router:MainRoute] current() {
  "active": "Home",
  "available": [
    {
      "id": "Home",
      "active": true
    },
    {
      "id": "Support",
      "active": false
    },
    {
      "id": "Introduction",
      "active": false
    }
  ]
}
[2026-06-01T15:21:49.082Z] [Router:MainRoute] current() {
  "active": "Home",
  "available": [
    {
      "id": "Home",
      "active": true
    },
    {
      "id": "Support",
      "active": false
    },
    {
      "id": "Introduction",
      "active": false
    }
  ]
}
[2026-06-01T15:21:49.298Z] [Router:MainRoute] currentPage getter {
  "result": "Home",
  "history": []
}
[2026-06-01T15:21:49.299Z] [Router:MainRoute] current() {
  "active": "Home",
  "available": [
    {
      "id": "Home",
      "active": true
    },
    {
      "id": "Support",
      "active": false
    },
    {
      "id": "Introduction",
      "active": false
    }
  ]
}
[2026-06-01T15:21:49.468Z] [Router:MainRoute] currentPage getter {
  "result": "Home",
  "history": []
}
[2026-06-01T15:21:49.468Z] [Router:MainRoute] current() {
  "active": "Home",
  "available": [
    {
      "id": "Home",
      "active": true
    },
    {
      "id": "Support",
      "active": false
    },
    {
      "id": "Introduction",
      "active": false
    }
  ]
}
[2026-06-01T15:21:49.621Z] [Router:MainRoute] currentPage getter {
  "result": "Home",
  "history": []
}
[2026-06-01T15:21:49.621Z] [Router:MainRoute] current() {
  "active": "Home",
  "available": [
    {
      "id": "Home",
      "active": true
    },
    {
      "id": "Support",
      "active": false
    },
    {
      "id": "Introduction",
      "active": false
    }
  ]
}
[2026-06-01T15:21:49.761Z] [Router:MainRoute] currentPage getter {
  "result": "Home",
  "history": []
}
[2026-06-01T15:21:49.762Z] [Router:MainRoute] current() {
  "active": "Home",
  "available": [
    {
      "id": "Home",
      "active": true
    },
    {
      "id": "Support",
      "active": false
    },
    {
      "id": "Introduction",
      "active": false
    }
  ]
}
[2026-06-01T15:21:50.533Z] [Router:MainRoute] currentPage getter {
  "result": "Home",
  "history": []
}
[2026-06-01T15:21:50.534Z] [Router:MainRoute] currentPage getter {
  "result": "Home",
  "history": []
}
[2026-06-01T15:21:50.534Z] [Router:MainRoute] currentPage getter {
  "result": "Home",
  "history": []
}
[2026-06-01T15:21:50.534Z] [Router:MainRoute] current() {
  "active": "Home",
  "available": [
    {
      "id": "Home",
      "active": true
    },
    {
      "id": "Support",
      "active": false
    },
    {
      "id": "Introduction",
      "active": false
    }
  ]
}
[2026-06-01T15:21:51.100Z] [Router:MainRoute] current() {
  "active": "Home",
  "available": [
    {
      "id": "Home",
      "active": true
    },
    {
      "id": "Support",
      "active": false
    },
    {
      "id": "Introduction",
      "active": false
    }
  ]
}
[2026-06-01T15:21:51.391Z] [Router:MainRoute] currentPage getter {
  "result": "Home",
  "history": []
}
[2026-06-01T15:21:51.391Z] [Router:MainRoute] current() {
  "active": "Home",
  "available": [
    {
      "id": "Home",
      "active": true
    },
    {
      "id": "Support",
      "active": false
    },
    {
      "id": "Introduction",
      "active": false
    }
  ]
}
[2026-06-01T15:21:51.904Z] [Router:MainRoute] currentPage getter {
  "result": "Home",
  "history": []
}
[2026-06-01T15:21:51.904Z] [Router:MainRoute] current() {
  "active": "Home",
  "available": [
    {
      "id": "Home",
      "active": true
    },
    {
      "id": "Support",
      "active": false
    },
    {
      "id": "Introduction",
      "active": false
    }
  ]
}
[2026-06-01T15:21:51.950Z] [Router:MainRoute] currentPage getter {
  "result": "Home",
  "history": []
}
[2026-06-01T15:21:51.950Z] [Router:MainRoute] current() {
  "active": "Home",
  "available": [
    {
      "id": "Home",
      "active": true
    },
    {
      "id": "Support",
      "active": false
    },
    {
      "id": "Introduction",
      "active": false
    }
  ]
}
[2026-06-01T15:21:51.983Z] [Router:MainRoute] currentPage getter {
  "result": "Home",
  "history": []
}
[2026-06-01T15:21:51.984Z] [Router:MainRoute] current() {
  "active": "Home",
  "available": [
    {
      "id": "Home",
      "active": true
    },
    {
      "id": "Support",
      "active": false
    },
    {
      "id": "Introduction",
      "active": false
    }
  ]
}
[2026-06-01T15:21:52.015Z] [Router:MainRoute] currentPage getter {
  "result": "Home",
  "history": []
}
[2026-06-01T15:21:52.016Z] [Router:MainRoute] current() {
  "active": "Home",
  "available": [
    {
      "id": "Home",
      "active": true
    },
    {
      "id": "Support",
      "active": false
    },
    {
      "id": "Introduction",
      "active": false
    }
  ]
}
[2026-06-01T15:21:52.047Z] [Router:MainRoute] currentPage getter {
  "result": "Home",
  "history": []
}
[2026-06-01T15:21:52.047Z] [Router:MainRoute] current() {
  "active": "Home",
  "available": [
    {
      "id": "Home",
      "active": true
    },
    {
      "id": "Support",
      "active": false
    },
    {
      "id": "Introduction",
      "active": false
    }
  ]
}
[2026-06-01T15:21:52.079Z] [Router:MainRoute] currentPage getter {
  "result": "Home",
  "history": []
}
[2026-06-01T15:21:52.079Z] [Router:MainRoute] current() {
  "active": "Home",
  "available": [
    {
      "id": "Home",
      "active": true
    },
    {
      "id": "Support",
      "active": false
    },
    {
      "id": "Introduction",
      "active": false
    }
  ]
}
[2026-06-01T15:21:52.109Z] [Router:MainRoute] currentPage getter {
  "result": "Home",
  "history": []
}
[2026-06-01T15:21:52.109Z] [Router:MainRoute] current() {
  "active": "Home",
  "available": [
    {
      "id": "Home",
      "active": true
    },
    {
      "id": "Support",
      "active": false
    },
    {
      "id": "Introduction",
      "active": false
    }
  ]
}
[2026-06-01T15:21:52.139Z] [Router:MainRoute] currentPage getter {
  "result": "Home",
  "history": []
}
[2026-06-01T15:21:52.140Z] [Router:MainRoute] current() {
  "active": "Home",
  "available": [
    {
      "id": "Home",
      "active": true
    },
    {
      "id": "Support",
      "active": false
    },
    {
      "id": "Introduction",
      "active": false
    }
  ]
}
[2026-06-01T15:21:52.182Z] [Router:MainRoute] currentPage getter {
  "result": "Home",
  "history": []
}
[2026-06-01T15:21:52.182Z] [Router:MainRoute] current() {
  "active": "Home",
  "available": [
    {
      "id": "Home",
      "active": true
    },
    {
      "id": "Support",
      "active": false
    },
    {
      "id": "Introduction",
      "active": false
    }
  ]
}
[2026-06-01T15:21:52.215Z] [Router:MainRoute] currentPage getter {
  "result": "Home",
  "history": []
}
[2026-06-01T15:21:52.215Z] [Router:MainRoute] current() {
  "active": "Home",
  "available": [
    {
      "id": "Home",
      "active": true
    },
    {
      "id": "Support",
      "active": false
    },
    {
      "id": "Introduction",
      "active": false
    }
  ]
}
[2026-06-01T15:21:52.248Z] [Router:MainRoute] currentPage getter {
  "result": "Home",
  "history": []
}
[2026-06-01T15:21:52.248Z] [Router:MainRoute] current() {
  "active": "Home",
  "available": [
    {
      "id": "Home",
      "active": true
    },
    {
      "id": "Support",
      "active": false
    },
    {
      "id": "Introduction",
      "active": false
    }
  ]
}
[2026-06-01T15:21:52.278Z] [Router:MainRoute] currentPage getter {
  "result": "Home",
  "history": []
}
[2026-06-01T15:21:52.278Z] [Router:MainRoute] current() {
  "active": "Home",
  "available": [
    {
      "id": "Home",
      "active": true
    },
    {
      "id": "Support",
      "active": false
    },
    {
      "id": "Introduction",
      "active": false
    }
  ]
}
[2026-06-01T15:21:52.310Z] [Router:MainRoute] currentPage getter {
  "result": "Home",
  "history": []
}
[2026-06-01T15:21:52.311Z] [Router:MainRoute] current() {
  "active": "Home",
  "available": [
    {
      "id": "Home",
      "active": true
    },
    {
      "id": "Support",
      "active": false
    },
    {
      "id": "Introduction",
      "active": false
    }
  ]
}
[2026-06-01T15:21:52.339Z] [Router:MainRoute] currentPage getter {
  "result": "Home",
  "history": []
}
[2026-06-01T15:21:52.339Z] [Router:MainRoute] current() {
  "active": "Home",
  "available": [
    {
      "id": "Home",
      "active": true
    },
    {
      "id": "Support",
      "active": false
    },
    {
      "id": "Introduction",
      "active": false
    }
  ]
}
[2026-06-01T15:21:52.370Z] [Router:MainRoute] currentPage getter {
  "result": "Home",
  "history": []
}
[2026-06-01T15:21:52.371Z] [Router:MainRoute] current() {
  "active": "Home",
  "available": [
    {
      "id": "Home",
      "active": true
    },
    {
      "id": "Support",
      "active": false
    },
    {
      "id": "Introduction",
      "active": false
    }
  ]
}
[2026-06-01T15:21:52.386Z] [Router:MainRoute] currentPage getter {
  "result": "Home",
  "history": []
}
[2026-06-01T15:21:52.387Z] [Router:MainRoute] current() {
  "active": "Home",
  "available": [
    {
      "id": "Home",
      "active": true
    },
    {
      "id": "Support",
      "active": false
    },
    {
      "id": "Introduction",
      "active": false
    }
  ]
}
[2026-06-01T15:21:55.632Z] [Router:MainRoute] currentPage getter {
  "result": "Home",
  "history": []
}
[2026-06-01T15:21:55.632Z] [Router:MainRoute] currentPage getter {
  "result": "Home",
  "history": []
}
[2026-06-01T15:21:55.632Z] [Router:MainRoute] currentPage getter {
  "result": "Home",
  "history": []
}
[2026-06-01T15:21:55.633Z] [Router:MainRoute] current() {
  "active": "Home",
  "available": [
    {
      "id": "Home",
      "active": true
    },
    {
      "id": "Support",
      "active": false
    },
    {
      "id": "Introduction",
      "active": false
    }
  ]
}
[2026-06-01T15:22:12.611Z] [Router:MainRoute] current() {
  "active": "Home",
  "available": [
    {
      "id": "Home",
      "active": true
    },
    {
      "id": "Support",
      "active": false
    },
    {
      "id": "Introduction",
      "active": false
    }
  ]
}
[2026-06-01T15:22:18.867Z] [Router:MainRoute] constructor {
  "routerId": "MainRoute",
  "config": {
    "saveOrder": true
  }
}
[2026-06-01T15:22:18.867Z] [Router:MainRoute] create() called [
  "Support",
  "Introduction",
  "Home"
]
[2026-06-01T15:22:18.867Z] [Router:MainRoute] loading component Support
[2026-06-01T15:22:18.867Z] [Router:MainRoute] loading component Introduction
[2026-06-01T15:22:18.868Z] [Router:MainRoute] loading component Home
[2026-06-01T15:22:18.871Z] [Router:MainRoute] component resolved Support
[2026-06-01T15:22:18.871Z] [Router:MainRoute] create.update() error {
  "code": "ZRUI_INVALID_STATE",
  "message": "update: lifecycle operation already in flight"
}
[2026-06-01T15:22:18.872Z] [Router:MainRoute] component resolved Introduction
[2026-06-01T15:22:18.872Z] [Router:MainRoute] create.update() error {
  "code": "ZRUI_INVALID_STATE",
  "message": "update: lifecycle operation already in flight"
}
[2026-06-01T15:22:18.876Z] [Router:MainRoute] component resolved Home
[2026-06-01T15:22:18.876Z] [Router:MainRoute] create.update() error {
  "code": "ZRUI_INVALID_STATE",
  "message": "update: lifecycle operation already in flight"
}
[2026-06-01T15:22:18.890Z] [Router:MainRoute] create.update() error {
  "code": "ZRUI_INVALID_STATE",
  "message": "update: lifecycle operation already in flight"
}
[2026-06-01T15:22:18.890Z] [Router:MainRoute] create.update() error {
  "code": "ZRUI_INVALID_STATE",
  "message": "update: lifecycle operation already in flight"
}
[2026-06-01T15:22:18.890Z] [Router:MainRoute] create.update() error {
  "code": "ZRUI_INVALID_STATE",
  "message": "update: lifecycle operation already in flight"
}
[2026-06-01T15:22:18.905Z] [Router:MainRoute] create.update() error {
  "code": "ZRUI_INVALID_STATE",
  "message": "update: lifecycle operation already in flight"
}
[2026-06-01T15:22:18.905Z] [Router:MainRoute] create.update() error {
  "code": "ZRUI_INVALID_STATE",
  "message": "update: lifecycle operation already in flight"
}
[2026-06-01T15:22:18.905Z] [Router:MainRoute] create.update() error {
  "code": "ZRUI_INVALID_STATE",
  "message": "update: lifecycle operation already in flight"
}
[2026-06-01T15:22:18.921Z] [Router:MainRoute] create.update() error {
  "code": "ZRUI_INVALID_STATE",
  "message": "update: lifecycle operation already in flight"
}
[2026-06-01T15:22:19.010Z] [Router:MainRoute] create.update() error {
  "code": "ZRUI_INVALID_STATE",
  "message": "update: lifecycle operation already in flight"
}
[2026-06-01T15:22:19.010Z] [Router:MainRoute] create.update() error {
  "code": "ZRUI_INVALID_STATE",
  "message": "update: lifecycle operation already in flight"
}
[2026-06-01T15:22:19.016Z] [Router:MainRoute] current() -> no routerBundles 
[2026-06-01T15:22:19.047Z] [Router:MainRoute] create.update() before {
  "dataId": "Support",
  "bundleKeys": [],
  "routeBucketKeys": []
}
[2026-06-01T15:22:19.048Z] [Router:MainRoute] create.update() after {
  "dataId": "Support",
  "routeBucketKeys": [
    "Support"
  ]
}
[2026-06-01T15:22:19.048Z] [Router:MainRoute] debugBundles [
  {
    "id": "Support",
    "active": false
  }
]
[2026-06-01T15:22:19.048Z] [Router:MainRoute] current() {
  "active": null,
  "available": [
    {
      "id": "Support",
      "active": false
    }
  ]
}
[2026-06-01T15:22:19.052Z] [Router:MainRoute] create.update() before {
  "dataId": "Introduction",
  "bundleKeys": [
    "MainRoute"
  ],
  "routeBucketKeys": [
    "Support"
  ]
}
[2026-06-01T15:22:19.052Z] [Router:MainRoute] create.update() after {
  "dataId": "Introduction",
  "routeBucketKeys": [
    "Support",
    "Introduction"
  ]
}
[2026-06-01T15:22:19.052Z] [Router:MainRoute] debugBundles [
  {
    "id": "Support",
    "active": false
  },
  {
    "id": "Introduction",
    "active": false
  }
]
[2026-06-01T15:22:19.053Z] [Router:MainRoute] create.update() before {
  "dataId": "Home",
  "bundleKeys": [
    "MainRoute"
  ],
  "routeBucketKeys": [
    "Support",
    "Introduction"
  ]
}
[2026-06-01T15:22:19.053Z] [Router:MainRoute] create.update() after {
  "dataId": "Home",
  "routeBucketKeys": [
    "Support",
    "Introduction",
    "Home"
  ]
}
[2026-06-01T15:22:19.053Z] [Router:MainRoute] debugBundles [
  {
    "id": "Support",
    "active": false
  },
  {
    "id": "Introduction",
    "active": false
  },
  {
    "id": "Home",
    "active": true
  }
]
[2026-06-01T15:22:19.053Z] [Router:MainRoute] current() {
  "active": "Home",
  "available": [
    {
      "id": "Support",
      "active": false
    },
    {
      "id": "Introduction",
      "active": false
    },
    {
      "id": "Home",
      "active": true
    }
  ]
}
[2026-06-01T15:22:20.562Z] [Router:MainRoute] order getter initialized history []
[2026-06-01T15:22:20.562Z] [Router:MainRoute] currentPage getter {
  "result": "Home",
  "history": []
}
[2026-06-01T15:22:20.563Z] [Router:MainRoute] current() {
  "active": "Home",
  "available": [
    {
      "id": "Support",
      "active": false
    },
    {
      "id": "Introduction",
      "active": false
    },
    {
      "id": "Home",
      "active": true
    }
  ]
}
[2026-06-01T15:22:20.750Z] [Router:MainRoute] currentPage getter {
  "result": "Home",
  "history": []
}
[2026-06-01T15:22:20.751Z] [Router:MainRoute] current() {
  "active": "Home",
  "available": [
    {
      "id": "Support",
      "active": false
    },
    {
      "id": "Introduction",
      "active": false
    },
    {
      "id": "Home",
      "active": true
    }
  ]
}
[2026-06-01T15:22:21.091Z] [Router:MainRoute] currentPage getter {
  "result": "Home",
  "history": []
}
[2026-06-01T15:22:21.091Z] [Router:MainRoute] current() {
  "active": "Home",
  "available": [
    {
      "id": "Support",
      "active": false
    },
    {
      "id": "Introduction",
      "active": false
    },
    {
      "id": "Home",
      "active": true
    }
  ]
}
[2026-06-01T15:22:21.829Z] [Router:MainRoute] currentPage getter {
  "result": "Home",
  "history": []
}
[2026-06-01T15:22:21.829Z] [Router:MainRoute] currentPage getter {
  "result": "Home",
  "history": []
}
[2026-06-01T15:22:21.830Z] [Router:MainRoute] currentPage getter {
  "result": "Home",
  "history": []
}
[2026-06-01T15:22:21.830Z] [Router:MainRoute] current() {
  "active": "Home",
  "available": [
    {
      "id": "Support",
      "active": false
    },
    {
      "id": "Introduction",
      "active": false
    },
    {
      "id": "Home",
      "active": true
    }
  ]
}
[2026-06-01T15:22:40.059Z] [Router:MainRoute] current() {
  "active": "Home",
  "available": [
    {
      "id": "Support",
      "active": false
    },
    {
      "id": "Introduction",
      "active": false
    },
    {
      "id": "Home",
      "active": true
    }
  ]
}
[2026-06-01T15:22:44.880Z] [Router:MainRoute] constructor {
  "routerId": "MainRoute",
  "config": {
    "saveOrder": true
  }
}
[2026-06-01T15:22:44.881Z] [Router:MainRoute] create() called [
  "Support",
  "Introduction",
  "Home"
]
[2026-06-01T15:22:44.881Z] [Router:MainRoute] loading component Support
[2026-06-01T15:22:44.881Z] [Router:MainRoute] loading component Introduction
[2026-06-01T15:22:44.882Z] [Router:MainRoute] loading component Home
[2026-06-01T15:22:44.885Z] [Router:MainRoute] component resolved Support
[2026-06-01T15:22:44.885Z] [Router:MainRoute] create.update() error {
  "code": "ZRUI_INVALID_STATE",
  "message": "update: lifecycle operation already in flight"
}
[2026-06-01T15:22:44.885Z] [Router:MainRoute] component resolved Introduction
[2026-06-01T15:22:44.886Z] [Router:MainRoute] create.update() error {
  "code": "ZRUI_INVALID_STATE",
  "message": "update: lifecycle operation already in flight"
}
[2026-06-01T15:22:44.890Z] [Router:MainRoute] component resolved Home
[2026-06-01T15:22:44.890Z] [Router:MainRoute] create.update() error {
  "code": "ZRUI_INVALID_STATE",
  "message": "update: lifecycle operation already in flight"
}
[2026-06-01T15:22:44.898Z] [Router:MainRoute] create.update() error {
  "code": "ZRUI_INVALID_STATE",
  "message": "update: lifecycle operation already in flight"
}
[2026-06-01T15:22:44.898Z] [Router:MainRoute] create.update() error {
  "code": "ZRUI_INVALID_STATE",
  "message": "update: lifecycle operation already in flight"
}
[2026-06-01T15:22:44.908Z] [Router:MainRoute] create.update() error {
  "code": "ZRUI_INVALID_STATE",
  "message": "update: lifecycle operation already in flight"
}
[2026-06-01T15:22:44.909Z] [Router:MainRoute] create.update() error {
  "code": "ZRUI_INVALID_STATE",
  "message": "update: lifecycle operation already in flight"
}
[2026-06-01T15:22:44.909Z] [Router:MainRoute] create.update() error {
  "code": "ZRUI_INVALID_STATE",
  "message": "update: lifecycle operation already in flight"
}
[2026-06-01T15:22:44.929Z] [Router:MainRoute] create.update() error {
  "code": "ZRUI_INVALID_STATE",
  "message": "update: lifecycle operation already in flight"
}
[2026-06-01T15:22:44.929Z] [Router:MainRoute] create.update() error {
  "code": "ZRUI_INVALID_STATE",
  "message": "update: lifecycle operation already in flight"
}
[2026-06-01T15:22:44.930Z] [Router:MainRoute] create.update() error {
  "code": "ZRUI_INVALID_STATE",
  "message": "update: lifecycle operation already in flight"
}
[2026-06-01T15:22:44.946Z] [Router:MainRoute] create.update() error {
  "code": "ZRUI_INVALID_STATE",
  "message": "update: lifecycle operation already in flight"
}
[2026-06-01T15:22:44.947Z] [Router:MainRoute] create.update() error {
  "code": "ZRUI_INVALID_STATE",
  "message": "update: lifecycle operation already in flight"
}
[2026-06-01T15:22:44.947Z] [Router:MainRoute] create.update() error {
  "code": "ZRUI_INVALID_STATE",
  "message": "update: lifecycle operation already in flight"
}
[2026-06-01T15:22:44.953Z] [Router:MainRoute] current() -> no routerBundles 
[2026-06-01T15:22:44.970Z] [Router:MainRoute] create.update() before {
  "dataId": "Home",
  "bundleKeys": [],
  "routeBucketKeys": []
}
[2026-06-01T15:22:44.970Z] [Router:MainRoute] create.update() after {
  "dataId": "Home",
  "routeBucketKeys": [
    "Home"
  ]
}
[2026-06-01T15:22:44.970Z] [Router:MainRoute] debugBundles [
  {
    "id": "Home",
    "active": true
  }
]
[2026-06-01T15:22:44.971Z] [Router:MainRoute] current() {
  "active": "Home",
  "available": [
    {
      "id": "Home",
      "active": true
    }
  ]
}
[2026-06-01T15:22:44.981Z] [Router:MainRoute] create.update() before {
  "dataId": "Support",
  "bundleKeys": [
    "MainRoute"
  ],
  "routeBucketKeys": [
    "Home"
  ]
}
[2026-06-01T15:22:44.981Z] [Router:MainRoute] create.update() after {
  "dataId": "Support",
  "routeBucketKeys": [
    "Home",
    "Support"
  ]
}
[2026-06-01T15:22:44.981Z] [Router:MainRoute] debugBundles [
  {
    "id": "Home",
    "active": true
  },
  {
    "id": "Support",
    "active": false
  }
]
[2026-06-01T15:22:44.982Z] [Router:MainRoute] create.update() before {
  "dataId": "Introduction",
  "bundleKeys": [
    "MainRoute"
  ],
  "routeBucketKeys": [
    "Home",
    "Support"
  ]
}
[2026-06-01T15:22:44.982Z] [Router:MainRoute] create.update() after {
  "dataId": "Introduction",
  "routeBucketKeys": [
    "Home",
    "Support",
    "Introduction"
  ]
}
[2026-06-01T15:22:44.982Z] [Router:MainRoute] debugBundles [
  {
    "id": "Home",
    "active": true
  },
  {
    "id": "Support",
    "active": false
  },
  {
    "id": "Introduction",
    "active": false
  }
]
[2026-06-01T15:22:44.985Z] [Router:MainRoute] current() {
  "active": "Home",
  "available": [
    {
      "id": "Home",
      "active": true
    },
    {
      "id": "Support",
      "active": false
    },
    {
      "id": "Introduction",
      "active": false
    }
  ]
}
[2026-06-01T15:22:59.520Z] [Router:MainRoute] order getter initialized history []
[2026-06-01T15:22:59.520Z] [Router:MainRoute] currentPage getter {
  "result": "Home",
  "history": []
}
[2026-06-01T15:22:59.522Z] [Router:MainRoute] current() {
  "active": "Home",
  "available": [
    {
      "id": "Home",
      "active": true
    },
    {
      "id": "Support",
      "active": false
    },
    {
      "id": "Introduction",
      "active": false
    }
  ]
}
[2026-06-01T15:22:59.805Z] [Router:MainRoute] currentPage getter {
  "result": "Home",
  "history": []
}
[2026-06-01T15:22:59.805Z] [Router:MainRoute] currentPage getter {
  "result": "Home",
  "history": []
}
[2026-06-01T15:22:59.805Z] [Router:MainRoute] currentPage getter {
  "result": "Home",
  "history": []
}
[2026-06-01T15:22:59.806Z] [Router:MainRoute] current() {
  "active": "Home",
  "available": [
    {
      "id": "Home",
      "active": true
    },
    {
      "id": "Support",
      "active": false
    },
    {
      "id": "Introduction",
      "active": false
    }
  ]
}
[2026-06-01T15:23:03.378Z] [Router:MainRoute] current() {
  "active": "Home",
  "available": [
    {
      "id": "Home",
      "active": true
    },
    {
      "id": "Support",
      "active": false
    },
    {
      "id": "Introduction",
      "active": false
    }
  ]
}
[2026-06-01T15:23:03.907Z] [Router:MainRoute] currentPage getter {
  "result": "Home",
  "history": []
}
[2026-06-01T15:23:03.907Z] [Router:MainRoute] current() {
  "active": "Home",
  "available": [
    {
      "id": "Home",
      "active": true
    },
    {
      "id": "Support",
      "active": false
    },
    {
      "id": "Introduction",
      "active": false
    }
  ]
}
[2026-06-01T15:23:04.079Z] [Router:MainRoute] currentPage getter {
  "result": "Home",
  "history": []
}
[2026-06-01T15:23:04.079Z] [Router:MainRoute] current() {
  "active": "Home",
  "available": [
    {
      "id": "Home",
      "active": true
    },
    {
      "id": "Support",
      "active": false
    },
    {
      "id": "Introduction",
      "active": false
    }
  ]
}
[2026-06-01T15:23:04.232Z] [Router:MainRoute] currentPage getter {
  "result": "Home",
  "history": []
}
[2026-06-01T15:23:04.233Z] [Router:MainRoute] current() {
  "active": "Home",
  "available": [
    {
      "id": "Home",
      "active": true
    },
    {
      "id": "Support",
      "active": false
    },
    {
      "id": "Introduction",
      "active": false
    }
  ]
}
[2026-06-01T15:23:04.293Z] [Router:MainRoute] currentPage getter {
  "result": "Home",
  "history": []
}
[2026-06-01T15:23:04.294Z] [Router:MainRoute] current() {
  "active": "Home",
  "available": [
    {
      "id": "Home",
      "active": true
    },
    {
      "id": "Support",
      "active": false
    },
    {
      "id": "Introduction",
      "active": false
    }
  ]
}
[2026-06-01T15:23:04.341Z] [Router:MainRoute] currentPage getter {
  "result": "Home",
  "history": []
}
[2026-06-01T15:23:04.341Z] [Router:MainRoute] current() {
  "active": "Home",
  "available": [
    {
      "id": "Home",
      "active": true
    },
    {
      "id": "Support",
      "active": false
    },
    {
      "id": "Introduction",
      "active": false
    }
  ]
}
[2026-06-01T15:23:07.078Z] [Router:MainRoute] currentPage getter {
  "result": "Home",
  "history": []
}
[2026-06-01T15:23:07.078Z] [Router:MainRoute] current() {
  "active": "Home",
  "available": [
    {
      "id": "Home",
      "active": true
    },
    {
      "id": "Support",
      "active": false
    },
    {
      "id": "Introduction",
      "active": false
    }
  ]
}
[2026-06-01T15:23:07.542Z] [Router:MainRoute] currentPage getter {
  "result": "Home",
  "history": []
}
[2026-06-01T15:23:07.543Z] [Router:MainRoute] currentPage getter {
  "result": "Home",
  "history": []
}
[2026-06-01T15:23:07.543Z] [Router:MainRoute] currentPage getter {
  "result": "Home",
  "history": []
}
[2026-06-01T15:23:07.543Z] [Router:MainRoute] current() {
  "active": "Home",
  "available": [
    {
      "id": "Home",
      "active": true
    },
    {
      "id": "Support",
      "active": false
    },
    {
      "id": "Introduction",
      "active": false
    }
  ]
}
[2026-06-01T15:23:18.675Z] [Router:MainRoute] current() {
  "active": "Home",
  "available": [
    {
      "id": "Home",
      "active": true
    },
    {
      "id": "Support",
      "active": false
    },
    {
      "id": "Introduction",
      "active": false
    }
  ]
}
[2026-06-01T15:23:19.002Z] [Router:MainRoute] currentPage getter {
  "result": "Home",
  "history": []
}
[2026-06-01T15:23:19.002Z] [Router:MainRoute] current() {
  "active": "Home",
  "available": [
    {
      "id": "Home",
      "active": true
    },
    {
      "id": "Support",
      "active": false
    },
    {
      "id": "Introduction",
      "active": false
    }
  ]
}
[2026-06-01T15:23:19.355Z] [Router:MainRoute] currentPage getter {
  "result": "Home",
  "history": []
}
[2026-06-01T15:23:19.355Z] [Router:MainRoute] currentPage getter {
  "result": "Home",
  "history": []
}
[2026-06-01T15:23:19.355Z] [Router:MainRoute] currentPage getter {
  "result": "Home",
  "history": []
}
[2026-06-01T15:23:19.355Z] [Router:MainRoute] current() {
  "active": "Home",
  "available": [
    {
      "id": "Home",
      "active": true
    },
    {
      "id": "Support",
      "active": false
    },
    {
      "id": "Introduction",
      "active": false
    }
  ]
}
[2026-06-01T15:23:20.587Z] [Router:MainRoute] constructor {
  "routerId": "MainRoute",
  "config": {
    "saveOrder": true
  }
}
[2026-06-01T15:23:20.587Z] [Router:MainRoute] create() called [
  "Support",
  "Introduction",
  "Home"
]
[2026-06-01T15:23:20.588Z] [Router:MainRoute] loading component Support
[2026-06-01T15:23:20.588Z] [Router:MainRoute] loading component Introduction
[2026-06-01T15:23:20.588Z] [Router:MainRoute] loading component Home
[2026-06-01T15:23:20.593Z] [Router:MainRoute] component resolved Support
[2026-06-01T15:23:20.593Z] [Router:MainRoute] create.update() error {
  "code": "ZRUI_INVALID_STATE",
  "message": "update: lifecycle operation already in flight"
}
[2026-06-01T15:23:20.594Z] [Router:MainRoute] component resolved Introduction
[2026-06-01T15:23:20.595Z] [Router:MainRoute] create.update() error {
  "code": "ZRUI_INVALID_STATE",
  "message": "update: lifecycle operation already in flight"
}
[2026-06-01T15:23:20.599Z] [Router:MainRoute] component resolved Home
[2026-06-01T15:23:20.600Z] [Router:MainRoute] create.update() error {
  "code": "ZRUI_INVALID_STATE",
  "message": "update: lifecycle operation already in flight"
}
[2026-06-01T15:23:20.606Z] [Router:MainRoute] create.update() error {
  "code": "ZRUI_INVALID_STATE",
  "message": "update: lifecycle operation already in flight"
}
[2026-06-01T15:23:20.606Z] [Router:MainRoute] create.update() error {
  "code": "ZRUI_INVALID_STATE",
  "message": "update: lifecycle operation already in flight"
}
[2026-06-01T15:23:20.620Z] [Router:MainRoute] create.update() error {
  "code": "ZRUI_INVALID_STATE",
  "message": "update: lifecycle operation already in flight"
}
[2026-06-01T15:23:20.620Z] [Router:MainRoute] create.update() error {
  "code": "ZRUI_INVALID_STATE",
  "message": "update: lifecycle operation already in flight"
}
[2026-06-01T15:23:20.620Z] [Router:MainRoute] create.update() error {
  "code": "ZRUI_INVALID_STATE",
  "message": "update: lifecycle operation already in flight"
}
[2026-06-01T15:23:20.637Z] [Router:MainRoute] create.update() error {
  "code": "ZRUI_INVALID_STATE",
  "message": "update: lifecycle operation already in flight"
}
[2026-06-01T15:23:20.637Z] [Router:MainRoute] create.update() error {
  "code": "ZRUI_INVALID_STATE",
  "message": "update: lifecycle operation already in flight"
}
[2026-06-01T15:23:20.637Z] [Router:MainRoute] create.update() error {
  "code": "ZRUI_INVALID_STATE",
  "message": "update: lifecycle operation already in flight"
}
[2026-06-01T15:23:20.654Z] [Router:MainRoute] create.update() error {
  "code": "ZRUI_INVALID_STATE",
  "message": "update: lifecycle operation already in flight"
}
[2026-06-01T15:23:20.654Z] [Router:MainRoute] create.update() error {
  "code": "ZRUI_INVALID_STATE",
  "message": "update: lifecycle operation already in flight"
}
[2026-06-01T15:23:20.654Z] [Router:MainRoute] create.update() error {
  "code": "ZRUI_INVALID_STATE",
  "message": "update: lifecycle operation already in flight"
}
[2026-06-01T15:23:20.661Z] [Router:MainRoute] current() -> no routerBundles 
[2026-06-01T15:23:20.685Z] [Router:MainRoute] create.update() before {
  "dataId": "Home",
  "bundleKeys": [],
  "routeBucketKeys": []
}
[2026-06-01T15:23:20.685Z] [Router:MainRoute] create.update() after {
  "dataId": "Home",
  "routeBucketKeys": [
    "Home"
  ]
}
[2026-06-01T15:23:20.685Z] [Router:MainRoute] debugBundles [
  {
    "id": "Home",
    "active": true
  }
]
[2026-06-01T15:23:20.686Z] [Router:MainRoute] current() {
  "active": "Home",
  "available": [
    {
      "id": "Home",
      "active": true
    }
  ]
}
[2026-06-01T15:23:20.695Z] [Router:MainRoute] create.update() before {
  "dataId": "Support",
  "bundleKeys": [
    "MainRoute"
  ],
  "routeBucketKeys": [
    "Home"
  ]
}
[2026-06-01T15:23:20.695Z] [Router:MainRoute] create.update() after {
  "dataId": "Support",
  "routeBucketKeys": [
    "Home",
    "Support"
  ]
}
[2026-06-01T15:23:20.695Z] [Router:MainRoute] debugBundles [
  {
    "id": "Home",
    "active": true
  },
  {
    "id": "Support",
    "active": false
  }
]
[2026-06-01T15:23:20.695Z] [Router:MainRoute] create.update() before {
  "dataId": "Introduction",
  "bundleKeys": [
    "MainRoute"
  ],
  "routeBucketKeys": [
    "Home",
    "Support"
  ]
}
[2026-06-01T15:23:20.696Z] [Router:MainRoute] create.update() after {
  "dataId": "Introduction",
  "routeBucketKeys": [
    "Home",
    "Support",
    "Introduction"
  ]
}
[2026-06-01T15:23:20.696Z] [Router:MainRoute] debugBundles [
  {
    "id": "Home",
    "active": true
  },
  {
    "id": "Support",
    "active": false
  },
  {
    "id": "Introduction",
    "active": false
  }
]
[2026-06-01T15:23:20.696Z] [Router:MainRoute] current() {
  "active": "Home",
  "available": [
    {
      "id": "Home",
      "active": true
    },
    {
      "id": "Support",
      "active": false
    },
    {
      "id": "Introduction",
      "active": false
    }
  ]
}
[2026-06-01T15:23:21.255Z] [Router:MainRoute] order getter initialized history []
[2026-06-01T15:23:21.255Z] [Router:MainRoute] currentPage getter {
  "result": "Home",
  "history": []
}
[2026-06-01T15:23:21.255Z] [Router:MainRoute] current() {
  "active": "Home",
  "available": [
    {
      "id": "Home",
      "active": true
    },
    {
      "id": "Support",
      "active": false
    },
    {
      "id": "Introduction",
      "active": false
    }
  ]
}
[2026-06-01T15:23:21.458Z] [Router:MainRoute] currentPage getter {
  "result": "Home",
  "history": []
}
[2026-06-01T15:23:21.459Z] [Router:MainRoute] current() {
  "active": "Home",
  "available": [
    {
      "id": "Home",
      "active": true
    },
    {
      "id": "Support",
      "active": false
    },
    {
      "id": "Introduction",
      "active": false
    }
  ]
}
[2026-06-01T15:23:21.736Z] [Router:MainRoute] currentPage getter {
  "result": "Home",
  "history": []
}
[2026-06-01T15:23:21.736Z] [Router:MainRoute] currentPage getter {
  "result": "Home",
  "history": []
}
[2026-06-01T15:23:21.737Z] [Router:MainRoute] currentPage getter {
  "result": "Home",
  "history": []
}
[2026-06-01T15:23:21.737Z] [Router:MainRoute] current() {
  "active": "Home",
  "available": [
    {
      "id": "Home",
      "active": true
    },
    {
      "id": "Support",
      "active": false
    },
    {
      "id": "Introduction",
      "active": false
    }
  ]
}
[2026-06-01T15:23:26.736Z] [Router:MainRoute] current() {
  "active": "Home",
  "available": [
    {
      "id": "Home",
      "active": true
    },
    {
      "id": "Support",
      "active": false
    },
    {
      "id": "Introduction",
      "active": false
    }
  ]
}
[2026-06-01T15:23:27.120Z] [Router:MainRoute] currentPage getter {
  "result": "Home",
  "history": []
}
[2026-06-01T15:23:27.120Z] [Router:MainRoute] current() {
  "active": "Home",
  "available": [
    {
      "id": "Home",
      "active": true
    },
    {
      "id": "Support",
      "active": false
    },
    {
      "id": "Introduction",
      "active": false
    }
  ]
}
[2026-06-01T15:23:27.258Z] [Router:MainRoute] currentPage getter {
  "result": "Home",
  "history": []
}
[2026-06-01T15:23:27.259Z] [Router:MainRoute] current() {
  "active": "Home",
  "available": [
    {
      "id": "Home",
      "active": true
    },
    {
      "id": "Support",
      "active": false
    },
    {
      "id": "Introduction",
      "active": false
    }
  ]
}
[2026-06-01T15:23:27.366Z] [Router:MainRoute] currentPage getter {
  "result": "Home",
  "history": []
}
[2026-06-01T15:23:27.367Z] [Router:MainRoute] current() {
  "active": "Home",
  "available": [
    {
      "id": "Home",
      "active": true
    },
    {
      "id": "Support",
      "active": false
    },
    {
      "id": "Introduction",
      "active": false
    }
  ]
}
[2026-06-01T15:23:27.584Z] [Router:MainRoute] currentPage getter {
  "result": "Home",
  "history": []
}
[2026-06-01T15:23:27.585Z] [Router:MainRoute] current() {
  "active": "Home",
  "available": [
    {
      "id": "Home",
      "active": true
    },
    {
      "id": "Support",
      "active": false
    },
    {
      "id": "Introduction",
      "active": false
    }
  ]
}
[2026-06-01T15:23:29.765Z] [Router:MainRoute] current() {
  "active": "Home",
  "available": [
    {
      "id": "Home",
      "active": true
    },
    {
      "id": "Support",
      "active": false
    },
    {
      "id": "Introduction",
      "active": false
    }
  ]
}
[2026-06-01T15:23:29.937Z] [Router:MainRoute] currentPage getter {
  "result": "Home",
  "history": []
}
[2026-06-01T15:23:29.937Z] [Router:MainRoute] current() {
  "active": "Home",
  "available": [
    {
      "id": "Home",
      "active": true
    },
    {
      "id": "Support",
      "active": false
    },
    {
      "id": "Introduction",
      "active": false
    }
  ]
}
[2026-06-01T15:23:30.154Z] [Router:MainRoute] currentPage getter {
  "result": "Home",
  "history": []
}
[2026-06-01T15:23:30.155Z] [Router:MainRoute] currentPage getter {
  "result": "Home",
  "history": []
}
[2026-06-01T15:23:30.155Z] [Router:MainRoute] currentPage getter {
  "result": "Home",
  "history": []
}
[2026-06-01T15:23:30.155Z] [Router:MainRoute] current() {
  "active": "Home",
  "available": [
    {
      "id": "Home",
      "active": true
    },
    {
      "id": "Support",
      "active": false
    },
    {
      "id": "Introduction",
      "active": false
    }
  ]
}
[2026-06-01T15:23:32.769Z] [Router:MainRoute] current() {
  "active": "Home",
  "available": [
    {
      "id": "Home",
      "active": true
    },
    {
      "id": "Support",
      "active": false
    },
    {
      "id": "Introduction",
      "active": false
    }
  ]
}
[2026-06-01T15:23:33.092Z] [Router:MainRoute] currentPage getter {
  "result": "Home",
  "history": []
}
[2026-06-01T15:23:33.092Z] [Router:MainRoute] current() {
  "active": "Home",
  "available": [
    {
      "id": "Home",
      "active": true
    },
    {
      "id": "Support",
      "active": false
    },
    {
      "id": "Introduction",
      "active": false
    }
  ]
}
[2026-06-01T15:23:33.216Z] [Router:MainRoute] currentPage getter {
  "result": "Home",
  "history": []
}
[2026-06-01T15:23:33.216Z] [Router:MainRoute] current() {
  "active": "Home",
  "available": [
    {
      "id": "Home",
      "active": true
    },
    {
      "id": "Support",
      "active": false
    },
    {
      "id": "Introduction",
      "active": false
    }
  ]
}
[2026-06-01T15:23:33.429Z] [Router:MainRoute] currentPage getter {
  "result": "Home",
  "history": []
}
[2026-06-01T15:23:33.429Z] [Router:MainRoute] currentPage getter {
  "result": "Home",
  "history": []
}
[2026-06-01T15:23:33.429Z] [Router:MainRoute] currentPage getter {
  "result": "Home",
  "history": []
}
[2026-06-01T15:23:33.429Z] [Router:MainRoute] current() {
  "active": "Home",
  "available": [
    {
      "id": "Home",
      "active": true
    },
    {
      "id": "Support",
      "active": false
    },
    {
      "id": "Introduction",
      "active": false
    }
  ]
}
[2026-06-01T15:23:35.937Z] [Router:MainRoute] current() {
  "active": "Home",
  "available": [
    {
      "id": "Home",
      "active": true
    },
    {
      "id": "Support",
      "active": false
    },
    {
      "id": "Introduction",
      "active": false
    }
  ]
}
[2026-06-01T15:23:36.202Z] [Router:MainRoute] currentPage getter {
  "result": "Home",
  "history": []
}
[2026-06-01T15:23:36.202Z] [Router:MainRoute] current() {
  "active": "Home",
  "available": [
    {
      "id": "Home",
      "active": true
    },
    {
      "id": "Support",
      "active": false
    },
    {
      "id": "Introduction",
      "active": false
    }
  ]
}
[2026-06-01T15:23:36.510Z] [Router:MainRoute] currentPage getter {
  "result": "Home",
  "history": []
}
[2026-06-01T15:23:36.511Z] [Router:MainRoute] currentPage getter {
  "result": "Home",
  "history": []
}
[2026-06-01T15:23:36.511Z] [Router:MainRoute] currentPage getter {
  "result": "Home",
  "history": []
}
[2026-06-01T15:23:36.511Z] [Router:MainRoute] current() {
  "active": "Home",
  "available": [
    {
      "id": "Home",
      "active": true
    },
    {
      "id": "Support",
      "active": false
    },
    {
      "id": "Introduction",
      "active": false
    }
  ]
}
[2026-06-01T15:23:38.121Z] [Router:MainRoute] current() {
  "active": "Home",
  "available": [
    {
      "id": "Home",
      "active": true
    },
    {
      "id": "Support",
      "active": false
    },
    {
      "id": "Introduction",
      "active": false
    }
  ]
}
[2026-06-01T15:23:38.370Z] [Router:MainRoute] currentPage getter {
  "result": "Home",
  "history": []
}
[2026-06-01T15:23:38.370Z] [Router:MainRoute] current() {
  "active": "Home",
  "available": [
    {
      "id": "Home",
      "active": true
    },
    {
      "id": "Support",
      "active": false
    },
    {
      "id": "Introduction",
      "active": false
    }
  ]
}
[2026-06-01T15:23:56.192Z] [Router:MainRoute] currentPage getter {
  "result": "Home",
  "history": []
}
[2026-06-01T15:23:56.193Z] [Router:MainRoute] current() {
  "active": "Home",
  "available": [
    {
      "id": "Home",
      "active": true
    },
    {
      "id": "Support",
      "active": false
    },
    {
      "id": "Introduction",
      "active": false
    }
  ]
}
[2026-06-01T15:23:56.364Z] [Router:MainRoute] currentPage getter {
  "result": "Home",
  "history": []
}
[2026-06-01T15:23:56.364Z] [Router:MainRoute] current() {
  "active": "Home",
  "available": [
    {
      "id": "Home",
      "active": true
    },
    {
      "id": "Support",
      "active": false
    },
    {
      "id": "Introduction",
      "active": false
    }
  ]
}
[2026-06-01T15:23:56.626Z] [Router:MainRoute] currentPage getter {
  "result": "Home",
  "history": []
}
[2026-06-01T15:23:56.627Z] [Router:MainRoute] currentPage getter {
  "result": "Home",
  "history": []
}
[2026-06-01T15:23:56.627Z] [Router:MainRoute] currentPage getter {
  "result": "Home",
  "history": []
}
[2026-06-01T15:23:56.627Z] [Router:MainRoute] current() {
  "active": "Home",
  "available": [
    {
      "id": "Home",
      "active": true
    },
    {
      "id": "Support",
      "active": false
    },
    {
      "id": "Introduction",
      "active": false
    }
  ]
}
[2026-06-01T15:24:10.280Z] [Router:MainRoute] constructor {
  "routerId": "MainRoute",
  "config": {
    "saveOrder": true
  }
}
[2026-06-01T15:24:10.280Z] [Router:MainRoute] create() called [
  "Support",
  "Introduction",
  "Home"
]
[2026-06-01T15:24:10.280Z] [Router:MainRoute] loading component Support
[2026-06-01T15:24:10.281Z] [Router:MainRoute] loading component Introduction
[2026-06-01T15:24:10.281Z] [Router:MainRoute] loading component Home
[2026-06-01T15:24:10.285Z] [Router:MainRoute] component resolved Support
[2026-06-01T15:24:10.286Z] [Router:MainRoute] create.update() error {
  "code": "ZRUI_INVALID_STATE",
  "message": "update: lifecycle operation already in flight"
}
[2026-06-01T15:24:10.286Z] [Router:MainRoute] component resolved Introduction
[2026-06-01T15:24:10.286Z] [Router:MainRoute] create.update() error {
  "code": "ZRUI_INVALID_STATE",
  "message": "update: lifecycle operation already in flight"
}
[2026-06-01T15:24:10.291Z] [Router:MainRoute] component resolved Home
[2026-06-01T15:24:10.291Z] [Router:MainRoute] create.update() error {
  "code": "ZRUI_INVALID_STATE",
  "message": "update: lifecycle operation already in flight"
}
[2026-06-01T15:24:10.298Z] [Router:MainRoute] create.update() error {
  "code": "ZRUI_INVALID_STATE",
  "message": "update: lifecycle operation already in flight"
}
[2026-06-01T15:24:10.298Z] [Router:MainRoute] create.update() error {
  "code": "ZRUI_INVALID_STATE",
  "message": "update: lifecycle operation already in flight"
}
[2026-06-01T15:24:10.312Z] [Router:MainRoute] create.update() error {
  "code": "ZRUI_INVALID_STATE",
  "message": "update: lifecycle operation already in flight"
}
[2026-06-01T15:24:10.312Z] [Router:MainRoute] create.update() error {
  "code": "ZRUI_INVALID_STATE",
  "message": "update: lifecycle operation already in flight"
}
[2026-06-01T15:24:10.313Z] [Router:MainRoute] create.update() error {
  "code": "ZRUI_INVALID_STATE",
  "message": "update: lifecycle operation already in flight"
}
[2026-06-01T15:24:10.329Z] [Router:MainRoute] create.update() error {
  "code": "ZRUI_INVALID_STATE",
  "message": "update: lifecycle operation already in flight"
}
[2026-06-01T15:24:10.329Z] [Router:MainRoute] create.update() error {
  "code": "ZRUI_INVALID_STATE",
  "message": "update: lifecycle operation already in flight"
}
[2026-06-01T15:24:10.330Z] [Router:MainRoute] create.update() error {
  "code": "ZRUI_INVALID_STATE",
  "message": "update: lifecycle operation already in flight"
}
[2026-06-01T15:24:10.347Z] [Router:MainRoute] create.update() error {
  "code": "ZRUI_INVALID_STATE",
  "message": "update: lifecycle operation already in flight"
}
[2026-06-01T15:24:10.347Z] [Router:MainRoute] create.update() error {
  "code": "ZRUI_INVALID_STATE",
  "message": "update: lifecycle operation already in flight"
}
[2026-06-01T15:24:10.347Z] [Router:MainRoute] create.update() error {
  "code": "ZRUI_INVALID_STATE",
  "message": "update: lifecycle operation already in flight"
}
[2026-06-01T15:24:10.353Z] [Router:MainRoute] current() -> no routerBundles 
[2026-06-01T15:24:10.371Z] [Router:MainRoute] create.update() before {
  "dataId": "Home",
  "bundleKeys": [],
  "routeBucketKeys": []
}
[2026-06-01T15:24:10.371Z] [Router:MainRoute] create.update() after {
  "dataId": "Home",
  "routeBucketKeys": [
    "Home"
  ]
}
[2026-06-01T15:24:10.372Z] [Router:MainRoute] debugBundles [
  {
    "id": "Home",
    "active": true
  }
]
[2026-06-01T15:24:10.372Z] [Router:MainRoute] current() {
  "active": "Home",
  "available": [
    {
      "id": "Home",
      "active": true
    }
  ]
}
[2026-06-01T15:24:10.381Z] [Router:MainRoute] create.update() before {
  "dataId": "Support",
  "bundleKeys": [
    "MainRoute"
  ],
  "routeBucketKeys": [
    "Home"
  ]
}
[2026-06-01T15:24:10.381Z] [Router:MainRoute] create.update() after {
  "dataId": "Support",
  "routeBucketKeys": [
    "Home",
    "Support"
  ]
}
[2026-06-01T15:24:10.382Z] [Router:MainRoute] debugBundles [
  {
    "id": "Home",
    "active": true
  },
  {
    "id": "Support",
    "active": false
  }
]
[2026-06-01T15:24:10.382Z] [Router:MainRoute] create.update() before {
  "dataId": "Introduction",
  "bundleKeys": [
    "MainRoute"
  ],
  "routeBucketKeys": [
    "Home",
    "Support"
  ]
}
[2026-06-01T15:24:10.382Z] [Router:MainRoute] create.update() after {
  "dataId": "Introduction",
  "routeBucketKeys": [
    "Home",
    "Support",
    "Introduction"
  ]
}
[2026-06-01T15:24:10.382Z] [Router:MainRoute] debugBundles [
  {
    "id": "Home",
    "active": true
  },
  {
    "id": "Support",
    "active": false
  },
  {
    "id": "Introduction",
    "active": false
  }
]
[2026-06-01T15:24:10.385Z] [Router:MainRoute] current() {
  "active": "Home",
  "available": [
    {
      "id": "Home",
      "active": true
    },
    {
      "id": "Support",
      "active": false
    },
    {
      "id": "Introduction",
      "active": false
    }
  ]
}
[2026-06-01T15:24:11.478Z] [Router:MainRoute] order getter initialized history []
[2026-06-01T15:24:11.478Z] [Router:MainRoute] currentPage getter {
  "result": "Home",
  "history": []
}
[2026-06-01T15:24:11.478Z] [Router:MainRoute] currentPage getter {
  "result": "Home",
  "history": []
}
[2026-06-01T15:24:11.479Z] [Router:MainRoute] currentPage getter {
  "result": "Home",
  "history": []
}
[2026-06-01T15:24:11.479Z] [Router:MainRoute] current() {
  "active": "Home",
  "available": [
    {
      "id": "Home",
      "active": true
    },
    {
      "id": "Support",
      "active": false
    },
    {
      "id": "Introduction",
      "active": false
    }
  ]
}
[2026-06-01T15:24:21.196Z] [Router:MainRoute] constructor {
  "routerId": "MainRoute",
  "config": {
    "saveOrder": true
  }
}
[2026-06-01T15:24:21.196Z] [Router:MainRoute] create() called [
  "Support",
  "Introduction",
  "Home"
]
[2026-06-01T15:24:21.196Z] [Router:MainRoute] loading component Support
[2026-06-01T15:24:21.197Z] [Router:MainRoute] loading component Introduction
[2026-06-01T15:24:21.197Z] [Router:MainRoute] loading component Home
[2026-06-01T15:24:21.200Z] [Router:MainRoute] component resolved Introduction
[2026-06-01T15:24:21.201Z] [Router:MainRoute] create.update() error {
  "code": "ZRUI_INVALID_STATE",
  "message": "update: lifecycle operation already in flight"
}
[2026-06-01T15:24:21.201Z] [Router:MainRoute] component resolved Support
[2026-06-01T15:24:21.201Z] [Router:MainRoute] create.update() error {
  "code": "ZRUI_INVALID_STATE",
  "message": "update: lifecycle operation already in flight"
}
[2026-06-01T15:24:21.205Z] [Router:MainRoute] component resolved Home
[2026-06-01T15:24:21.205Z] [Router:MainRoute] create.update() error {
  "code": "ZRUI_INVALID_STATE",
  "message": "update: lifecycle operation already in flight"
}
[2026-06-01T15:24:21.221Z] [Router:MainRoute] create.update() error {
  "code": "ZRUI_INVALID_STATE",
  "message": "update: lifecycle operation already in flight"
}
[2026-06-01T15:24:21.222Z] [Router:MainRoute] create.update() error {
  "code": "ZRUI_INVALID_STATE",
  "message": "update: lifecycle operation already in flight"
}
[2026-06-01T15:24:21.222Z] [Router:MainRoute] create.update() error {
  "code": "ZRUI_INVALID_STATE",
  "message": "update: lifecycle operation already in flight"
}
[2026-06-01T15:24:21.237Z] [Router:MainRoute] create.update() error {
  "code": "ZRUI_INVALID_STATE",
  "message": "update: lifecycle operation already in flight"
}
[2026-06-01T15:24:21.238Z] [Router:MainRoute] create.update() error {
  "code": "ZRUI_INVALID_STATE",
  "message": "update: lifecycle operation already in flight"
}
[2026-06-01T15:24:21.238Z] [Router:MainRoute] create.update() error {
  "code": "ZRUI_INVALID_STATE",
  "message": "update: lifecycle operation already in flight"
}
[2026-06-01T15:24:21.254Z] [Router:MainRoute] create.update() error {
  "code": "ZRUI_INVALID_STATE",
  "message": "update: lifecycle operation already in flight"
}
[2026-06-01T15:24:21.254Z] [Router:MainRoute] create.update() error {
  "code": "ZRUI_INVALID_STATE",
  "message": "update: lifecycle operation already in flight"
}
[2026-06-01T15:24:21.255Z] [Router:MainRoute] create.update() error {
  "code": "ZRUI_INVALID_STATE",
  "message": "update: lifecycle operation already in flight"
}
[2026-06-01T15:24:21.260Z] [Router:MainRoute] current() -> no routerBundles 
[2026-06-01T15:24:21.285Z] [Router:MainRoute] create.update() before {
  "dataId": "Introduction",
  "bundleKeys": [],
  "routeBucketKeys": []
}
[2026-06-01T15:24:21.286Z] [Router:MainRoute] create.update() after {
  "dataId": "Introduction",
  "routeBucketKeys": [
    "Introduction"
  ]
}
[2026-06-01T15:24:21.286Z] [Router:MainRoute] debugBundles [
  {
    "id": "Introduction",
    "active": false
  }
]
[2026-06-01T15:24:21.286Z] [Router:MainRoute] current() {
  "active": null,
  "available": [
    {
      "id": "Introduction",
      "active": false
    }
  ]
}
[2026-06-01T15:24:21.289Z] [Router:MainRoute] create.update() before {
  "dataId": "Support",
  "bundleKeys": [
    "MainRoute"
  ],
  "routeBucketKeys": [
    "Introduction"
  ]
}
[2026-06-01T15:24:21.290Z] [Router:MainRoute] create.update() after {
  "dataId": "Support",
  "routeBucketKeys": [
    "Introduction",
    "Support"
  ]
}
[2026-06-01T15:24:21.290Z] [Router:MainRoute] debugBundles [
  {
    "id": "Introduction",
    "active": false
  },
  {
    "id": "Support",
    "active": false
  }
]
[2026-06-01T15:24:21.290Z] [Router:MainRoute] create.update() before {
  "dataId": "Home",
  "bundleKeys": [
    "MainRoute"
  ],
  "routeBucketKeys": [
    "Introduction",
    "Support"
  ]
}
[2026-06-01T15:24:21.290Z] [Router:MainRoute] create.update() after {
  "dataId": "Home",
  "routeBucketKeys": [
    "Introduction",
    "Support",
    "Home"
  ]
}
[2026-06-01T15:24:21.290Z] [Router:MainRoute] debugBundles [
  {
    "id": "Introduction",
    "active": false
  },
  {
    "id": "Support",
    "active": false
  },
  {
    "id": "Home",
    "active": true
  }
]
[2026-06-01T15:24:21.290Z] [Router:MainRoute] current() {
  "active": "Home",
  "available": [
    {
      "id": "Introduction",
      "active": false
    },
    {
      "id": "Support",
      "active": false
    },
    {
      "id": "Home",
      "active": true
    }
  ]
}
[2026-06-01T15:24:22.002Z] [Router:MainRoute] order getter initialized history []
[2026-06-01T15:24:22.002Z] [Router:MainRoute] currentPage getter {
  "result": "Home",
  "history": []
}
[2026-06-01T15:24:22.002Z] [Router:MainRoute] currentPage getter {
  "result": "Home",
  "history": []
}
[2026-06-01T15:24:22.003Z] [Router:MainRoute] currentPage getter {
  "result": "Home",
  "history": []
}
[2026-06-01T15:24:22.003Z] [Router:MainRoute] current() {
  "active": "Home",
  "available": [
    {
      "id": "Introduction",
      "active": false
    },
    {
      "id": "Support",
      "active": false
    },
    {
      "id": "Home",
      "active": true
    }
  ]
}
[2026-06-01T15:24:25.981Z] [Router:MainRoute] constructor {
  "routerId": "MainRoute",
  "config": {
    "saveOrder": true
  }
}
[2026-06-01T15:24:25.981Z] [Router:MainRoute] create() called [
  "Support",
  "Introduction",
  "Home"
]
[2026-06-01T15:24:25.981Z] [Router:MainRoute] loading component Support
[2026-06-01T15:24:25.982Z] [Router:MainRoute] loading component Introduction
[2026-06-01T15:24:25.982Z] [Router:MainRoute] loading component Home
[2026-06-01T15:24:25.987Z] [Router:MainRoute] component resolved Support
[2026-06-01T15:24:25.988Z] [Router:MainRoute] create.update() error {
  "code": "ZRUI_INVALID_STATE",
  "message": "update: lifecycle operation already in flight"
}
[2026-06-01T15:24:25.988Z] [Router:MainRoute] component resolved Introduction
[2026-06-01T15:24:25.988Z] [Router:MainRoute] create.update() error {
  "code": "ZRUI_INVALID_STATE",
  "message": "update: lifecycle operation already in flight"
}
[2026-06-01T15:24:25.993Z] [Router:MainRoute] component resolved Home
[2026-06-01T15:24:25.993Z] [Router:MainRoute] create.update() error {
  "code": "ZRUI_INVALID_STATE",
  "message": "update: lifecycle operation already in flight"
}
[2026-06-01T15:24:26.007Z] [Router:MainRoute] create.update() error {
  "code": "ZRUI_INVALID_STATE",
  "message": "update: lifecycle operation already in flight"
}
[2026-06-01T15:24:26.007Z] [Router:MainRoute] create.update() error {
  "code": "ZRUI_INVALID_STATE",
  "message": "update: lifecycle operation already in flight"
}
[2026-06-01T15:24:26.007Z] [Router:MainRoute] create.update() error {
  "code": "ZRUI_INVALID_STATE",
  "message": "update: lifecycle operation already in flight"
}
[2026-06-01T15:24:26.022Z] [Router:MainRoute] create.update() error {
  "code": "ZRUI_INVALID_STATE",
  "message": "update: lifecycle operation already in flight"
}
[2026-06-01T15:24:26.022Z] [Router:MainRoute] create.update() error {
  "code": "ZRUI_INVALID_STATE",
  "message": "update: lifecycle operation already in flight"
}
[2026-06-01T15:24:26.023Z] [Router:MainRoute] create.update() error {
  "code": "ZRUI_INVALID_STATE",
  "message": "update: lifecycle operation already in flight"
}
[2026-06-01T15:24:26.037Z] [Router:MainRoute] create.update() error {
  "code": "ZRUI_INVALID_STATE",
  "message": "update: lifecycle operation already in flight"
}
[2026-06-01T15:24:26.037Z] [Router:MainRoute] create.update() error {
  "code": "ZRUI_INVALID_STATE",
  "message": "update: lifecycle operation already in flight"
}
[2026-06-01T15:24:26.038Z] [Router:MainRoute] create.update() error {
  "code": "ZRUI_INVALID_STATE",
  "message": "update: lifecycle operation already in flight"
}
[2026-06-01T15:24:26.044Z] [Router:MainRoute] current() -> no routerBundles 
[2026-06-01T15:24:26.062Z] [Router:MainRoute] create.update() before {
  "dataId": "Support",
  "bundleKeys": [],
  "routeBucketKeys": []
}
[2026-06-01T15:24:26.062Z] [Router:MainRoute] create.update() after {
  "dataId": "Support",
  "routeBucketKeys": [
    "Support"
  ]
}
[2026-06-01T15:24:26.063Z] [Router:MainRoute] debugBundles [
  {
    "id": "Support",
    "active": false
  }
]
[2026-06-01T15:24:26.063Z] [Router:MainRoute] current() {
  "active": null,
  "available": [
    {
      "id": "Support",
      "active": false
    }
  ]
}
[2026-06-01T15:24:26.065Z] [Router:MainRoute] create.update() before {
  "dataId": "Introduction",
  "bundleKeys": [
    "MainRoute"
  ],
  "routeBucketKeys": [
    "Support"
  ]
}
[2026-06-01T15:24:26.065Z] [Router:MainRoute] create.update() after {
  "dataId": "Introduction",
  "routeBucketKeys": [
    "Support",
    "Introduction"
  ]
}
[2026-06-01T15:24:26.066Z] [Router:MainRoute] debugBundles [
  {
    "id": "Support",
    "active": false
  },
  {
    "id": "Introduction",
    "active": false
  }
]
[2026-06-01T15:24:26.066Z] [Router:MainRoute] create.update() before {
  "dataId": "Home",
  "bundleKeys": [
    "MainRoute"
  ],
  "routeBucketKeys": [
    "Support",
    "Introduction"
  ]
}
[2026-06-01T15:24:26.066Z] [Router:MainRoute] create.update() after {
  "dataId": "Home",
  "routeBucketKeys": [
    "Support",
    "Introduction",
    "Home"
  ]
}
[2026-06-01T15:24:26.066Z] [Router:MainRoute] debugBundles [
  {
    "id": "Support",
    "active": false
  },
  {
    "id": "Introduction",
    "active": false
  },
  {
    "id": "Home",
    "active": true
  }
]
[2026-06-01T15:24:26.069Z] [Router:MainRoute] current() {
  "active": "Home",
  "available": [
    {
      "id": "Support",
      "active": false
    },
    {
      "id": "Introduction",
      "active": false
    },
    {
      "id": "Home",
      "active": true
    }
  ]
}
[2026-06-01T15:24:29.095Z] [Router:MainRoute] constructor {
  "routerId": "MainRoute",
  "config": {
    "saveOrder": true
  }
}
[2026-06-01T15:24:29.095Z] [Router:MainRoute] create() called [
  "Support",
  "Introduction",
  "Home"
]
[2026-06-01T15:24:29.095Z] [Router:MainRoute] loading component Support
[2026-06-01T15:24:29.096Z] [Router:MainRoute] loading component Introduction
[2026-06-01T15:24:29.096Z] [Router:MainRoute] loading component Home
[2026-06-01T15:24:29.100Z] [Router:MainRoute] component resolved Support
[2026-06-01T15:24:29.101Z] [Router:MainRoute] create.update() error {
  "code": "ZRUI_INVALID_STATE",
  "message": "update: lifecycle operation already in flight"
}
[2026-06-01T15:24:29.102Z] [Router:MainRoute] component resolved Introduction
[2026-06-01T15:24:29.102Z] [Router:MainRoute] create.update() error {
  "code": "ZRUI_INVALID_STATE",
  "message": "update: lifecycle operation already in flight"
}
[2026-06-01T15:24:29.107Z] [Router:MainRoute] component resolved Home
[2026-06-01T15:24:29.107Z] [Router:MainRoute] create.update() error {
  "code": "ZRUI_INVALID_STATE",
  "message": "update: lifecycle operation already in flight"
}
[2026-06-01T15:24:29.114Z] [Router:MainRoute] create.update() error {
  "code": "ZRUI_INVALID_STATE",
  "message": "update: lifecycle operation already in flight"
}
[2026-06-01T15:24:29.115Z] [Router:MainRoute] create.update() error {
  "code": "ZRUI_INVALID_STATE",
  "message": "update: lifecycle operation already in flight"
}
[2026-06-01T15:24:29.128Z] [Router:MainRoute] create.update() error {
  "code": "ZRUI_INVALID_STATE",
  "message": "update: lifecycle operation already in flight"
}
[2026-06-01T15:24:29.128Z] [Router:MainRoute] create.update() error {
  "code": "ZRUI_INVALID_STATE",
  "message": "update: lifecycle operation already in flight"
}
[2026-06-01T15:24:29.128Z] [Router:MainRoute] create.update() error {
  "code": "ZRUI_INVALID_STATE",
  "message": "update: lifecycle operation already in flight"
}
[2026-06-01T15:24:29.145Z] [Router:MainRoute] create.update() error {
  "code": "ZRUI_INVALID_STATE",
  "message": "update: lifecycle operation already in flight"
}
[2026-06-01T15:24:29.146Z] [Router:MainRoute] create.update() error {
  "code": "ZRUI_INVALID_STATE",
  "message": "update: lifecycle operation already in flight"
}
[2026-06-01T15:24:29.146Z] [Router:MainRoute] create.update() error {
  "code": "ZRUI_INVALID_STATE",
  "message": "update: lifecycle operation already in flight"
}
[2026-06-01T15:24:29.162Z] [Router:MainRoute] create.update() error {
  "code": "ZRUI_INVALID_STATE",
  "message": "update: lifecycle operation already in flight"
}
[2026-06-01T15:24:29.162Z] [Router:MainRoute] create.update() error {
  "code": "ZRUI_INVALID_STATE",
  "message": "update: lifecycle operation already in flight"
}
[2026-06-01T15:24:29.162Z] [Router:MainRoute] create.update() error {
  "code": "ZRUI_INVALID_STATE",
  "message": "update: lifecycle operation already in flight"
}
[2026-06-01T15:24:29.168Z] [Router:MainRoute] current() -> no routerBundles 
[2026-06-01T15:24:29.186Z] [Router:MainRoute] create.update() before {
  "dataId": "Home",
  "bundleKeys": [],
  "routeBucketKeys": []
}
[2026-06-01T15:24:29.187Z] [Router:MainRoute] create.update() after {
  "dataId": "Home",
  "routeBucketKeys": [
    "Home"
  ]
}
[2026-06-01T15:24:29.187Z] [Router:MainRoute] debugBundles [
  {
    "id": "Home",
    "active": true
  }
]
[2026-06-01T15:24:29.187Z] [Router:MainRoute] current() {
  "active": "Home",
  "available": [
    {
      "id": "Home",
      "active": true
    }
  ]
}
[2026-06-01T15:24:29.197Z] [Router:MainRoute] create.update() before {
  "dataId": "Support",
  "bundleKeys": [
    "MainRoute"
  ],
  "routeBucketKeys": [
    "Home"
  ]
}
[2026-06-01T15:24:29.198Z] [Router:MainRoute] create.update() after {
  "dataId": "Support",
  "routeBucketKeys": [
    "Home",
    "Support"
  ]
}
[2026-06-01T15:24:29.198Z] [Router:MainRoute] debugBundles [
  {
    "id": "Home",
    "active": true
  },
  {
    "id": "Support",
    "active": false
  }
]
[2026-06-01T15:24:29.198Z] [Router:MainRoute] create.update() before {
  "dataId": "Introduction",
  "bundleKeys": [
    "MainRoute"
  ],
  "routeBucketKeys": [
    "Home",
    "Support"
  ]
}
[2026-06-01T15:24:29.198Z] [Router:MainRoute] create.update() after {
  "dataId": "Introduction",
  "routeBucketKeys": [
    "Home",
    "Support",
    "Introduction"
  ]
}
[2026-06-01T15:24:29.198Z] [Router:MainRoute] debugBundles [
  {
    "id": "Home",
    "active": true
  },
  {
    "id": "Support",
    "active": false
  },
  {
    "id": "Introduction",
    "active": false
  }
]
[2026-06-01T15:24:29.202Z] [Router:MainRoute] current() {
  "active": "Home",
  "available": [
    {
      "id": "Home",
      "active": true
    },
    {
      "id": "Support",
      "active": false
    },
    {
      "id": "Introduction",
      "active": false
    }
  ]
}
[2026-06-01T15:24:29.674Z] [Router:MainRoute] order getter initialized history []
[2026-06-01T15:24:29.675Z] [Router:MainRoute] currentPage getter {
  "result": "Home",
  "history": []
}
[2026-06-01T15:24:29.675Z] [Router:MainRoute] currentPage getter {
  "result": "Home",
  "history": []
}
[2026-06-01T15:24:29.675Z] [Router:MainRoute] currentPage getter {
  "result": "Home",
  "history": []
}
[2026-06-01T15:24:29.675Z] [Router:MainRoute] current() {
  "active": "Home",
  "available": [
    {
      "id": "Home",
      "active": true
    },
    {
      "id": "Support",
      "active": false
    },
    {
      "id": "Introduction",
      "active": false
    }
  ]
}
[2026-06-01T15:24:31.555Z] [Router:MainRoute] current() {
  "active": "Home",
  "available": [
    {
      "id": "Home",
      "active": true
    },
    {
      "id": "Support",
      "active": false
    },
    {
      "id": "Introduction",
      "active": false
    }
  ]
}
[2026-06-01T15:24:37.416Z] [Router:MainRoute] constructor {
  "routerId": "MainRoute",
  "config": {
    "saveOrder": true
  }
}
[2026-06-01T15:24:37.416Z] [Router:MainRoute] create() called [
  "Support",
  "Introduction",
  "Home"
]
[2026-06-01T15:24:37.416Z] [Router:MainRoute] loading component Support
[2026-06-01T15:24:37.417Z] [Router:MainRoute] loading component Introduction
[2026-06-01T15:24:37.417Z] [Router:MainRoute] loading component Home
[2026-06-01T15:24:37.421Z] [Router:MainRoute] component resolved Support
[2026-06-01T15:24:37.421Z] [Router:MainRoute] create.update() error {
  "code": "ZRUI_INVALID_STATE",
  "message": "update: lifecycle operation already in flight"
}
[2026-06-01T15:24:37.422Z] [Router:MainRoute] component resolved Introduction
[2026-06-01T15:24:37.422Z] [Router:MainRoute] create.update() error {
  "code": "ZRUI_INVALID_STATE",
  "message": "update: lifecycle operation already in flight"
}
[2026-06-01T15:24:37.427Z] [Router:MainRoute] component resolved Home
[2026-06-01T15:24:37.428Z] [Router:MainRoute] create.update() error {
  "code": "ZRUI_INVALID_STATE",
  "message": "update: lifecycle operation already in flight"
}
[2026-06-01T15:24:37.447Z] [Router:MainRoute] create.update() error {
  "code": "ZRUI_INVALID_STATE",
  "message": "update: lifecycle operation already in flight"
}
[2026-06-01T15:24:37.447Z] [Router:MainRoute] create.update() error {
  "code": "ZRUI_INVALID_STATE",
  "message": "update: lifecycle operation already in flight"
}
[2026-06-01T15:24:37.447Z] [Router:MainRoute] create.update() error {
  "code": "ZRUI_INVALID_STATE",
  "message": "update: lifecycle operation already in flight"
}
[2026-06-01T15:24:37.462Z] [Router:MainRoute] create.update() error {
  "code": "ZRUI_INVALID_STATE",
  "message": "update: lifecycle operation already in flight"
}
[2026-06-01T15:24:37.463Z] [Router:MainRoute] create.update() error {
  "code": "ZRUI_INVALID_STATE",
  "message": "update: lifecycle operation already in flight"
}
[2026-06-01T15:24:37.463Z] [Router:MainRoute] create.update() error {
  "code": "ZRUI_INVALID_STATE",
  "message": "update: lifecycle operation already in flight"
}
[2026-06-01T15:24:37.478Z] [Router:MainRoute] create.update() error {
  "code": "ZRUI_INVALID_STATE",
  "message": "update: lifecycle operation already in flight"
}
[2026-06-01T15:24:37.478Z] [Router:MainRoute] create.update() error {
  "code": "ZRUI_INVALID_STATE",
  "message": "update: lifecycle operation already in flight"
}
[2026-06-01T15:24:37.478Z] [Router:MainRoute] create.update() error {
  "code": "ZRUI_INVALID_STATE",
  "message": "update: lifecycle operation already in flight"
}
[2026-06-01T15:24:37.487Z] [Router:MainRoute] current() -> no routerBundles 
[2026-06-01T15:24:37.510Z] [Router:MainRoute] create.update() before {
  "dataId": "Support",
  "bundleKeys": [],
  "routeBucketKeys": []
}
[2026-06-01T15:24:37.511Z] [Router:MainRoute] create.update() after {
  "dataId": "Support",
  "routeBucketKeys": [
    "Support"
  ]
}
[2026-06-01T15:24:37.511Z] [Router:MainRoute] debugBundles [
  {
    "id": "Support",
    "active": false
  }
]
[2026-06-01T15:24:37.511Z] [Router:MainRoute] current() {
  "active": null,
  "available": [
    {
      "id": "Support",
      "active": false
    }
  ]
}
[2026-06-01T15:24:37.514Z] [Router:MainRoute] create.update() before {
  "dataId": "Introduction",
  "bundleKeys": [
    "MainRoute"
  ],
  "routeBucketKeys": [
    "Support"
  ]
}
[2026-06-01T15:24:37.514Z] [Router:MainRoute] create.update() after {
  "dataId": "Introduction",
  "routeBucketKeys": [
    "Support",
    "Introduction"
  ]
}
[2026-06-01T15:24:37.515Z] [Router:MainRoute] debugBundles [
  {
    "id": "Support",
    "active": false
  },
  {
    "id": "Introduction",
    "active": false
  }
]
[2026-06-01T15:24:37.515Z] [Router:MainRoute] current() {
  "active": null,
  "available": [
    {
      "id": "Support",
      "active": false
    },
    {
      "id": "Introduction",
      "active": false
    }
  ]
}
[2026-06-01T15:24:37.516Z] [Router:MainRoute] create.update() before {
  "dataId": "Home",
  "bundleKeys": [
    "MainRoute"
  ],
  "routeBucketKeys": [
    "Support",
    "Introduction"
  ]
}
[2026-06-01T15:24:37.516Z] [Router:MainRoute] create.update() after {
  "dataId": "Home",
  "routeBucketKeys": [
    "Support",
    "Introduction",
    "Home"
  ]
}
[2026-06-01T15:24:37.517Z] [Router:MainRoute] debugBundles [
  {
    "id": "Support",
    "active": false
  },
  {
    "id": "Introduction",
    "active": false
  },
  {
    "id": "Home",
    "active": true
  }
]
[2026-06-01T15:24:37.519Z] [Router:MainRoute] current() {
  "active": "Home",
  "available": [
    {
      "id": "Support",
      "active": false
    },
    {
      "id": "Introduction",
      "active": false
    },
    {
      "id": "Home",
      "active": true
    }
  ]
}
[2026-06-01T15:24:37.960Z] [Router:MainRoute] order getter initialized history []
[2026-06-01T15:24:37.960Z] [Router:MainRoute] currentPage getter {
  "result": "Home",
  "history": []
}
[2026-06-01T15:24:37.961Z] [Router:MainRoute] currentPage getter {
  "result": "Home",
  "history": []
}
[2026-06-01T15:24:37.961Z] [Router:MainRoute] currentPage getter {
  "result": "Home",
  "history": []
}
[2026-06-01T15:24:37.961Z] [Router:MainRoute] current() {
  "active": "Home",
  "available": [
    {
      "id": "Support",
      "active": false
    },
    {
      "id": "Introduction",
      "active": false
    },
    {
      "id": "Home",
      "active": true
    }
  ]
}
[2026-06-01T15:24:41.672Z] [Router:MainRoute] constructor {
  "routerId": "MainRoute",
  "config": {
    "saveOrder": true
  }
}
[2026-06-01T15:24:41.673Z] [Router:MainRoute] create() called [
  "Support",
  "Introduction",
  "Home"
]
[2026-06-01T15:24:41.673Z] [Router:MainRoute] loading component Support
[2026-06-01T15:24:41.673Z] [Router:MainRoute] loading component Introduction
[2026-06-01T15:24:41.674Z] [Router:MainRoute] loading component Home
[2026-06-01T15:24:41.678Z] [Router:MainRoute] component resolved Support
[2026-06-01T15:24:41.678Z] [Router:MainRoute] create.update() error {
  "code": "ZRUI_INVALID_STATE",
  "message": "update: lifecycle operation already in flight"
}
[2026-06-01T15:24:41.679Z] [Router:MainRoute] component resolved Introduction
[2026-06-01T15:24:41.679Z] [Router:MainRoute] create.update() error {
  "code": "ZRUI_INVALID_STATE",
  "message": "update: lifecycle operation already in flight"
}
[2026-06-01T15:24:41.684Z] [Router:MainRoute] component resolved Home
[2026-06-01T15:24:41.685Z] [Router:MainRoute] create.update() error {
  "code": "ZRUI_INVALID_STATE",
  "message": "update: lifecycle operation already in flight"
}
[2026-06-01T15:24:41.702Z] [Router:MainRoute] create.update() error {
  "code": "ZRUI_INVALID_STATE",
  "message": "update: lifecycle operation already in flight"
}
[2026-06-01T15:24:41.702Z] [Router:MainRoute] create.update() error {
  "code": "ZRUI_INVALID_STATE",
  "message": "update: lifecycle operation already in flight"
}
[2026-06-01T15:24:41.702Z] [Router:MainRoute] create.update() error {
  "code": "ZRUI_INVALID_STATE",
  "message": "update: lifecycle operation already in flight"
}
[2026-06-01T15:24:41.717Z] [Router:MainRoute] create.update() error {
  "code": "ZRUI_INVALID_STATE",
  "message": "update: lifecycle operation already in flight"
}
[2026-06-01T15:24:41.717Z] [Router:MainRoute] create.update() error {
  "code": "ZRUI_INVALID_STATE",
  "message": "update: lifecycle operation already in flight"
}
[2026-06-01T15:24:41.718Z] [Router:MainRoute] create.update() error {
  "code": "ZRUI_INVALID_STATE",
  "message": "update: lifecycle operation already in flight"
}
[2026-06-01T15:24:41.733Z] [Router:MainRoute] create.update() error {
  "code": "ZRUI_INVALID_STATE",
  "message": "update: lifecycle operation already in flight"
}
[2026-06-01T15:24:41.734Z] [Router:MainRoute] create.update() error {
  "code": "ZRUI_INVALID_STATE",
  "message": "update: lifecycle operation already in flight"
}
[2026-06-01T15:24:41.734Z] [Router:MainRoute] create.update() error {
  "code": "ZRUI_INVALID_STATE",
  "message": "update: lifecycle operation already in flight"
}
[2026-06-01T15:24:41.740Z] [Router:MainRoute] current() -> no routerBundles 
[2026-06-01T15:24:41.762Z] [Router:MainRoute] create.update() before {
  "dataId": "Support",
  "bundleKeys": [],
  "routeBucketKeys": []
}
[2026-06-01T15:24:41.762Z] [Router:MainRoute] create.update() after {
  "dataId": "Support",
  "routeBucketKeys": [
    "Support"
  ]
}
[2026-06-01T15:24:41.762Z] [Router:MainRoute] debugBundles [
  {
    "id": "Support",
    "active": false
  }
]
[2026-06-01T15:24:41.763Z] [Router:MainRoute] current() {
  "active": null,
  "available": [
    {
      "id": "Support",
      "active": false
    }
  ]
}
[2026-06-01T15:24:41.766Z] [Router:MainRoute] create.update() before {
  "dataId": "Introduction",
  "bundleKeys": [
    "MainRoute"
  ],
  "routeBucketKeys": [
    "Support"
  ]
}
[2026-06-01T15:24:41.766Z] [Router:MainRoute] create.update() after {
  "dataId": "Introduction",
  "routeBucketKeys": [
    "Support",
    "Introduction"
  ]
}
[2026-06-01T15:24:41.767Z] [Router:MainRoute] debugBundles [
  {
    "id": "Support",
    "active": false
  },
  {
    "id": "Introduction",
    "active": false
  }
]
[2026-06-01T15:24:41.767Z] [Router:MainRoute] create.update() before {
  "dataId": "Home",
  "bundleKeys": [
    "MainRoute"
  ],
  "routeBucketKeys": [
    "Support",
    "Introduction"
  ]
}
[2026-06-01T15:24:41.767Z] [Router:MainRoute] create.update() after {
  "dataId": "Home",
  "routeBucketKeys": [
    "Support",
    "Introduction",
    "Home"
  ]
}
[2026-06-01T15:24:41.767Z] [Router:MainRoute] debugBundles [
  {
    "id": "Support",
    "active": false
  },
  {
    "id": "Introduction",
    "active": false
  },
  {
    "id": "Home",
    "active": true
  }
]
[2026-06-01T15:24:41.769Z] [Router:MainRoute] current() {
  "active": "Home",
  "available": [
    {
      "id": "Support",
      "active": false
    },
    {
      "id": "Introduction",
      "active": false
    },
    {
      "id": "Home",
      "active": true
    }
  ]
}
[2026-06-01T15:24:42.480Z] [Router:MainRoute] order getter initialized history []
[2026-06-01T15:24:42.480Z] [Router:MainRoute] currentPage getter {
  "result": "Home",
  "history": []
}
[2026-06-01T15:24:42.480Z] [Router:MainRoute] currentPage getter {
  "result": "Home",
  "history": []
}
[2026-06-01T15:24:42.480Z] [Router:MainRoute] currentPage getter {
  "result": "Home",
  "history": []
}
[2026-06-01T15:24:42.481Z] [Router:MainRoute] current() {
  "active": "Home",
  "available": [
    {
      "id": "Support",
      "active": false
    },
    {
      "id": "Introduction",
      "active": false
    },
    {
      "id": "Home",
      "active": true
    }
  ]
}
[2026-06-01T15:24:57.301Z] [Router:MainRoute] constructor {
  "routerId": "MainRoute",
  "config": {
    "saveOrder": true
  }
}
[2026-06-01T15:24:57.301Z] [Router:MainRoute] create() called [
  "Support",
  "Introduction",
  "Home"
]
[2026-06-01T15:24:57.301Z] [Router:MainRoute] loading component Support
[2026-06-01T15:24:57.301Z] [Router:MainRoute] loading component Introduction
[2026-06-01T15:24:57.302Z] [Router:MainRoute] loading component Home
[2026-06-01T15:24:57.306Z] [Router:MainRoute] component resolved Support
[2026-06-01T15:24:57.306Z] [Router:MainRoute] create.update() error {
  "code": "ZRUI_INVALID_STATE",
  "message": "update: lifecycle operation already in flight"
}
[2026-06-01T15:24:57.306Z] [Router:MainRoute] component resolved Introduction
[2026-06-01T15:24:57.306Z] [Router:MainRoute] create.update() error {
  "code": "ZRUI_INVALID_STATE",
  "message": "update: lifecycle operation already in flight"
}
[2026-06-01T15:24:57.311Z] [Router:MainRoute] component resolved Home
[2026-06-01T15:24:57.311Z] [Router:MainRoute] create.update() error {
  "code": "ZRUI_INVALID_STATE",
  "message": "update: lifecycle operation already in flight"
}
[2026-06-01T15:24:57.323Z] [Router:MainRoute] create.update() error {
  "code": "ZRUI_INVALID_STATE",
  "message": "update: lifecycle operation already in flight"
}
[2026-06-01T15:24:57.323Z] [Router:MainRoute] create.update() error {
  "code": "ZRUI_INVALID_STATE",
  "message": "update: lifecycle operation already in flight"
}
[2026-06-01T15:24:57.324Z] [Router:MainRoute] create.update() error {
  "code": "ZRUI_INVALID_STATE",
  "message": "update: lifecycle operation already in flight"
}
[2026-06-01T15:24:57.334Z] [Router:MainRoute] create.update() error {
  "code": "ZRUI_INVALID_STATE",
  "message": "update: lifecycle operation already in flight"
}
[2026-06-01T15:24:57.334Z] [Router:MainRoute] create.update() error {
  "code": "ZRUI_INVALID_STATE",
  "message": "update: lifecycle operation already in flight"
}
[2026-06-01T15:24:57.334Z] [Router:MainRoute] create.update() error {
  "code": "ZRUI_INVALID_STATE",
  "message": "update: lifecycle operation already in flight"
}
[2026-06-01T15:24:57.355Z] [Router:MainRoute] create.update() error {
  "code": "ZRUI_INVALID_STATE",
  "message": "update: lifecycle operation already in flight"
}
[2026-06-01T15:24:57.355Z] [Router:MainRoute] create.update() error {
  "code": "ZRUI_INVALID_STATE",
  "message": "update: lifecycle operation already in flight"
}
[2026-06-01T15:24:57.356Z] [Router:MainRoute] create.update() error {
  "code": "ZRUI_INVALID_STATE",
  "message": "update: lifecycle operation already in flight"
}
[2026-06-01T15:24:57.371Z] [Router:MainRoute] create.update() error {
  "code": "ZRUI_INVALID_STATE",
  "message": "update: lifecycle operation already in flight"
}
[2026-06-01T15:24:57.371Z] [Router:MainRoute] create.update() error {
  "code": "ZRUI_INVALID_STATE",
  "message": "update: lifecycle operation already in flight"
}
[2026-06-01T15:24:57.372Z] [Router:MainRoute] create.update() error {
  "code": "ZRUI_INVALID_STATE",
  "message": "update: lifecycle operation already in flight"
}
[2026-06-01T15:24:57.377Z] [Router:MainRoute] current() -> no routerBundles 
[2026-06-01T15:24:57.395Z] [Router:MainRoute] create.update() before {
  "dataId": "Support",
  "bundleKeys": [],
  "routeBucketKeys": []
}
[2026-06-01T15:24:57.395Z] [Router:MainRoute] create.update() after {
  "dataId": "Support",
  "routeBucketKeys": [
    "Support"
  ]
}
[2026-06-01T15:24:57.395Z] [Router:MainRoute] debugBundles [
  {
    "id": "Support",
    "active": false
  }
]
[2026-06-01T15:24:57.396Z] [Router:MainRoute] current() {
  "active": null,
  "available": [
    {
      "id": "Support",
      "active": false
    }
  ]
}
[2026-06-01T15:24:57.398Z] [Router:MainRoute] create.update() before {
  "dataId": "Introduction",
  "bundleKeys": [
    "MainRoute"
  ],
  "routeBucketKeys": [
    "Support"
  ]
}
[2026-06-01T15:24:57.398Z] [Router:MainRoute] create.update() after {
  "dataId": "Introduction",
  "routeBucketKeys": [
    "Support",
    "Introduction"
  ]
}
[2026-06-01T15:24:57.398Z] [Router:MainRoute] debugBundles [
  {
    "id": "Support",
    "active": false
  },
  {
    "id": "Introduction",
    "active": false
  }
]
[2026-06-01T15:24:57.398Z] [Router:MainRoute] create.update() before {
  "dataId": "Home",
  "bundleKeys": [
    "MainRoute"
  ],
  "routeBucketKeys": [
    "Support",
    "Introduction"
  ]
}
[2026-06-01T15:24:57.399Z] [Router:MainRoute] create.update() after {
  "dataId": "Home",
  "routeBucketKeys": [
    "Support",
    "Introduction",
    "Home"
  ]
}
[2026-06-01T15:24:57.399Z] [Router:MainRoute] debugBundles [
  {
    "id": "Support",
    "active": false
  },
  {
    "id": "Introduction",
    "active": false
  },
  {
    "id": "Home",
    "active": true
  }
]
[2026-06-01T15:24:57.401Z] [Router:MainRoute] current() {
  "active": "Home",
  "available": [
    {
      "id": "Support",
      "active": false
    },
    {
      "id": "Introduction",
      "active": false
    },
    {
      "id": "Home",
      "active": true
    }
  ]
}
[2026-06-01T15:24:58.303Z] [Router:MainRoute] order getter initialized history []
[2026-06-01T15:24:58.303Z] [Router:MainRoute] currentPage getter {
  "result": "Home",
  "history": []
}
[2026-06-01T15:24:58.303Z] [Router:MainRoute] currentPage getter {
  "result": "Home",
  "history": []
}
[2026-06-01T15:24:58.303Z] [Router:MainRoute] currentPage getter {
  "result": "Home",
  "history": []
}
[2026-06-01T15:24:58.304Z] [Router:MainRoute] current() {
  "active": "Home",
  "available": [
    {
      "id": "Support",
      "active": false
    },
    {
      "id": "Introduction",
      "active": false
    },
    {
      "id": "Home",
      "active": true
    }
  ]
}
[2026-06-01T15:25:01.933Z] [Router:MainRoute] constructor {
  "routerId": "MainRoute",
  "config": {
    "saveOrder": true
  }
}
[2026-06-01T15:25:01.933Z] [Router:MainRoute] create() called [
  "Support",
  "Introduction",
  "Home"
]
[2026-06-01T15:25:01.934Z] [Router:MainRoute] loading component Support
[2026-06-01T15:25:01.934Z] [Router:MainRoute] loading component Introduction
[2026-06-01T15:25:01.934Z] [Router:MainRoute] loading component Home
[2026-06-01T15:25:01.938Z] [Router:MainRoute] component resolved Support
[2026-06-01T15:25:01.939Z] [Router:MainRoute] create.update() error {
  "code": "ZRUI_INVALID_STATE",
  "message": "update: lifecycle operation already in flight"
}
[2026-06-01T15:25:01.939Z] [Router:MainRoute] component resolved Introduction
[2026-06-01T15:25:01.939Z] [Router:MainRoute] create.update() error {
  "code": "ZRUI_INVALID_STATE",
  "message": "update: lifecycle operation already in flight"
}
[2026-06-01T15:25:01.945Z] [Router:MainRoute] component resolved Home
[2026-06-01T15:25:01.945Z] [Router:MainRoute] create.update() error {
  "code": "ZRUI_INVALID_STATE",
  "message": "update: lifecycle operation already in flight"
}
[2026-06-01T15:25:01.952Z] [Router:MainRoute] create.update() error {
  "code": "ZRUI_INVALID_STATE",
  "message": "update: lifecycle operation already in flight"
}
[2026-06-01T15:25:01.953Z] [Router:MainRoute] create.update() error {
  "code": "ZRUI_INVALID_STATE",
  "message": "update: lifecycle operation already in flight"
}
[2026-06-01T15:25:01.964Z] [Router:MainRoute] create.update() error {
  "code": "ZRUI_INVALID_STATE",
  "message": "update: lifecycle operation already in flight"
}
[2026-06-01T15:25:01.964Z] [Router:MainRoute] create.update() error {
  "code": "ZRUI_INVALID_STATE",
  "message": "update: lifecycle operation already in flight"
}
[2026-06-01T15:25:01.964Z] [Router:MainRoute] create.update() error {
  "code": "ZRUI_INVALID_STATE",
  "message": "update: lifecycle operation already in flight"
}
[2026-06-01T15:25:01.984Z] [Router:MainRoute] create.update() error {
  "code": "ZRUI_INVALID_STATE",
  "message": "update: lifecycle operation already in flight"
}
[2026-06-01T15:25:01.984Z] [Router:MainRoute] create.update() error {
  "code": "ZRUI_INVALID_STATE",
  "message": "update: lifecycle operation already in flight"
}
[2026-06-01T15:25:01.984Z] [Router:MainRoute] create.update() error {
  "code": "ZRUI_INVALID_STATE",
  "message": "update: lifecycle operation already in flight"
}
[2026-06-01T15:25:02.001Z] [Router:MainRoute] create.update() error {
  "code": "ZRUI_INVALID_STATE",
  "message": "update: lifecycle operation already in flight"
}
[2026-06-01T15:25:02.002Z] [Router:MainRoute] create.update() error {
  "code": "ZRUI_INVALID_STATE",
  "message": "update: lifecycle operation already in flight"
}
[2026-06-01T15:25:02.002Z] [Router:MainRoute] create.update() error {
  "code": "ZRUI_INVALID_STATE",
  "message": "update: lifecycle operation already in flight"
}
[2026-06-01T15:25:02.007Z] [Router:MainRoute] current() -> no routerBundles 
[2026-06-01T15:25:02.027Z] [Router:MainRoute] create.update() before {
  "dataId": "Home",
  "bundleKeys": [],
  "routeBucketKeys": []
}
[2026-06-01T15:25:02.027Z] [Router:MainRoute] create.update() after {
  "dataId": "Home",
  "routeBucketKeys": [
    "Home"
  ]
}
[2026-06-01T15:25:02.027Z] [Router:MainRoute] debugBundles [
  {
    "id": "Home",
    "active": true
  }
]
[2026-06-01T15:25:02.028Z] [Router:MainRoute] current() {
  "active": "Home",
  "available": [
    {
      "id": "Home",
      "active": true
    }
  ]
}
[2026-06-01T15:25:02.040Z] [Router:MainRoute] create.update() before {
  "dataId": "Support",
  "bundleKeys": [
    "MainRoute"
  ],
  "routeBucketKeys": [
    "Home"
  ]
}
[2026-06-01T15:25:02.040Z] [Router:MainRoute] create.update() after {
  "dataId": "Support",
  "routeBucketKeys": [
    "Home",
    "Support"
  ]
}
[2026-06-01T15:25:02.040Z] [Router:MainRoute] debugBundles [
  {
    "id": "Home",
    "active": true
  },
  {
    "id": "Support",
    "active": false
  }
]
[2026-06-01T15:25:02.040Z] [Router:MainRoute] create.update() before {
  "dataId": "Introduction",
  "bundleKeys": [
    "MainRoute"
  ],
  "routeBucketKeys": [
    "Home",
    "Support"
  ]
}
[2026-06-01T15:25:02.041Z] [Router:MainRoute] create.update() after {
  "dataId": "Introduction",
  "routeBucketKeys": [
    "Home",
    "Support",
    "Introduction"
  ]
}
[2026-06-01T15:25:02.041Z] [Router:MainRoute] debugBundles [
  {
    "id": "Home",
    "active": true
  },
  {
    "id": "Support",
    "active": false
  },
  {
    "id": "Introduction",
    "active": false
  }
]
[2026-06-01T15:25:02.045Z] [Router:MainRoute] current() {
  "active": "Home",
  "available": [
    {
      "id": "Home",
      "active": true
    },
    {
      "id": "Support",
      "active": false
    },
    {
      "id": "Introduction",
      "active": false
    }
  ]
}
[2026-06-01T15:25:03.123Z] [Router:MainRoute] order getter initialized history []
[2026-06-01T15:25:03.124Z] [Router:MainRoute] currentPage getter {
  "result": "Home",
  "history": []
}
[2026-06-01T15:25:03.124Z] [Router:MainRoute] current() {
  "active": "Home",
  "available": [
    {
      "id": "Home",
      "active": true
    },
    {
      "id": "Support",
      "active": false
    },
    {
      "id": "Introduction",
      "active": false
    }
  ]
}
[2026-06-01T15:25:03.371Z] [Router:MainRoute] currentPage getter {
  "result": "Home",
  "history": []
}
[2026-06-01T15:25:03.371Z] [Router:MainRoute] currentPage getter {
  "result": "Home",
  "history": []
}
[2026-06-01T15:25:03.372Z] [Router:MainRoute] currentPage getter {
  "result": "Home",
  "history": []
}
[2026-06-01T15:25:03.372Z] [Router:MainRoute] current() {
  "active": "Home",
  "available": [
    {
      "id": "Home",
      "active": true
    },
    {
      "id": "Support",
      "active": false
    },
    {
      "id": "Introduction",
      "active": false
    }
  ]
}
[2026-06-01T15:25:31.290Z] [Router:MainRoute] constructor {
  "routerId": "MainRoute",
  "config": {
    "saveOrder": true
  }
}
[2026-06-01T15:25:31.291Z] [Router:MainRoute] create() called [
  "Support",
  "Introduction",
  "Home"
]
[2026-06-01T15:25:31.291Z] [Router:MainRoute] loading component Support
[2026-06-01T15:25:31.291Z] [Router:MainRoute] loading component Introduction
[2026-06-01T15:25:31.291Z] [Router:MainRoute] loading component Home
[2026-06-01T15:25:31.295Z] [Router:MainRoute] component resolved Support
[2026-06-01T15:25:31.295Z] [Router:MainRoute] create.update() error {
  "code": "ZRUI_INVALID_STATE",
  "message": "update: lifecycle operation already in flight"
}
[2026-06-01T15:25:31.295Z] [Router:MainRoute] component resolved Introduction
[2026-06-01T15:25:31.295Z] [Router:MainRoute] create.update() error {
  "code": "ZRUI_INVALID_STATE",
  "message": "update: lifecycle operation already in flight"
}
[2026-06-01T15:25:31.300Z] [Router:MainRoute] component resolved Home
[2026-06-01T15:25:31.300Z] [Router:MainRoute] create.update() error {
  "code": "ZRUI_INVALID_STATE",
  "message": "update: lifecycle operation already in flight"
}
[2026-06-01T15:25:31.313Z] [Router:MainRoute] create.update() error {
  "code": "ZRUI_INVALID_STATE",
  "message": "update: lifecycle operation already in flight"
}
[2026-06-01T15:25:31.313Z] [Router:MainRoute] create.update() error {
  "code": "ZRUI_INVALID_STATE",
  "message": "update: lifecycle operation already in flight"
}
[2026-06-01T15:25:31.313Z] [Router:MainRoute] create.update() error {
  "code": "ZRUI_INVALID_STATE",
  "message": "update: lifecycle operation already in flight"
}
[2026-06-01T15:25:31.327Z] [Router:MainRoute] create.update() error {
  "code": "ZRUI_INVALID_STATE",
  "message": "update: lifecycle operation already in flight"
}
[2026-06-01T15:25:31.328Z] [Router:MainRoute] create.update() error {
  "code": "ZRUI_INVALID_STATE",
  "message": "update: lifecycle operation already in flight"
}
[2026-06-01T15:25:31.328Z] [Router:MainRoute] create.update() error {
  "code": "ZRUI_INVALID_STATE",
  "message": "update: lifecycle operation already in flight"
}
[2026-06-01T15:25:31.343Z] [Router:MainRoute] create.update() error {
  "code": "ZRUI_INVALID_STATE",
  "message": "update: lifecycle operation already in flight"
}
[2026-06-01T15:25:31.344Z] [Router:MainRoute] create.update() error {
  "code": "ZRUI_INVALID_STATE",
  "message": "update: lifecycle operation already in flight"
}
[2026-06-01T15:25:31.344Z] [Router:MainRoute] create.update() error {
  "code": "ZRUI_INVALID_STATE",
  "message": "update: lifecycle operation already in flight"
}
[2026-06-01T15:25:31.351Z] [Router:MainRoute] current() -> no routerBundles 
[2026-06-01T15:25:31.371Z] [Router:MainRoute] create.update() before {
  "dataId": "Support",
  "bundleKeys": [],
  "routeBucketKeys": []
}
[2026-06-01T15:25:31.372Z] [Router:MainRoute] create.update() after {
  "dataId": "Support",
  "routeBucketKeys": [
    "Support"
  ]
}
[2026-06-01T15:25:31.372Z] [Router:MainRoute] debugBundles [
  {
    "id": "Support",
    "active": false
  }
]
[2026-06-01T15:25:31.372Z] [Router:MainRoute] current() {
  "active": null,
  "available": [
    {
      "id": "Support",
      "active": false
    }
  ]
}
[2026-06-01T15:25:31.375Z] [Router:MainRoute] create.update() before {
  "dataId": "Introduction",
  "bundleKeys": [
    "MainRoute"
  ],
  "routeBucketKeys": [
    "Support"
  ]
}
[2026-06-01T15:25:31.375Z] [Router:MainRoute] create.update() after {
  "dataId": "Introduction",
  "routeBucketKeys": [
    "Support",
    "Introduction"
  ]
}
[2026-06-01T15:25:31.375Z] [Router:MainRoute] debugBundles [
  {
    "id": "Support",
    "active": false
  },
  {
    "id": "Introduction",
    "active": false
  }
]
[2026-06-01T15:25:31.375Z] [Router:MainRoute] create.update() before {
  "dataId": "Home",
  "bundleKeys": [
    "MainRoute"
  ],
  "routeBucketKeys": [
    "Support",
    "Introduction"
  ]
}
[2026-06-01T15:25:31.375Z] [Router:MainRoute] create.update() after {
  "dataId": "Home",
  "routeBucketKeys": [
    "Support",
    "Introduction",
    "Home"
  ]
}
[2026-06-01T15:25:31.376Z] [Router:MainRoute] debugBundles [
  {
    "id": "Support",
    "active": false
  },
  {
    "id": "Introduction",
    "active": false
  },
  {
    "id": "Home",
    "active": true
  }
]
[2026-06-01T15:25:31.378Z] [Router:MainRoute] current() {
  "active": "Home",
  "available": [
    {
      "id": "Support",
      "active": false
    },
    {
      "id": "Introduction",
      "active": false
    },
    {
      "id": "Home",
      "active": true
    }
  ]
}
[2026-06-01T15:25:33.666Z] [Router:MainRoute] order getter initialized history []
[2026-06-01T15:25:33.667Z] [Router:MainRoute] currentPage getter {
  "result": "Home",
  "history": []
}
[2026-06-01T15:25:33.667Z] [Router:MainRoute] current() {
  "active": "Home",
  "available": [
    {
      "id": "Support",
      "active": false
    },
    {
      "id": "Introduction",
      "active": false
    },
    {
      "id": "Home",
      "active": true
    }
  ]
}
[2026-06-01T15:25:33.774Z] [Router:MainRoute] currentPage getter {
  "result": "Home",
  "history": []
}
[2026-06-01T15:25:33.774Z] [Router:MainRoute] currentPage getter {
  "result": "Home",
  "history": []
}
[2026-06-01T15:25:33.774Z] [Router:MainRoute] currentPage getter {
  "result": "Home",
  "history": []
}
[2026-06-01T15:25:33.774Z] [Router:MainRoute] current() {
  "active": "Home",
  "available": [
    {
      "id": "Support",
      "active": false
    },
    {
      "id": "Introduction",
      "active": false
    },
    {
      "id": "Home",
      "active": true
    }
  ]
}
[2026-06-01T15:25:37.736Z] [Router:MainRoute] current() {
  "active": "Home",
  "available": [
    {
      "id": "Support",
      "active": false
    },
    {
      "id": "Introduction",
      "active": false
    },
    {
      "id": "Home",
      "active": true
    }
  ]
}
[2026-06-01T15:25:37.949Z] [Router:MainRoute] currentPage getter {
  "result": "Home",
  "history": []
}
[2026-06-01T15:25:37.950Z] [Router:MainRoute] current() {
  "active": "Home",
  "available": [
    {
      "id": "Support",
      "active": false
    },
    {
      "id": "Introduction",
      "active": false
    },
    {
      "id": "Home",
      "active": true
    }
  ]
}
[2026-06-01T15:25:38.090Z] [Router:MainRoute] currentPage getter {
  "result": "Home",
  "history": []
}
[2026-06-01T15:25:38.090Z] [Router:MainRoute] current() {
  "active": "Home",
  "available": [
    {
      "id": "Support",
      "active": false
    },
    {
      "id": "Introduction",
      "active": false
    },
    {
      "id": "Home",
      "active": true
    }
  ]
}
[2026-06-01T15:25:38.331Z] [Router:MainRoute] constructor {
  "routerId": "MainRoute",
  "config": {
    "saveOrder": true
  }
}
[2026-06-01T15:25:38.332Z] [Router:MainRoute] create() called [
  "Support",
  "Introduction",
  "Home"
]
[2026-06-01T15:25:38.332Z] [Router:MainRoute] loading component Support
[2026-06-01T15:25:38.332Z] [Router:MainRoute] loading component Introduction
[2026-06-01T15:25:38.332Z] [Router:MainRoute] loading component Home
[2026-06-01T15:25:38.336Z] [Router:MainRoute] component resolved Support
[2026-06-01T15:25:38.337Z] [Router:MainRoute] create.update() error {
  "code": "ZRUI_INVALID_STATE",
  "message": "update: lifecycle operation already in flight"
}
[2026-06-01T15:25:38.337Z] [Router:MainRoute] component resolved Introduction
[2026-06-01T15:25:38.337Z] [Router:MainRoute] create.update() error {
  "code": "ZRUI_INVALID_STATE",
  "message": "update: lifecycle operation already in flight"
}
[2026-06-01T15:25:38.342Z] [Router:MainRoute] component resolved Home
[2026-06-01T15:25:38.342Z] [Router:MainRoute] create.update() error {
  "code": "ZRUI_INVALID_STATE",
  "message": "update: lifecycle operation already in flight"
}
[2026-06-01T15:25:38.351Z] [Router:MainRoute] create.update() error {
  "code": "ZRUI_INVALID_STATE",
  "message": "update: lifecycle operation already in flight"
}
[2026-06-01T15:25:38.352Z] [Router:MainRoute] create.update() error {
  "code": "ZRUI_INVALID_STATE",
  "message": "update: lifecycle operation already in flight"
}
[2026-06-01T15:25:38.365Z] [Router:MainRoute] create.update() error {
  "code": "ZRUI_INVALID_STATE",
  "message": "update: lifecycle operation already in flight"
}
[2026-06-01T15:25:38.365Z] [Router:MainRoute] create.update() error {
  "code": "ZRUI_INVALID_STATE",
  "message": "update: lifecycle operation already in flight"
}
[2026-06-01T15:25:38.365Z] [Router:MainRoute] create.update() error {
  "code": "ZRUI_INVALID_STATE",
  "message": "update: lifecycle operation already in flight"
}
[2026-06-01T15:25:38.382Z] [Router:MainRoute] create.update() error {
  "code": "ZRUI_INVALID_STATE",
  "message": "update: lifecycle operation already in flight"
}
[2026-06-01T15:25:38.382Z] [Router:MainRoute] create.update() error {
  "code": "ZRUI_INVALID_STATE",
  "message": "update: lifecycle operation already in flight"
}
[2026-06-01T15:25:38.382Z] [Router:MainRoute] create.update() error {
  "code": "ZRUI_INVALID_STATE",
  "message": "update: lifecycle operation already in flight"
}
[2026-06-01T15:25:38.399Z] [Router:MainRoute] create.update() error {
  "code": "ZRUI_INVALID_STATE",
  "message": "update: lifecycle operation already in flight"
}
[2026-06-01T15:25:38.399Z] [Router:MainRoute] create.update() error {
  "code": "ZRUI_INVALID_STATE",
  "message": "update: lifecycle operation already in flight"
}
[2026-06-01T15:25:38.399Z] [Router:MainRoute] create.update() error {
  "code": "ZRUI_INVALID_STATE",
  "message": "update: lifecycle operation already in flight"
}
[2026-06-01T15:25:38.407Z] [Router:MainRoute] current() -> no routerBundles 
[2026-06-01T15:25:38.425Z] [Router:MainRoute] currentPage getter -> no bundles 
[2026-06-01T15:25:38.445Z] [Router:MainRoute] create.update() before {
  "dataId": "Home",
  "bundleKeys": [],
  "routeBucketKeys": []
}
[2026-06-01T15:25:38.445Z] [Router:MainRoute] create.update() after {
  "dataId": "Home",
  "routeBucketKeys": [
    "Home"
  ]
}
[2026-06-01T15:25:38.446Z] [Router:MainRoute] debugBundles [
  {
    "id": "Home",
    "active": true
  }
]
[2026-06-01T15:25:38.446Z] [Router:MainRoute] current() {
  "active": "Home",
  "available": [
    {
      "id": "Home",
      "active": true
    }
  ]
}
[2026-06-01T15:25:38.459Z] [Router:MainRoute] create.update() before {
  "dataId": "Support",
  "bundleKeys": [
    "MainRoute"
  ],
  "routeBucketKeys": [
    "Home"
  ]
}
[2026-06-01T15:25:38.459Z] [Router:MainRoute] create.update() after {
  "dataId": "Support",
  "routeBucketKeys": [
    "Home",
    "Support"
  ]
}
[2026-06-01T15:25:38.459Z] [Router:MainRoute] debugBundles [
  {
    "id": "Home",
    "active": true
  },
  {
    "id": "Support",
    "active": false
  }
]
[2026-06-01T15:25:38.460Z] [Router:MainRoute] current() {
  "active": "Home",
  "available": [
    {
      "id": "Home",
      "active": true
    },
    {
      "id": "Support",
      "active": false
    }
  ]
}
[2026-06-01T15:25:38.465Z] [Router:MainRoute] create.update() before {
  "dataId": "Introduction",
  "bundleKeys": [
    "MainRoute"
  ],
  "routeBucketKeys": [
    "Home",
    "Support"
  ]
}
[2026-06-01T15:25:38.465Z] [Router:MainRoute] create.update() after {
  "dataId": "Introduction",
  "routeBucketKeys": [
    "Home",
    "Support",
    "Introduction"
  ]
}
[2026-06-01T15:25:38.465Z] [Router:MainRoute] debugBundles [
  {
    "id": "Home",
    "active": true
  },
  {
    "id": "Support",
    "active": false
  },
  {
    "id": "Introduction",
    "active": false
  }
]
[2026-06-01T15:25:38.466Z] [Router:MainRoute] current() {
  "active": "Home",
  "available": [
    {
      "id": "Home",
      "active": true
    },
    {
      "id": "Support",
      "active": false
    },
    {
      "id": "Introduction",
      "active": false
    }
  ]
}
[2026-06-01T15:25:39.065Z] [Router:MainRoute] order getter initialized history []
[2026-06-01T15:25:39.065Z] [Router:MainRoute] currentPage getter {
  "result": "Home",
  "history": []
}
[2026-06-01T15:25:39.065Z] [Router:MainRoute] current() {
  "active": "Home",
  "available": [
    {
      "id": "Home",
      "active": true
    },
    {
      "id": "Support",
      "active": false
    },
    {
      "id": "Introduction",
      "active": false
    }
  ]
}
[2026-06-01T15:25:39.263Z] [Router:MainRoute] currentPage getter {
  "result": "Home",
  "history": []
}
[2026-06-01T15:25:39.264Z] [Router:MainRoute] current() {
  "active": "Home",
  "available": [
    {
      "id": "Home",
      "active": true
    },
    {
      "id": "Support",
      "active": false
    },
    {
      "id": "Introduction",
      "active": false
    }
  ]
}
[2026-06-01T15:25:39.918Z] [Router:MainRoute] currentPage getter {
  "result": "Home",
  "history": []
}
[2026-06-01T15:25:39.918Z] [Router:MainRoute] currentPage getter {
  "result": "Home",
  "history": []
}
[2026-06-01T15:25:39.919Z] [Router:MainRoute] currentPage getter {
  "result": "Home",
  "history": []
}
[2026-06-01T15:25:39.919Z] [Router:MainRoute] current() {
  "active": "Home",
  "available": [
    {
      "id": "Home",
      "active": true
    },
    {
      "id": "Support",
      "active": false
    },
    {
      "id": "Introduction",
      "active": false
    }
  ]
}
[2026-06-01T15:25:42.589Z] [Router:MainRoute] current() {
  "active": "Home",
  "available": [
    {
      "id": "Home",
      "active": true
    },
    {
      "id": "Support",
      "active": false
    },
    {
      "id": "Introduction",
      "active": false
    }
  ]
}
[2026-06-01T15:25:42.927Z] [Router:MainRoute] currentPage getter {
  "result": "Home",
  "history": []
}
[2026-06-01T15:25:42.927Z] [Router:MainRoute] current() {
  "active": "Home",
  "available": [
    {
      "id": "Home",
      "active": true
    },
    {
      "id": "Support",
      "active": false
    },
    {
      "id": "Introduction",
      "active": false
    }
  ]
}
[2026-06-01T15:25:43.067Z] [Router:MainRoute] currentPage getter {
  "result": "Home",
  "history": []
}
[2026-06-01T15:25:43.068Z] [Router:MainRoute] current() {
  "active": "Home",
  "available": [
    {
      "id": "Home",
      "active": true
    },
    {
      "id": "Support",
      "active": false
    },
    {
      "id": "Introduction",
      "active": false
    }
  ]
}
[2026-06-01T15:25:43.208Z] [Router:MainRoute] currentPage getter {
  "result": "Home",
  "history": []
}
[2026-06-01T15:25:43.208Z] [Router:MainRoute] current() {
  "active": "Home",
  "available": [
    {
      "id": "Home",
      "active": true
    },
    {
      "id": "Support",
      "active": false
    },
    {
      "id": "Introduction",
      "active": false
    }
  ]
}
[2026-06-01T15:25:45.430Z] [Router:MainRoute] currentPage getter {
  "result": "Home",
  "history": []
}
[2026-06-01T15:25:45.430Z] [Router:MainRoute] current() {
  "active": "Home",
  "available": [
    {
      "id": "Home",
      "active": true
    },
    {
      "id": "Support",
      "active": false
    },
    {
      "id": "Introduction",
      "active": false
    }
  ]
}
[2026-06-01T15:25:45.676Z] [Router:MainRoute] currentPage getter {
  "result": "Home",
  "history": []
}
[2026-06-01T15:25:45.676Z] [Router:MainRoute] currentPage getter {
  "result": "Home",
  "history": []
}
[2026-06-01T15:25:45.677Z] [Router:MainRoute] currentPage getter {
  "result": "Home",
  "history": []
}
[2026-06-01T15:25:45.677Z] [Router:MainRoute] current() {
  "active": "Home",
  "available": [
    {
      "id": "Home",
      "active": true
    },
    {
      "id": "Support",
      "active": false
    },
    {
      "id": "Introduction",
      "active": false
    }
  ]
}
[2026-06-01T15:25:46.246Z] [Router:MainRoute] current() {
  "active": "Home",
  "available": [
    {
      "id": "Home",
      "active": true
    },
    {
      "id": "Support",
      "active": false
    },
    {
      "id": "Introduction",
      "active": false
    }
  ]
}
[2026-06-01T15:25:46.601Z] [Router:MainRoute] currentPage getter {
  "result": "Home",
  "history": []
}
[2026-06-01T15:25:46.601Z] [Router:MainRoute] current() {
  "active": "Home",
  "available": [
    {
      "id": "Home",
      "active": true
    },
    {
      "id": "Support",
      "active": false
    },
    {
      "id": "Introduction",
      "active": false
    }
  ]
}
[2026-06-01T15:25:46.739Z] [Router:MainRoute] currentPage getter {
  "result": "Home",
  "history": []
}
[2026-06-01T15:25:46.740Z] [Router:MainRoute] current() {
  "active": "Home",
  "available": [
    {
      "id": "Home",
      "active": true
    },
    {
      "id": "Support",
      "active": false
    },
    {
      "id": "Introduction",
      "active": false
    }
  ]
}
[2026-06-01T15:25:46.863Z] [Router:MainRoute] currentPage getter {
  "result": "Home",
  "history": []
}
[2026-06-01T15:25:46.864Z] [Router:MainRoute] current() {
  "active": "Home",
  "available": [
    {
      "id": "Home",
      "active": true
    },
    {
      "id": "Support",
      "active": false
    },
    {
      "id": "Introduction",
      "active": false
    }
  ]
}
[2026-06-01T15:25:47.096Z] [Router:MainRoute] currentPage getter {
  "result": "Home",
  "history": []
}
[2026-06-01T15:25:47.096Z] [Router:MainRoute] currentPage getter {
  "result": "Home",
  "history": []
}
[2026-06-01T15:25:47.097Z] [Router:MainRoute] currentPage getter {
  "result": "Home",
  "history": []
}
[2026-06-01T15:25:47.097Z] [Router:MainRoute] current() {
  "active": "Home",
  "available": [
    {
      "id": "Home",
      "active": true
    },
    {
      "id": "Support",
      "active": false
    },
    {
      "id": "Introduction",
      "active": false
    }
  ]
}
[2026-06-01T15:25:51.362Z] [Router:MainRoute] current() {
  "active": "Home",
  "available": [
    {
      "id": "Home",
      "active": true
    },
    {
      "id": "Support",
      "active": false
    },
    {
      "id": "Introduction",
      "active": false
    }
  ]
}
[2026-06-01T15:25:51.719Z] [Router:MainRoute] currentPage getter {
  "result": "Home",
  "history": []
}
[2026-06-01T15:25:51.719Z] [Router:MainRoute] current() {
  "active": "Home",
  "available": [
    {
      "id": "Home",
      "active": true
    },
    {
      "id": "Support",
      "active": false
    },
    {
      "id": "Introduction",
      "active": false
    }
  ]
}
[2026-06-01T15:25:51.872Z] [Router:MainRoute] currentPage getter {
  "result": "Home",
  "history": []
}
[2026-06-01T15:25:51.873Z] [Router:MainRoute] current() {
  "active": "Home",
  "available": [
    {
      "id": "Home",
      "active": true
    },
    {
      "id": "Support",
      "active": false
    },
    {
      "id": "Introduction",
      "active": false
    }
  ]
}
[2026-06-01T15:25:51.997Z] [Router:MainRoute] currentPage getter {
  "result": "Home",
  "history": []
}
[2026-06-01T15:25:51.997Z] [Router:MainRoute] current() {
  "active": "Home",
  "available": [
    {
      "id": "Home",
      "active": true
    },
    {
      "id": "Support",
      "active": false
    },
    {
      "id": "Introduction",
      "active": false
    }
  ]
}
[2026-06-01T15:25:52.134Z] [Router:MainRoute] currentPage getter {
  "result": "Home",
  "history": []
}
[2026-06-01T15:25:52.134Z] [Router:MainRoute] current() {
  "active": "Home",
  "available": [
    {
      "id": "Home",
      "active": true
    },
    {
      "id": "Support",
      "active": false
    },
    {
      "id": "Introduction",
      "active": false
    }
  ]
}
[2026-06-01T15:25:52.257Z] [Router:MainRoute] currentPage getter {
  "result": "Home",
  "history": []
}
[2026-06-01T15:25:52.258Z] [Router:MainRoute] current() {
  "active": "Home",
  "available": [
    {
      "id": "Home",
      "active": true
    },
    {
      "id": "Support",
      "active": false
    },
    {
      "id": "Introduction",
      "active": false
    }
  ]
}
[2026-06-01T15:25:52.525Z] [Router:MainRoute] currentPage getter {
  "result": "Home",
  "history": []
}
[2026-06-01T15:25:52.525Z] [Router:MainRoute] currentPage getter {
  "result": "Home",
  "history": []
}
[2026-06-01T15:25:52.525Z] [Router:MainRoute] currentPage getter {
  "result": "Home",
  "history": []
}
[2026-06-01T15:25:52.526Z] [Router:MainRoute] current() {
  "active": "Home",
  "available": [
    {
      "id": "Home",
      "active": true
    },
    {
      "id": "Support",
      "active": false
    },
    {
      "id": "Introduction",
      "active": false
    }
  ]
}
[2026-06-01T15:25:53.970Z] [Router:MainRoute] current() {
  "active": "Home",
  "available": [
    {
      "id": "Home",
      "active": true
    },
    {
      "id": "Support",
      "active": false
    },
    {
      "id": "Introduction",
      "active": false
    }
  ]
}
